titulo,descricao,link,fonte,data_publicacao,fim_inscricao,situacao,valor,programa,acao,tipo_recurso,extras
EDF | Developing tomorrow's defence capabilities,"The EDF supports companies across Member States develop competitive and collaborative defence projects that will deliver innovative and interoperable defence technologies and equipment. It offers support and advice to participants throughout the entire cycle of research and development. The Fund has a budget of nearly €7.3 billion for 2021-2027, with €2.7 billion allocated for collaborative defence research and €5.3 billion for collaborative capability development projects that complement national contributions. The financial support is offered primarily through grants up to 100% of eligible costs contingent on activities involved and a bonus system that considers SMEs, mid-caps, and connection to a PESCO project. The EDF is implemented through annual work programmes structured along 34 thematic and horizontal categories of actions along the objectives set in the Multiannual Financial Framework 2021-2027. The Programme is implemented directly by the Commission. In duly justified cases and in line with the EDF Regulation, the management of a grant can be delegated to an entrusted entity. Identified priorities are aiming at contributing to the security and defence interests of the Union, in line with defence capability priorities agreed by Member States within the framework of the Common Security and Defence Policy (CSDP) and particularly in the context of the Capability Development Plan (CDP), and taking into account, where appropriate, regional priorities and priorities from and international organisations (NATO). The categories of actions structuring the annual work programmes have been designed to cover all military domains and key enabling technologies. Funded projects should enable the European Commission to respond to the needs of Member States while targeting critical capabilities that are essential for the future. The EDF annual work programmes are defined in close cooperation with Member States representatives within the EDF Programme Committee, including the involvement of the European Defence Agency (EDA) and the European External Action Service (EEAS). The EDF builds on earlier initiatives such as the Preparatory Action on Defence Research (PADR) and the European Industrial Development Programme (EDIDP). On 17 December 2025, the Commission adopted the European Defence Fund’s 2026 Annual Work Programme, earmarking €1 billion for collaborative research and development (R&D) in the field of defence. The EDF Work Programme 2026 addresses 31 call topics in total, structured along seven thematic calls for proposals, three non-thematic calls for proposals, one action to focus on threats from hypersonic glide vehicles, and two actions in support of the EU Alliance for defence medical countermeasures. Commonly agreed critical defence capability priorities remain at the forefront, with half of the budget earmarked to support collaborative R&D on major defence capabilities. This includes the development of an EU endo-atmospheric interceptor, a main battle tank, a multiple rocket launcher, and a semi-autonomous vessel. One quarter of the budget is allocated to critical technologies and capabilities in a variety of forward-looking areas, including quantum-secured networks, electronic warfare, multi-domain operations cloud and high-performance energy systems. The last quarter is dedicated to implementing the EU Defence Innovation Scheme (EUDIS), which supports innovation and disruptive technologies for defence applications through targeted",https://defence-industry-space.ec.europa.eu/eu-defence-industry/european-defence-fund-edf-official-webpage-european-commission_bg,European Defence Fund,,,Em andamento,,tecnologias_estrategicas,monitoramento_oportunidades_publicas,fomento_investimento,"{'regiao': '', 'setor_estrategico': 'defesa_industrial', 'subtema': ['eletronica_defesa', 'espaco_defesa', 'pdi_defesa'], 'area_cientifica': ['espaco_defesa'], 'area_tecnologica': ['eletronica_defesa', 'pdi_defesa'], 'tipo_oportunidade': 'programa_pdi', 'empresa_prime': '', 'orgao_contratante': 'European Defence Fund', 'pais': 'EU', 'idioma_original': '', 'titulo_original': '', 'descricao_original': '', 'titulo_traduzido': '', 'descricao_traduzida': '', 'orgao_responsavel': '', 'instituicao': '', 'numero_edital': '', 'numero_chamada': '', 'numero_processo': '', 'codigo_oportunidade': '', 'modalidade': '', 'publico_alvo': '', 'elegibilidade': '', 'objetivo': '', 'escopo': '', 'itens_financiaveis': [], 'itens_nao_financiaveis': [], 'valor_total': '', 'valor_por_projeto': '', 'contrapartida': '', 'prazo_execucao': '', 'cronograma': [], 'documentos': [{'nome': 'Calls for proposals', 'url': 'https://defence-industry-space.ec.europa.eu/funding-opportunities/calls-proposals_en?prefLang=bg'}, {'nome': 'EU Funding & Tenders Portal', 'url': 'https://ec.europa.eu/info/funding-tenders/opportunities/portal/screen/opportunities/calls-for-proposals?order=DESC&pageNumber=1&pageSize=50&sortBy=startDate&isExactMatch=true&status=31094502&frameworkProgramme=44181033'}, {'nome': 'available here.', 'url': 'https://defence-industry-space.ec.europa.eu/document/download/0d816838-609c-4140-a94b-ac75afc0b813_en?filename=EDF%20Info%20days%202026_%20Master%20presentation%20v3.2%20as%20presented%20and%20reviewed.pdf'}, {'nome': 'EDF26 - Gold Hall - Overview of the 2026 calls, including Q&A', 'url': 'https://player.clevercast.com/?account_id=2bK6kL&item_id=AkpYNo'}, {'nome': 'slides', 'url': 'https://defence-industry-space.ec.europa.eu/system/files/2025-04/EDF%20tutorial%20-%20Funding%20rates%20and%20bonus.pdf'}, {'nome': 'slides', 'url': 'https://defence-industry-space.ec.europa.eu/system/files/2025-04/EDF%20tutorial%20-%20Co-financing%20declaration_0.pdf'}, {'nome': 'slides', 'url': 'https://defence-industry-space.ec.europa.eu/system/files/2025-04/EDF%20tutorial%20-%20Type%20of%20grants%20%26%20Funding%20options.pdf'}, {'nome': 'slides', 'url': 'https://defence-industry-space.ec.europa.eu/system/files/2024-05/EDF%20Tutorial%20-%20Cost%20categories.pdf'}, {'nome': 'slides', 'url': 'https://defence-industry-space.ec.europa.eu/system/files/2024-05/EDF%20Tutorial%20-%20Actual%20indirect%20costs.pdf'}, {'nome': 'slides', 'url': 'https://defence-industry-space.ec.europa.eu/document/download/47dc8a4a-464b-4454-bf2d-841754ec747e_en?filename=EDF%20Tutorial%20-%20Detailed%20Budget%20Tables.pdf'}, {'nome': 'slides', 'url': 'https://defence-industry-space.ec.europa.eu/system/files/2025-04/EDF%20tutorial%20-%20Payment%20scheme.pdf'}, {'nome': 'slides', 'url': 'https://defence-industry-space.ec.europa.eu/document/download/ff846d80-34f5-4209-a3bc-e412f44eb682_en?filename=Tutorial%20-%20Reporting%20actual%20costs.pdf'}], 'pdf_url': 'https://defence-industry-space.ec.europa.eu/document/download/0d816838-609c-4140-a94b-ac75afc0b813_en?filename=EDF%20Info%20days%202026_%20Master%20presentation%20v3.2%20as%20presented%20and%20reviewed.pdf', 'pdf_texto_extraido': '', 'pdf_resumo': '', 'data_publicacao_original': '', 'fim_inscricao_original': '', 'prazo_submissao_original': '', 'metodo_extracao': 'html_listing_detail', 'url_listagem': 'https://defence-industry-space.ec.europa.eu/eu-defence-industry/european-defence-fund-edf_en', 'url_detalhe': 'https://defence-industry-space.ec.europa.eu/eu-defence-industry/european-defence-fund-edf-official-webpage-european-commission_bg', 'nivel_sensibilidade': 'publico_institucional', 'contexto_sensivel_detectado': False, 'marcadores_contexto_sensivel': [], 'origem': 'https://defence-industry-space.ec.europa.eu/eu-defence-industry/european-defence-fund-edf-official-webpage-european-commission_bg', 'palavras_chave_detectadas': ['defence', 'electronic warfare', 'grant', 'military'], 'necessita_traducao': False, 'observacoes': '', 'tipo_recurso': 'fomento_investimento', 'natureza_recurso': 'nao_reembolsavel', 'reembolsavel': False}"
esespañol,esespañol,https://defence-industry-space.ec.europa.eu/eu-defence-industry/european-defence-fund-edf-official-webpage-european-commission_es,European Defence Fund,,,Em andamento,,tecnologias_estrategicas,monitoramento_oportunidades_publicas,contratacao_publica,"{'regiao': '', 'setor_estrategico': 'defesa_industrial', 'subtema': [], 'area_cientifica': [], 'area_tecnologica': [], 'tipo_oportunidade': 'noticia_institucional', 'empresa_prime': '', 'orgao_contratante': 'European Defence Fund', 'pais': 'EU', 'idioma_original': '', 'titulo_original': '', 'descricao_original': '', 'titulo_traduzido': '', 'descricao_traduzida': '', 'orgao_responsavel': '', 'instituicao': '', 'numero_edital': '', 'numero_chamada': '', 'numero_processo': '', 'codigo_oportunidade': '', 'modalidade': '', 'publico_alvo': '', 'elegibilidade': '', 'objetivo': '', 'escopo': '', 'itens_financiaveis': [], 'itens_nao_financiaveis': [], 'valor_total': '', 'valor_por_projeto': '', 'contrapartida': '', 'prazo_execucao': '', 'cronograma': [], 'documentos': [], 'pdf_url': '', 'pdf_texto_extraido': '', 'pdf_resumo': '', 'data_publicacao_original': '', 'fim_inscricao_original': '', 'prazo_submissao_original': '', 'metodo_extracao': 'html_listing_detail', 'url_listagem': 'https://defence-industry-space.ec.europa.eu/eu-defence-industry/european-defence-fund-edf_en', 'url_detalhe': 'https://defence-industry-space.ec.europa.eu/eu-defence-industry/european-defence-fund-edf-official-webpage-european-commission_es', 'nivel_sensibilidade': 'publico_institucional', 'contexto_sensivel_detectado': False, 'marcadores_contexto_sensivel': [], 'origem': 'https://defence-industry-space.ec.europa.eu/eu-defence-industry/european-defence-fund-edf-official-webpage-european-commission_es', 'palavras_chave_detectadas': [], 'necessita_traducao': False, 'observacoes': '', 'tipo_recurso': 'contratacao_publica', 'natureza_recurso': 'contratual', 'reembolsavel': None}"
csčeština,csčeština,https://defence-industry-space.ec.europa.eu/eu-defence-industry/european-defence-fund-edf-official-webpage-european-commission_cs,European Defence Fund,,,Em andamento,,tecnologias_estrategicas,monitoramento_oportunidades_publicas,contratacao_publica,"{'regiao': '', 'setor_estrategico': 'defesa_industrial', 'subtema': [], 'area_cientifica': [], 'area_tecnologica': [], 'tipo_oportunidade': 'noticia_institucional', 'empresa_prime': '', 'orgao_contratante': 'European Defence Fund', 'pais': 'EU', 'idioma_original': '', 'titulo_original': '', 'descricao_original': '', 'titulo_traduzido': '', 'descricao_traduzida': '', 'orgao_responsavel': '', 'instituicao': '', 'numero_edital': '', 'numero_chamada': '', 'numero_processo': '', 'codigo_oportunidade': '', 'modalidade': '', 'publico_alvo': '', 'elegibilidade': '', 'objetivo': '', 'escopo': '', 'itens_financiaveis': [], 'itens_nao_financiaveis': [], 'valor_total': '', 'valor_por_projeto': '', 'contrapartida': '', 'prazo_execucao': '', 'cronograma': [], 'documentos': [], 'pdf_url': '', 'pdf_texto_extraido': '', 'pdf_resumo': '', 'data_publicacao_original': '', 'fim_inscricao_original': '', 'prazo_submissao_original': '', 'metodo_extracao': 'html_listing_detail', 'url_listagem': 'https://defence-industry-space.ec.europa.eu/eu-defence-industry/european-defence-fund-edf_en', 'url_detalhe': 'https://defence-industry-space.ec.europa.eu/eu-defence-industry/european-defence-fund-edf-official-webpage-european-commission_cs', 'nivel_sensibilidade': 'publico_institucional', 'contexto_sensivel_detectado': False, 'marcadores_contexto_sensivel': [], 'origem': 'https://defence-industry-space.ec.europa.eu/eu-defence-industry/european-defence-fund-edf-official-webpage-european-commission_cs', 'palavras_chave_detectadas': [], 'necessita_traducao': False, 'observacoes': '', 'tipo_recurso': 'contratacao_publica', 'natureza_recurso': 'contratual', 'reembolsavel': None}"
dadansk,dadansk,https://defence-industry-space.ec.europa.eu/eu-defence-industry/european-defence-fund-edf-official-webpage-european-commission_da,European Defence Fund,,,Em andamento,,tecnologias_estrategicas,monitoramento_oportunidades_publicas,contratacao_publica,"{'regiao': '', 'setor_estrategico': 'defesa_industrial', 'subtema': [], 'area_cientifica': [], 'area_tecnologica': [], 'tipo_oportunidade': 'noticia_institucional', 'empresa_prime': '', 'orgao_contratante': 'European Defence Fund', 'pais': 'EU', 'idioma_original': '', 'titulo_original': '', 'descricao_original': '', 'titulo_traduzido': '', 'descricao_traduzida': '', 'orgao_responsavel': '', 'instituicao': '', 'numero_edital': '', 'numero_chamada': '', 'numero_processo': '', 'codigo_oportunidade': '', 'modalidade': '', 'publico_alvo': '', 'elegibilidade': '', 'objetivo': '', 'escopo': '', 'itens_financiaveis': [], 'itens_nao_financiaveis': [], 'valor_total': '', 'valor_por_projeto': '', 'contrapartida': '', 'prazo_execucao': '', 'cronograma': [], 'documentos': [], 'pdf_url': '', 'pdf_texto_extraido': '', 'pdf_resumo': '', 'data_publicacao_original': '', 'fim_inscricao_original': '', 'prazo_submissao_original': '', 'metodo_extracao': 'html_listing_detail', 'url_listagem': 'https://defence-industry-space.ec.europa.eu/eu-defence-industry/european-defence-fund-edf_en', 'url_detalhe': 'https://defence-industry-space.ec.europa.eu/eu-defence-industry/european-defence-fund-edf-official-webpage-european-commission_da', 'nivel_sensibilidade': 'publico_institucional', 'contexto_sensivel_detectado': False, 'marcadores_contexto_sensivel': [], 'origem': 'https://defence-industry-space.ec.europa.eu/eu-defence-industry/european-defence-fund-edf-official-webpage-european-commission_da', 'palavras_chave_detectadas': [], 'necessita_traducao': False, 'observacoes': '', 'tipo_recurso': 'contratacao_publica', 'natureza_recurso': 'contratual', 'reembolsavel': None}"
deDeutsch,deDeutsch,https://defence-industry-space.ec.europa.eu/eu-defence-industry/european-defence-fund-edf-official-webpage-european-commission_de,European Defence Fund,,,Em andamento,,tecnologias_estrategicas,monitoramento_oportunidades_publicas,contratacao_publica,"{'regiao': '', 'setor_estrategico': 'defesa_industrial', 'subtema': [], 'area_cientifica': [], 'area_tecnologica': [], 'tipo_oportunidade': 'noticia_institucional', 'empresa_prime': '', 'orgao_contratante': 'European Defence Fund', 'pais': 'EU', 'idioma_original': '', 'titulo_original': '', 'descricao_original': '', 'titulo_traduzido': '', 'descricao_traduzida': '', 'orgao_responsavel': '', 'instituicao': '', 'numero_edital': '', 'numero_chamada': '', 'numero_processo': '', 'codigo_oportunidade': '', 'modalidade': '', 'publico_alvo': '', 'elegibilidade': '', 'objetivo': '', 'escopo': '', 'itens_financiaveis': [], 'itens_nao_financiaveis': [], 'valor_total': '', 'valor_por_projeto': '', 'contrapartida': '', 'prazo_execucao': '', 'cronograma': [], 'documentos': [], 'pdf_url': '', 'pdf_texto_extraido': '', 'pdf_resumo': '', 'data_publicacao_original': '', 'fim_inscricao_original': '', 'prazo_submissao_original': '', 'metodo_extracao': 'html_listing_detail', 'url_listagem': 'https://defence-industry-space.ec.europa.eu/eu-defence-industry/european-defence-fund-edf_en', 'url_detalhe': 'https://defence-industry-space.ec.europa.eu/eu-defence-industry/european-defence-fund-edf-official-webpage-european-commission_de', 'nivel_sensibilidade': 'publico_institucional', 'contexto_sensivel_detectado': False, 'marcadores_contexto_sensivel': [], 'origem': 'https://defence-industry-space.ec.europa.eu/eu-defence-industry/european-defence-fund-edf-official-webpage-european-commission_de', 'palavras_chave_detectadas': [], 'necessita_traducao': False, 'observacoes': '', 'tipo_recurso': 'contratacao_publica', 'natureza_recurso': 'contratual', 'reembolsavel': None}"
eteesti,eteesti,https://defence-industry-space.ec.europa.eu/eu-defence-industry/european-defence-fund-edf-official-webpage-european-commission_et,European Defence Fund,,,Em andamento,,tecnologias_estrategicas,monitoramento_oportunidades_publicas,contratacao_publica,"{'regiao': '', 'setor_estrategico': 'defesa_industrial', 'subtema': [], 'area_cientifica': [], 'area_tecnologica': [], 'tipo_oportunidade': 'noticia_institucional', 'empresa_prime': '', 'orgao_contratante': 'European Defence Fund', 'pais': 'EU', 'idioma_original': '', 'titulo_original': '', 'descricao_original': '', 'titulo_traduzido': '', 'descricao_traduzida': '', 'orgao_responsavel': '', 'instituicao': '', 'numero_edital': '', 'numero_chamada': '', 'numero_processo': '', 'codigo_oportunidade': '', 'modalidade': '', 'publico_alvo': '', 'elegibilidade': '', 'objetivo': '', 'escopo': '', 'itens_financiaveis': [], 'itens_nao_financiaveis': [], 'valor_total': '', 'valor_por_projeto': '', 'contrapartida': '', 'prazo_execucao': '', 'cronograma': [], 'documentos': [], 'pdf_url': '', 'pdf_texto_extraido': '', 'pdf_resumo': '', 'data_publicacao_original': '', 'fim_inscricao_original': '', 'prazo_submissao_original': '', 'metodo_extracao': 'html_listing_detail', 'url_listagem': 'https://defence-industry-space.ec.europa.eu/eu-defence-industry/european-defence-fund-edf_en', 'url_detalhe': 'https://defence-industry-space.ec.europa.eu/eu-defence-industry/european-defence-fund-edf-official-webpage-european-commission_et', 'nivel_sensibilidade': 'publico_institucional', 'contexto_sensivel_detectado': False, 'marcadores_contexto_sensivel': [], 'origem': 'https://defence-industry-space.ec.europa.eu/eu-defence-industry/european-defence-fund-edf-official-webpage-european-commission_et', 'palavras_chave_detectadas': [], 'necessita_traducao': False, 'observacoes': '', 'tipo_recurso': 'contratacao_publica', 'natureza_recurso': 'contratual', 'reembolsavel': None}"
EDF | Developing tomorrow's defence capabilities,"The EDF supports companies across Member States develop competitive and collaborative defence projects that will deliver innovative and interoperable defence technologies and equipment. It offers support and advice to participants throughout the entire cycle of research and development. The Fund has a budget of nearly €7.3 billion for 2021-2027, with €2.7 billion allocated for collaborative defence research and €5.3 billion for collaborative capability development projects that complement national contributions. The financial support is offered primarily through grants up to 100% of eligible costs contingent on activities involved and a bonus system that considers SMEs, mid-caps, and connection to a PESCO project. The EDF is implemented through annual work programmes structured along 34 thematic and horizontal categories of actions along the objectives set in the Multiannual Financial Framework 2021-2027. The Programme is implemented directly by the Commission. In duly justified cases and in line with the EDF Regulation, the management of a grant can be delegated to an entrusted entity. Identified priorities are aiming at contributing to the security and defence interests of the Union, in line with defence capability priorities agreed by Member States within the framework of the Common Security and Defence Policy (CSDP) and particularly in the context of the Capability Development Plan (CDP), and taking into account, where appropriate, regional priorities and priorities from and international organisations (NATO). The categories of actions structuring the annual work programmes have been designed to cover all military domains and key enabling technologies. Funded projects should enable the European Commission to respond to the needs of Member States while targeting critical capabilities that are essential for the future. The EDF annual work programmes are defined in close cooperation with Member States representatives within the EDF Programme Committee, including the involvement of the European Defence Agency (EDA) and the European External Action Service (EEAS). The EDF builds on earlier initiatives such as the Preparatory Action on Defence Research (PADR) and the European Industrial Development Programme (EDIDP). On 17 December 2025, the Commission adopted the European Defence Fund’s 2026 Annual Work Programme, earmarking €1 billion for collaborative research and development (R&D) in the field of defence. The EDF Work Programme 2026 addresses 31 call topics in total, structured along seven thematic calls for proposals, three non-thematic calls for proposals, one action to focus on threats from hypersonic glide vehicles, and two actions in support of the EU Alliance for defence medical countermeasures. Commonly agreed critical defence capability priorities remain at the forefront, with half of the budget earmarked to support collaborative R&D on major defence capabilities. This includes the development of an EU endo-atmospheric interceptor, a main battle tank, a multiple rocket launcher, and a semi-autonomous vessel. One quarter of the budget is allocated to critical technologies and capabilities in a variety of forward-looking areas, including quantum-secured networks, electronic warfare, multi-domain operations cloud and high-performance energy systems. The last quarter is dedicated to implementing the EU Defence Innovation Scheme (EUDIS), which supports innovation and disruptive technologies for defence applications through targeted",https://defence-industry-space.ec.europa.eu/eu-defence-industry/european-defence-fund-edf-official-webpage-european-commission_el,European Defence Fund,,,Em andamento,,tecnologias_estrategicas,monitoramento_oportunidades_publicas,fomento_investimento,"{'regiao': '', 'setor_estrategico': 'defesa_industrial', 'subtema': ['eletronica_defesa', 'espaco_defesa', 'pdi_defesa'], 'area_cientifica': ['espaco_defesa'], 'area_tecnologica': ['eletronica_defesa', 'pdi_defesa'], 'tipo_oportunidade': 'programa_pdi', 'empresa_prime': '', 'orgao_contratante': 'European Defence Fund', 'pais': 'EU', 'idioma_original': '', 'titulo_original': '', 'descricao_original': '', 'titulo_traduzido': '', 'descricao_traduzida': '', 'orgao_responsavel': '', 'instituicao': '', 'numero_edital': '', 'numero_chamada': '', 'numero_processo': '', 'codigo_oportunidade': '', 'modalidade': '', 'publico_alvo': '', 'elegibilidade': '', 'objetivo': '', 'escopo': '', 'itens_financiaveis': [], 'itens_nao_financiaveis': [], 'valor_total': '', 'valor_por_projeto': '', 'contrapartida': '', 'prazo_execucao': '', 'cronograma': [], 'documentos': [{'nome': 'Calls for proposals', 'url': 'https://defence-industry-space.ec.europa.eu/funding-opportunities/calls-proposals_en?prefLang=el'}, {'nome': 'EU Funding & Tenders Portal', 'url': 'https://ec.europa.eu/info/funding-tenders/opportunities/portal/screen/opportunities/calls-for-proposals?order=DESC&pageNumber=1&pageSize=50&sortBy=startDate&isExactMatch=true&status=31094502&frameworkProgramme=44181033'}, {'nome': 'available here.', 'url': 'https://defence-industry-space.ec.europa.eu/document/download/0d816838-609c-4140-a94b-ac75afc0b813_en?filename=EDF%20Info%20days%202026_%20Master%20presentation%20v3.2%20as%20presented%20and%20reviewed.pdf'}, {'nome': 'EDF26 - Gold Hall - Overview of the 2026 calls, including Q&A', 'url': 'https://player.clevercast.com/?account_id=2bK6kL&item_id=AkpYNo'}, {'nome': 'slides', 'url': 'https://defence-industry-space.ec.europa.eu/system/files/2025-04/EDF%20tutorial%20-%20Funding%20rates%20and%20bonus.pdf'}, {'nome': 'slides', 'url': 'https://defence-industry-space.ec.europa.eu/system/files/2025-04/EDF%20tutorial%20-%20Co-financing%20declaration_0.pdf'}, {'nome': 'slides', 'url': 'https://defence-industry-space.ec.europa.eu/system/files/2025-04/EDF%20tutorial%20-%20Type%20of%20grants%20%26%20Funding%20options.pdf'}, {'nome': 'slides', 'url': 'https://defence-industry-space.ec.europa.eu/system/files/2024-05/EDF%20Tutorial%20-%20Cost%20categories.pdf'}, {'nome': 'slides', 'url': 'https://defence-industry-space.ec.europa.eu/system/files/2024-05/EDF%20Tutorial%20-%20Actual%20indirect%20costs.pdf'}, {'nome': 'slides', 'url': 'https://defence-industry-space.ec.europa.eu/document/download/47dc8a4a-464b-4454-bf2d-841754ec747e_en?filename=EDF%20Tutorial%20-%20Detailed%20Budget%20Tables.pdf'}, {'nome': 'slides', 'url': 'https://defence-industry-space.ec.europa.eu/system/files/2025-04/EDF%20tutorial%20-%20Payment%20scheme.pdf'}, {'nome': 'slides', 'url': 'https://defence-industry-space.ec.europa.eu/document/download/ff846d80-34f5-4209-a3bc-e412f44eb682_en?filename=Tutorial%20-%20Reporting%20actual%20costs.pdf'}], 'pdf_url': 'https://defence-industry-space.ec.europa.eu/document/download/0d816838-609c-4140-a94b-ac75afc0b813_en?filename=EDF%20Info%20days%202026_%20Master%20presentation%20v3.2%20as%20presented%20and%20reviewed.pdf', 'pdf_texto_extraido': '', 'pdf_resumo': '', 'data_publicacao_original': '', 'fim_inscricao_original': '', 'prazo_submissao_original': '', 'metodo_extracao': 'html_listing_detail', 'url_listagem': 'https://defence-industry-space.ec.europa.eu/eu-defence-industry/european-defence-fund-edf_en', 'url_detalhe': 'https://defence-industry-space.ec.europa.eu/eu-defence-industry/european-defence-fund-edf-official-webpage-european-commission_el', 'nivel_sensibilidade': 'publico_institucional', 'contexto_sensivel_detectado': False, 'marcadores_contexto_sensivel': [], 'origem': 'https://defence-industry-space.ec.europa.eu/eu-defence-industry/european-defence-fund-edf-official-webpage-european-commission_el', 'palavras_chave_detectadas': ['defence', 'electronic warfare', 'grant', 'military'], 'necessita_traducao': False, 'observacoes': '', 'tipo_recurso': 'fomento_investimento', 'natureza_recurso': 'nao_reembolsavel', 'reembolsavel': False}"
EDF | Developing tomorrow's defence capabilities,"The EDF supports companies across Member States develop competitive and collaborative defence projects that will deliver innovative and interoperable defence technologies and equipment. It offers support and advice to participants throughout the entire cycle of research and development. The Fund has a budget of nearly €7.3 billion for 2021-2027, with €2.7 billion allocated for collaborative defence research and €5.3 billion for collaborative capability development projects that complement national contributions. The financial support is offered primarily through grants up to 100% of eligible costs contingent on activities involved and a bonus system that considers SMEs, mid-caps, and connection to a PESCO project. The EDF is implemented through annual work programmes structured along 34 thematic and horizontal categories of actions along the objectives set in the Multiannual Financial Framework 2021-2027. The Programme is implemented directly by the Commission. In duly justified cases and in line with the EDF Regulation, the management of a grant can be delegated to an entrusted entity. Identified priorities are aiming at contributing to the security and defence interests of the Union, in line with defence capability priorities agreed by Member States within the framework of the Common Security and Defence Policy (CSDP) and particularly in the context of the Capability Development Plan (CDP), and taking into account, where appropriate, regional priorities and priorities from and international organisations (NATO). The categories of actions structuring the annual work programmes have been designed to cover all military domains and key enabling technologies. Funded projects should enable the European Commission to respond to the needs of Member States while targeting critical capabilities that are essential for the future. The EDF annual work programmes are defined in close cooperation with Member States representatives within the EDF Programme Committee, including the involvement of the European Defence Agency (EDA) and the European External Action Service (EEAS). The EDF builds on earlier initiatives such as the Preparatory Action on Defence Research (PADR) and the European Industrial Development Programme (EDIDP). On 17 December 2025, the Commission adopted the European Defence Fund’s 2026 Annual Work Programme, earmarking €1 billion for collaborative research and development (R&D) in the field of defence. The EDF Work Programme 2026 addresses 31 call topics in total, structured along seven thematic calls for proposals, three non-thematic calls for proposals, one action to focus on threats from hypersonic glide vehicles, and two actions in support of the EU Alliance for defence medical countermeasures. Commonly agreed critical defence capability priorities remain at the forefront, with half of the budget earmarked to support collaborative R&D on major defence capabilities. This includes the development of an EU endo-atmospheric interceptor, a main battle tank, a multiple rocket launcher, and a semi-autonomous vessel. One quarter of the budget is allocated to critical technologies and capabilities in a variety of forward-looking areas, including quantum-secured networks, electronic warfare, multi-domain operations cloud and high-performance energy systems. The last quarter is dedicated to implementing the EU Defence Innovation Scheme (EUDIS), which supports innovation and disruptive technologies for defence applications through targeted",https://defence-industry-space.ec.europa.eu/eu-defence-industry/european-defence-fund-edf-official-webpage-european-commission_en,European Defence Fund,,,Em andamento,,tecnologias_estrategicas,monitoramento_oportunidades_publicas,fomento_investimento,"{'regiao': '', 'setor_estrategico': 'defesa_industrial', 'subtema': ['eletronica_defesa', 'espaco_defesa', 'pdi_defesa'], 'area_cientifica': ['espaco_defesa'], 'area_tecnologica': ['eletronica_defesa', 'pdi_defesa'], 'tipo_oportunidade': 'programa_pdi', 'empresa_prime': '', 'orgao_contratante': 'European Defence Fund', 'pais': 'EU', 'idioma_original': '', 'titulo_original': '', 'descricao_original': '', 'titulo_traduzido': '', 'descricao_traduzida': '', 'orgao_responsavel': '', 'instituicao': '', 'numero_edital': '', 'numero_chamada': '', 'numero_processo': '', 'codigo_oportunidade': '', 'modalidade': '', 'publico_alvo': '', 'elegibilidade': '', 'objetivo': '', 'escopo': '', 'itens_financiaveis': [], 'itens_nao_financiaveis': [], 'valor_total': '', 'valor_por_projeto': '', 'contrapartida': '', 'prazo_execucao': '', 'cronograma': [], 'documentos': [{'nome': 'Calls for proposals', 'url': 'https://defence-industry-space.ec.europa.eu/funding-opportunities/calls-proposals_en'}, {'nome': 'EU Funding & Tenders Portal', 'url': 'https://ec.europa.eu/info/funding-tenders/opportunities/portal/screen/opportunities/calls-for-proposals?order=DESC&pageNumber=1&pageSize=50&sortBy=startDate&isExactMatch=true&status=31094502&frameworkProgramme=44181033'}, {'nome': 'available here.', 'url': 'https://defence-industry-space.ec.europa.eu/document/download/0d816838-609c-4140-a94b-ac75afc0b813_en?filename=EDF%20Info%20days%202026_%20Master%20presentation%20v3.2%20as%20presented%20and%20reviewed.pdf'}, {'nome': 'EDF26 - Gold Hall - Overview of the 2026 calls, including Q&A', 'url': 'https://player.clevercast.com/?account_id=2bK6kL&item_id=AkpYNo'}, {'nome': 'slides', 'url': 'https://defence-industry-space.ec.europa.eu/system/files/2025-04/EDF%20tutorial%20-%20Funding%20rates%20and%20bonus.pdf'}, {'nome': 'slides', 'url': 'https://defence-industry-space.ec.europa.eu/system/files/2025-04/EDF%20tutorial%20-%20Co-financing%20declaration_0.pdf'}, {'nome': 'slides', 'url': 'https://defence-industry-space.ec.europa.eu/system/files/2025-04/EDF%20tutorial%20-%20Type%20of%20grants%20%26%20Funding%20options.pdf'}, {'nome': 'slides', 'url': 'https://defence-industry-space.ec.europa.eu/system/files/2024-05/EDF%20Tutorial%20-%20Cost%20categories.pdf'}, {'nome': 'slides', 'url': 'https://defence-industry-space.ec.europa.eu/system/files/2024-05/EDF%20Tutorial%20-%20Actual%20indirect%20costs.pdf'}, {'nome': 'slides', 'url': 'https://defence-industry-space.ec.europa.eu/document/download/47dc8a4a-464b-4454-bf2d-841754ec747e_en?filename=EDF%20Tutorial%20-%20Detailed%20Budget%20Tables.pdf'}, {'nome': 'slides', 'url': 'https://defence-industry-space.ec.europa.eu/system/files/2025-04/EDF%20tutorial%20-%20Payment%20scheme.pdf'}, {'nome': 'slides', 'url': 'https://defence-industry-space.ec.europa.eu/document/download/ff846d80-34f5-4209-a3bc-e412f44eb682_en?filename=Tutorial%20-%20Reporting%20actual%20costs.pdf'}], 'pdf_url': 'https://defence-industry-space.ec.europa.eu/document/download/0d816838-609c-4140-a94b-ac75afc0b813_en?filename=EDF%20Info%20days%202026_%20Master%20presentation%20v3.2%20as%20presented%20and%20reviewed.pdf', 'pdf_texto_extraido': '', 'pdf_resumo': '', 'data_publicacao_original': '', 'fim_inscricao_original': '', 'prazo_submissao_original': '', 'metodo_extracao': 'html_listing_detail', 'url_listagem': 'https://defence-industry-space.ec.europa.eu/eu-defence-industry/european-defence-fund-edf_en', 'url_detalhe': 'https://defence-industry-space.ec.europa.eu/eu-defence-industry/european-defence-fund-edf-official-webpage-european-commission_en', 'nivel_sensibilidade': 'publico_institucional', 'contexto_sensivel_detectado': False, 'marcadores_contexto_sensivel': [], 'origem': 'https://defence-industry-space.ec.europa.eu/eu-defence-industry/european-defence-fund-edf-official-webpage-european-commission_en', 'palavras_chave_detectadas': ['defence', 'electronic warfare', 'grant', 'military'], 'necessita_traducao': False, 'observacoes': '', 'tipo_recurso': 'fomento_investimento', 'natureza_recurso': 'nao_reembolsavel', 'reembolsavel': False}"
frfrançais,frfrançais,https://defence-industry-space.ec.europa.eu/eu-defence-industry/european-defence-fund-edf-official-webpage-european-commission_fr,European Defence Fund,,,Em andamento,,tecnologias_estrategicas,monitoramento_oportunidades_publicas,contratacao_publica,"{'regiao': '', 'setor_estrategico': 'defesa_industrial', 'subtema': [], 'area_cientifica': [], 'area_tecnologica': [], 'tipo_oportunidade': 'noticia_institucional', 'empresa_prime': '', 'orgao_contratante': 'European Defence Fund', 'pais': 'EU', 'idioma_original': '', 'titulo_original': '', 'descricao_original': '', 'titulo_traduzido': '', 'descricao_traduzida': '', 'orgao_responsavel': '', 'instituicao': '', 'numero_edital': '', 'numero_chamada': '', 'numero_processo': '', 'codigo_oportunidade': '', 'modalidade': '', 'publico_alvo': '', 'elegibilidade': '', 'objetivo': '', 'escopo': '', 'itens_financiaveis': [], 'itens_nao_financiaveis': [], 'valor_total': '', 'valor_por_projeto': '', 'contrapartida': '', 'prazo_execucao': '', 'cronograma': [], 'documentos': [], 'pdf_url': '', 'pdf_texto_extraido': '', 'pdf_resumo': '', 'data_publicacao_original': '', 'fim_inscricao_original': '', 'prazo_submissao_original': '', 'metodo_extracao': 'html_listing_detail', 'url_listagem': 'https://defence-industry-space.ec.europa.eu/eu-defence-industry/european-defence-fund-edf_en', 'url_detalhe': 'https://defence-industry-space.ec.europa.eu/eu-defence-industry/european-defence-fund-edf-official-webpage-european-commission_fr', 'nivel_sensibilidade': 'publico_institucional', 'contexto_sensivel_detectado': False, 'marcadores_contexto_sensivel': [], 'origem': 'https://defence-industry-space.ec.europa.eu/eu-defence-industry/european-defence-fund-edf-official-webpage-european-commission_fr', 'palavras_chave_detectadas': [], 'necessita_traducao': False, 'observacoes': '', 'tipo_recurso': 'contratacao_publica', 'natureza_recurso': 'contratual', 'reembolsavel': None}"
EDF | Developing tomorrow's defence capabilities,"The EDF supports companies across Member States develop competitive and collaborative defence projects that will deliver innovative and interoperable defence technologies and equipment. It offers support and advice to participants throughout the entire cycle of research and development. The Fund has a budget of nearly €7.3 billion for 2021-2027, with €2.7 billion allocated for collaborative defence research and €5.3 billion for collaborative capability development projects that complement national contributions. The financial support is offered primarily through grants up to 100% of eligible costs contingent on activities involved and a bonus system that considers SMEs, mid-caps, and connection to a PESCO project. The EDF is implemented through annual work programmes structured along 34 thematic and horizontal categories of actions along the objectives set in the Multiannual Financial Framework 2021-2027. The Programme is implemented directly by the Commission. In duly justified cases and in line with the EDF Regulation, the management of a grant can be delegated to an entrusted entity. Identified priorities are aiming at contributing to the security and defence interests of the Union, in line with defence capability priorities agreed by Member States within the framework of the Common Security and Defence Policy (CSDP) and particularly in the context of the Capability Development Plan (CDP), and taking into account, where appropriate, regional priorities and priorities from and international organisations (NATO). The categories of actions structuring the annual work programmes have been designed to cover all military domains and key enabling technologies. Funded projects should enable the European Commission to respond to the needs of Member States while targeting critical capabilities that are essential for the future. The EDF annual work programmes are defined in close cooperation with Member States representatives within the EDF Programme Committee, including the involvement of the European Defence Agency (EDA) and the European External Action Service (EEAS). The EDF builds on earlier initiatives such as the Preparatory Action on Defence Research (PADR) and the European Industrial Development Programme (EDIDP). On 17 December 2025, the Commission adopted the European Defence Fund’s 2026 Annual Work Programme, earmarking €1 billion for collaborative research and development (R&D) in the field of defence. The EDF Work Programme 2026 addresses 31 call topics in total, structured along seven thematic calls for proposals, three non-thematic calls for proposals, one action to focus on threats from hypersonic glide vehicles, and two actions in support of the EU Alliance for defence medical countermeasures. Commonly agreed critical defence capability priorities remain at the forefront, with half of the budget earmarked to support collaborative R&D on major defence capabilities. This includes the development of an EU endo-atmospheric interceptor, a main battle tank, a multiple rocket launcher, and a semi-autonomous vessel. One quarter of the budget is allocated to critical technologies and capabilities in a variety of forward-looking areas, including quantum-secured networks, electronic warfare, multi-domain operations cloud and high-performance energy systems. The last quarter is dedicated to implementing the EU Defence Innovation Scheme (EUDIS), which supports innovation and disruptive technologies for defence applications through targeted",https://defence-industry-space.ec.europa.eu/eu-defence-industry/european-defence-fund-edf-official-webpage-european-commission_ga,European Defence Fund,,,Em andamento,,tecnologias_estrategicas,monitoramento_oportunidades_publicas,fomento_investimento,"{'regiao': '', 'setor_estrategico': 'defesa_industrial', 'subtema': ['eletronica_defesa', 'espaco_defesa', 'pdi_defesa'], 'area_cientifica': ['espaco_defesa'], 'area_tecnologica': ['eletronica_defesa', 'pdi_defesa'], 'tipo_oportunidade': 'programa_pdi', 'empresa_prime': '', 'orgao_contratante': 'European Defence Fund', 'pais': 'EU', 'idioma_original': '', 'titulo_original': '', 'descricao_original': '', 'titulo_traduzido': '', 'descricao_traduzida': '', 'orgao_responsavel': '', 'instituicao': '', 'numero_edital': '', 'numero_chamada': '', 'numero_processo': '', 'codigo_oportunidade': '', 'modalidade': '', 'publico_alvo': '', 'elegibilidade': '', 'objetivo': '', 'escopo': '', 'itens_financiaveis': [], 'itens_nao_financiaveis': [], 'valor_total': '', 'valor_por_projeto': '', 'contrapartida': '', 'prazo_execucao': '', 'cronograma': [], 'documentos': [{'nome': 'Calls for proposals', 'url': 'https://defence-industry-space.ec.europa.eu/funding-opportunities/calls-proposals_en?prefLang=ga'}, {'nome': 'EU Funding & Tenders Portal', 'url': 'https://ec.europa.eu/info/funding-tenders/opportunities/portal/screen/opportunities/calls-for-proposals?order=DESC&pageNumber=1&pageSize=50&sortBy=startDate&isExactMatch=true&status=31094502&frameworkProgramme=44181033'}, {'nome': 'available here.', 'url': 'https://defence-industry-space.ec.europa.eu/document/download/0d816838-609c-4140-a94b-ac75afc0b813_en?filename=EDF%20Info%20days%202026_%20Master%20presentation%20v3.2%20as%20presented%20and%20reviewed.pdf'}, {'nome': 'EDF26 - Gold Hall - Overview of the 2026 calls, including Q&A', 'url': 'https://player.clevercast.com/?account_id=2bK6kL&item_id=AkpYNo'}, {'nome': 'slides', 'url': 'https://defence-industry-space.ec.europa.eu/system/files/2025-04/EDF%20tutorial%20-%20Funding%20rates%20and%20bonus.pdf'}, {'nome': 'slides', 'url': 'https://defence-industry-space.ec.europa.eu/system/files/2025-04/EDF%20tutorial%20-%20Co-financing%20declaration_0.pdf'}, {'nome': 'slides', 'url': 'https://defence-industry-space.ec.europa.eu/system/files/2025-04/EDF%20tutorial%20-%20Type%20of%20grants%20%26%20Funding%20options.pdf'}, {'nome': 'slides', 'url': 'https://defence-industry-space.ec.europa.eu/system/files/2024-05/EDF%20Tutorial%20-%20Cost%20categories.pdf'}, {'nome': 'slides', 'url': 'https://defence-industry-space.ec.europa.eu/system/files/2024-05/EDF%20Tutorial%20-%20Actual%20indirect%20costs.pdf'}, {'nome': 'slides', 'url': 'https://defence-industry-space.ec.europa.eu/document/download/47dc8a4a-464b-4454-bf2d-841754ec747e_en?filename=EDF%20Tutorial%20-%20Detailed%20Budget%20Tables.pdf'}, {'nome': 'slides', 'url': 'https://defence-industry-space.ec.europa.eu/system/files/2025-04/EDF%20tutorial%20-%20Payment%20scheme.pdf'}, {'nome': 'slides', 'url': 'https://defence-industry-space.ec.europa.eu/document/download/ff846d80-34f5-4209-a3bc-e412f44eb682_en?filename=Tutorial%20-%20Reporting%20actual%20costs.pdf'}], 'pdf_url': 'https://defence-industry-space.ec.europa.eu/document/download/0d816838-609c-4140-a94b-ac75afc0b813_en?filename=EDF%20Info%20days%202026_%20Master%20presentation%20v3.2%20as%20presented%20and%20reviewed.pdf', 'pdf_texto_extraido': '', 'pdf_resumo': '', 'data_publicacao_original': '', 'fim_inscricao_original': '', 'prazo_submissao_original': '', 'metodo_extracao': 'html_listing_detail', 'url_listagem': 'https://defence-industry-space.ec.europa.eu/eu-defence-industry/european-defence-fund-edf_en', 'url_detalhe': 'https://defence-industry-space.ec.europa.eu/eu-defence-industry/european-defence-fund-edf-official-webpage-european-commission_ga', 'nivel_sensibilidade': 'publico_institucional', 'contexto_sensivel_detectado': False, 'marcadores_contexto_sensivel': [], 'origem': 'https://defence-industry-space.ec.europa.eu/eu-defence-industry/european-defence-fund-edf-official-webpage-european-commission_ga', 'palavras_chave_detectadas': ['defence', 'electronic warfare', 'grant', 'military'], 'necessita_traducao': False, 'observacoes': '', 'tipo_recurso': 'fomento_investimento', 'natureza_recurso': 'nao_reembolsavel', 'reembolsavel': False}"
EDF | Developing tomorrow's defence capabilities,"The EDF supports companies across Member States develop competitive and collaborative defence projects that will deliver innovative and interoperable defence technologies and equipment. It offers support and advice to participants throughout the entire cycle of research and development. The Fund has a budget of nearly €7.3 billion for 2021-2027, with €2.7 billion allocated for collaborative defence research and €5.3 billion for collaborative capability development projects that complement national contributions. The financial support is offered primarily through grants up to 100% of eligible costs contingent on activities involved and a bonus system that considers SMEs, mid-caps, and connection to a PESCO project. The EDF is implemented through annual work programmes structured along 34 thematic and horizontal categories of actions along the objectives set in the Multiannual Financial Framework 2021-2027. The Programme is implemented directly by the Commission. In duly justified cases and in line with the EDF Regulation, the management of a grant can be delegated to an entrusted entity. Identified priorities are aiming at contributing to the security and defence interests of the Union, in line with defence capability priorities agreed by Member States within the framework of the Common Security and Defence Policy (CSDP) and particularly in the context of the Capability Development Plan (CDP), and taking into account, where appropriate, regional priorities and priorities from and international organisations (NATO). The categories of actions structuring the annual work programmes have been designed to cover all military domains and key enabling technologies. Funded projects should enable the European Commission to respond to the needs of Member States while targeting critical capabilities that are essential for the future. The EDF annual work programmes are defined in close cooperation with Member States representatives within the EDF Programme Committee, including the involvement of the European Defence Agency (EDA) and the European External Action Service (EEAS). The EDF builds on earlier initiatives such as the Preparatory Action on Defence Research (PADR) and the European Industrial Development Programme (EDIDP). On 17 December 2025, the Commission adopted the European Defence Fund’s 2026 Annual Work Programme, earmarking €1 billion for collaborative research and development (R&D) in the field of defence. The EDF Work Programme 2026 addresses 31 call topics in total, structured along seven thematic calls for proposals, three non-thematic calls for proposals, one action to focus on threats from hypersonic glide vehicles, and two actions in support of the EU Alliance for defence medical countermeasures. Commonly agreed critical defence capability priorities remain at the forefront, with half of the budget earmarked to support collaborative R&D on major defence capabilities. This includes the development of an EU endo-atmospheric interceptor, a main battle tank, a multiple rocket launcher, and a semi-autonomous vessel. One quarter of the budget is allocated to critical technologies and capabilities in a variety of forward-looking areas, including quantum-secured networks, electronic warfare, multi-domain operations cloud and high-performance energy systems. The last quarter is dedicated to implementing the EU Defence Innovation Scheme (EUDIS), which supports innovation and disruptive technologies for defence applications through targeted",https://defence-industry-space.ec.europa.eu/eu-defence-industry/european-defence-fund-edf-official-webpage-european-commission_hr,European Defence Fund,,,Em andamento,,tecnologias_estrategicas,monitoramento_oportunidades_publicas,fomento_investimento,"{'regiao': '', 'setor_estrategico': 'defesa_industrial', 'subtema': ['eletronica_defesa', 'espaco_defesa', 'pdi_defesa'], 'area_cientifica': ['espaco_defesa'], 'area_tecnologica': ['eletronica_defesa', 'pdi_defesa'], 'tipo_oportunidade': 'programa_pdi', 'empresa_prime': '', 'orgao_contratante': 'European Defence Fund', 'pais': 'EU', 'idioma_original': '', 'titulo_original': '', 'descricao_original': '', 'titulo_traduzido': '', 'descricao_traduzida': '', 'orgao_responsavel': '', 'instituicao': '', 'numero_edital': '', 'numero_chamada': '', 'numero_processo': '', 'codigo_oportunidade': '', 'modalidade': '', 'publico_alvo': '', 'elegibilidade': '', 'objetivo': '', 'escopo': '', 'itens_financiaveis': [], 'itens_nao_financiaveis': [], 'valor_total': '', 'valor_por_projeto': '', 'contrapartida': '', 'prazo_execucao': '', 'cronograma': [], 'documentos': [{'nome': 'Calls for proposals', 'url': 'https://defence-industry-space.ec.europa.eu/funding-opportunities/calls-proposals_en?prefLang=hr'}, {'nome': 'EU Funding & Tenders Portal', 'url': 'https://ec.europa.eu/info/funding-tenders/opportunities/portal/screen/opportunities/calls-for-proposals?order=DESC&pageNumber=1&pageSize=50&sortBy=startDate&isExactMatch=true&status=31094502&frameworkProgramme=44181033'}, {'nome': 'available here.', 'url': 'https://defence-industry-space.ec.europa.eu/document/download/0d816838-609c-4140-a94b-ac75afc0b813_en?filename=EDF%20Info%20days%202026_%20Master%20presentation%20v3.2%20as%20presented%20and%20reviewed.pdf'}, {'nome': 'EDF26 - Gold Hall - Overview of the 2026 calls, including Q&A', 'url': 'https://player.clevercast.com/?account_id=2bK6kL&item_id=AkpYNo'}, {'nome': 'slides', 'url': 'https://defence-industry-space.ec.europa.eu/system/files/2025-04/EDF%20tutorial%20-%20Funding%20rates%20and%20bonus.pdf'}, {'nome': 'slides', 'url': 'https://defence-industry-space.ec.europa.eu/system/files/2025-04/EDF%20tutorial%20-%20Co-financing%20declaration_0.pdf'}, {'nome': 'slides', 'url': 'https://defence-industry-space.ec.europa.eu/system/files/2025-04/EDF%20tutorial%20-%20Type%20of%20grants%20%26%20Funding%20options.pdf'}, {'nome': 'slides', 'url': 'https://defence-industry-space.ec.europa.eu/system/files/2024-05/EDF%20Tutorial%20-%20Cost%20categories.pdf'}, {'nome': 'slides', 'url': 'https://defence-industry-space.ec.europa.eu/system/files/2024-05/EDF%20Tutorial%20-%20Actual%20indirect%20costs.pdf'}, {'nome': 'slides', 'url': 'https://defence-industry-space.ec.europa.eu/document/download/47dc8a4a-464b-4454-bf2d-841754ec747e_en?filename=EDF%20Tutorial%20-%20Detailed%20Budget%20Tables.pdf'}, {'nome': 'slides', 'url': 'https://defence-industry-space.ec.europa.eu/system/files/2025-04/EDF%20tutorial%20-%20Payment%20scheme.pdf'}, {'nome': 'slides', 'url': 'https://defence-industry-space.ec.europa.eu/document/download/ff846d80-34f5-4209-a3bc-e412f44eb682_en?filename=Tutorial%20-%20Reporting%20actual%20costs.pdf'}], 'pdf_url': 'https://defence-industry-space.ec.europa.eu/document/download/0d816838-609c-4140-a94b-ac75afc0b813_en?filename=EDF%20Info%20days%202026_%20Master%20presentation%20v3.2%20as%20presented%20and%20reviewed.pdf', 'pdf_texto_extraido': '', 'pdf_resumo': '', 'data_publicacao_original': '', 'fim_inscricao_original': '', 'prazo_submissao_original': '', 'metodo_extracao': 'html_listing_detail', 'url_listagem': 'https://defence-industry-space.ec.europa.eu/eu-defence-industry/european-defence-fund-edf_en', 'url_detalhe': 'https://defence-industry-space.ec.europa.eu/eu-defence-industry/european-defence-fund-edf-official-webpage-european-commission_hr', 'nivel_sensibilidade': 'publico_institucional', 'contexto_sensivel_detectado': False, 'marcadores_contexto_sensivel': [], 'origem': 'https://defence-industry-space.ec.europa.eu/eu-defence-industry/european-defence-fund-edf-official-webpage-european-commission_hr', 'palavras_chave_detectadas': ['defence', 'electronic warfare', 'grant', 'military'], 'necessita_traducao': False, 'observacoes': '', 'tipo_recurso': 'fomento_investimento', 'natureza_recurso': 'nao_reembolsavel', 'reembolsavel': False}"
ititaliano,ititaliano,https://defence-industry-space.ec.europa.eu/eu-defence-industry/european-defence-fund-edf-official-webpage-european-commission_it,European Defence Fund,,,Em andamento,,tecnologias_estrategicas,monitoramento_oportunidades_publicas,contratacao_publica,"{'regiao': '', 'setor_estrategico': 'defesa_industrial', 'subtema': [], 'area_cientifica': [], 'area_tecnologica': [], 'tipo_oportunidade': 'noticia_institucional', 'empresa_prime': '', 'orgao_contratante': 'European Defence Fund', 'pais': 'EU', 'idioma_original': '', 'titulo_original': '', 'descricao_original': '', 'titulo_traduzido': '', 'descricao_traduzida': '', 'orgao_responsavel': '', 'instituicao': '', 'numero_edital': '', 'numero_chamada': '', 'numero_processo': '', 'codigo_oportunidade': '', 'modalidade': '', 'publico_alvo': '', 'elegibilidade': '', 'objetivo': '', 'escopo': '', 'itens_financiaveis': [], 'itens_nao_financiaveis': [], 'valor_total': '', 'valor_por_projeto': '', 'contrapartida': '', 'prazo_execucao': '', 'cronograma': [], 'documentos': [], 'pdf_url': '', 'pdf_texto_extraido': '', 'pdf_resumo': '', 'data_publicacao_original': '', 'fim_inscricao_original': '', 'prazo_submissao_original': '', 'metodo_extracao': 'html_listing_detail', 'url_listagem': 'https://defence-industry-space.ec.europa.eu/eu-defence-industry/european-defence-fund-edf_en', 'url_detalhe': 'https://defence-industry-space.ec.europa.eu/eu-defence-industry/european-defence-fund-edf-official-webpage-european-commission_it', 'nivel_sensibilidade': 'publico_institucional', 'contexto_sensivel_detectado': False, 'marcadores_contexto_sensivel': [], 'origem': 'https://defence-industry-space.ec.europa.eu/eu-defence-industry/european-defence-fund-edf-official-webpage-european-commission_it', 'palavras_chave_detectadas': [], 'necessita_traducao': False, 'observacoes': '', 'tipo_recurso': 'contratacao_publica', 'natureza_recurso': 'contratual', 'reembolsavel': None}"
lvlatviešu,lvlatviešu,https://defence-industry-space.ec.europa.eu/eu-defence-industry/european-defence-fund-edf-official-webpage-european-commission_lv,European Defence Fund,,,Em andamento,,tecnologias_estrategicas,monitoramento_oportunidades_publicas,contratacao_publica,"{'regiao': '', 'setor_estrategico': 'defesa_industrial', 'subtema': [], 'area_cientifica': [], 'area_tecnologica': [], 'tipo_oportunidade': 'noticia_institucional', 'empresa_prime': '', 'orgao_contratante': 'European Defence Fund', 'pais': 'EU', 'idioma_original': '', 'titulo_original': '', 'descricao_original': '', 'titulo_traduzido': '', 'descricao_traduzida': '', 'orgao_responsavel': '', 'instituicao': '', 'numero_edital': '', 'numero_chamada': '', 'numero_processo': '', 'codigo_oportunidade': '', 'modalidade': '', 'publico_alvo': '', 'elegibilidade': '', 'objetivo': '', 'escopo': '', 'itens_financiaveis': [], 'itens_nao_financiaveis': [], 'valor_total': '', 'valor_por_projeto': '', 'contrapartida': '', 'prazo_execucao': '', 'cronograma': [], 'documentos': [], 'pdf_url': '', 'pdf_texto_extraido': '', 'pdf_resumo': '', 'data_publicacao_original': '', 'fim_inscricao_original': '', 'prazo_submissao_original': '', 'metodo_extracao': 'html_listing_detail', 'url_listagem': 'https://defence-industry-space.ec.europa.eu/eu-defence-industry/european-defence-fund-edf_en', 'url_detalhe': 'https://defence-industry-space.ec.europa.eu/eu-defence-industry/european-defence-fund-edf-official-webpage-european-commission_lv', 'nivel_sensibilidade': 'publico_institucional', 'contexto_sensivel_detectado': False, 'marcadores_contexto_sensivel': [], 'origem': 'https://defence-industry-space.ec.europa.eu/eu-defence-industry/european-defence-fund-edf-official-webpage-european-commission_lv', 'palavras_chave_detectadas': [], 'necessita_traducao': False, 'observacoes': '', 'tipo_recurso': 'contratacao_publica', 'natureza_recurso': 'contratual', 'reembolsavel': None}"
ltlietuvių,ltlietuvių,https://defence-industry-space.ec.europa.eu/eu-defence-industry/european-defence-fund-edf-official-webpage-european-commission_lt,European Defence Fund,,,Em andamento,,tecnologias_estrategicas,monitoramento_oportunidades_publicas,contratacao_publica,"{'regiao': '', 'setor_estrategico': 'defesa_industrial', 'subtema': [], 'area_cientifica': [], 'area_tecnologica': [], 'tipo_oportunidade': 'noticia_institucional', 'empresa_prime': '', 'orgao_contratante': 'European Defence Fund', 'pais': 'EU', 'idioma_original': '', 'titulo_original': '', 'descricao_original': '', 'titulo_traduzido': '', 'descricao_traduzida': '', 'orgao_responsavel': '', 'instituicao': '', 'numero_edital': '', 'numero_chamada': '', 'numero_processo': '', 'codigo_oportunidade': '', 'modalidade': '', 'publico_alvo': '', 'elegibilidade': '', 'objetivo': '', 'escopo': '', 'itens_financiaveis': [], 'itens_nao_financiaveis': [], 'valor_total': '', 'valor_por_projeto': '', 'contrapartida': '', 'prazo_execucao': '', 'cronograma': [], 'documentos': [], 'pdf_url': '', 'pdf_texto_extraido': '', 'pdf_resumo': '', 'data_publicacao_original': '', 'fim_inscricao_original': '', 'prazo_submissao_original': '', 'metodo_extracao': 'html_listing_detail', 'url_listagem': 'https://defence-industry-space.ec.europa.eu/eu-defence-industry/european-defence-fund-edf_en', 'url_detalhe': 'https://defence-industry-space.ec.europa.eu/eu-defence-industry/european-defence-fund-edf-official-webpage-european-commission_lt', 'nivel_sensibilidade': 'publico_institucional', 'contexto_sensivel_detectado': False, 'marcadores_contexto_sensivel': [], 'origem': 'https://defence-industry-space.ec.europa.eu/eu-defence-industry/european-defence-fund-edf-official-webpage-european-commission_lt', 'palavras_chave_detectadas': [], 'necessita_traducao': False, 'observacoes': '', 'tipo_recurso': 'contratacao_publica', 'natureza_recurso': 'contratual', 'reembolsavel': None}"
humagyar,humagyar,https://defence-industry-space.ec.europa.eu/eu-defence-industry/european-defence-fund-edf-official-webpage-european-commission_hu,European Defence Fund,,,Em andamento,,tecnologias_estrategicas,monitoramento_oportunidades_publicas,contratacao_publica,"{'regiao': '', 'setor_estrategico': 'defesa_industrial', 'subtema': [], 'area_cientifica': [], 'area_tecnologica': [], 'tipo_oportunidade': 'noticia_institucional', 'empresa_prime': '', 'orgao_contratante': 'European Defence Fund', 'pais': 'EU', 'idioma_original': '', 'titulo_original': '', 'descricao_original': '', 'titulo_traduzido': '', 'descricao_traduzida': '', 'orgao_responsavel': '', 'instituicao': '', 'numero_edital': '', 'numero_chamada': '', 'numero_processo': '', 'codigo_oportunidade': '', 'modalidade': '', 'publico_alvo': '', 'elegibilidade': '', 'objetivo': '', 'escopo': '', 'itens_financiaveis': [], 'itens_nao_financiaveis': [], 'valor_total': '', 'valor_por_projeto': '', 'contrapartida': '', 'prazo_execucao': '', 'cronograma': [], 'documentos': [], 'pdf_url': '', 'pdf_texto_extraido': '', 'pdf_resumo': '', 'data_publicacao_original': '', 'fim_inscricao_original': '', 'prazo_submissao_original': '', 'metodo_extracao': 'html_listing_detail', 'url_listagem': 'https://defence-industry-space.ec.europa.eu/eu-defence-industry/european-defence-fund-edf_en', 'url_detalhe': 'https://defence-industry-space.ec.europa.eu/eu-defence-industry/european-defence-fund-edf-official-webpage-european-commission_hu', 'nivel_sensibilidade': 'publico_institucional', 'contexto_sensivel_detectado': False, 'marcadores_contexto_sensivel': [], 'origem': 'https://defence-industry-space.ec.europa.eu/eu-defence-industry/european-defence-fund-edf-official-webpage-european-commission_hu', 'palavras_chave_detectadas': [], 'necessita_traducao': False, 'observacoes': '', 'tipo_recurso': 'contratacao_publica', 'natureza_recurso': 'contratual', 'reembolsavel': None}"
mtMalti,mtMalti,https://defence-industry-space.ec.europa.eu/eu-defence-industry/european-defence-fund-edf-official-webpage-european-commission_mt,European Defence Fund,,,Em andamento,,tecnologias_estrategicas,monitoramento_oportunidades_publicas,contratacao_publica,"{'regiao': '', 'setor_estrategico': 'defesa_industrial', 'subtema': [], 'area_cientifica': [], 'area_tecnologica': [], 'tipo_oportunidade': 'noticia_institucional', 'empresa_prime': '', 'orgao_contratante': 'European Defence Fund', 'pais': 'EU', 'idioma_original': '', 'titulo_original': '', 'descricao_original': '', 'titulo_traduzido': '', 'descricao_traduzida': '', 'orgao_responsavel': '', 'instituicao': '', 'numero_edital': '', 'numero_chamada': '', 'numero_processo': '', 'codigo_oportunidade': '', 'modalidade': '', 'publico_alvo': '', 'elegibilidade': '', 'objetivo': '', 'escopo': '', 'itens_financiaveis': [], 'itens_nao_financiaveis': [], 'valor_total': '', 'valor_por_projeto': '', 'contrapartida': '', 'prazo_execucao': '', 'cronograma': [], 'documentos': [], 'pdf_url': '', 'pdf_texto_extraido': '', 'pdf_resumo': '', 'data_publicacao_original': '', 'fim_inscricao_original': '', 'prazo_submissao_original': '', 'metodo_extracao': 'html_listing_detail', 'url_listagem': 'https://defence-industry-space.ec.europa.eu/eu-defence-industry/european-defence-fund-edf_en', 'url_detalhe': 'https://defence-industry-space.ec.europa.eu/eu-defence-industry/european-defence-fund-edf-official-webpage-european-commission_mt', 'nivel_sensibilidade': 'publico_institucional', 'contexto_sensivel_detectado': False, 'marcadores_contexto_sensivel': [], 'origem': 'https://defence-industry-space.ec.europa.eu/eu-defence-industry/european-defence-fund-edf-official-webpage-european-commission_mt', 'palavras_chave_detectadas': [], 'necessita_traducao': False, 'observacoes': '', 'tipo_recurso': 'contratacao_publica', 'natureza_recurso': 'contratual', 'reembolsavel': None}"
nlNederlands,nlNederlands,https://defence-industry-space.ec.europa.eu/eu-defence-industry/european-defence-fund-edf-official-webpage-european-commission_nl,European Defence Fund,,,Em andamento,,tecnologias_estrategicas,monitoramento_oportunidades_publicas,contratacao_publica,"{'regiao': '', 'setor_estrategico': 'defesa_industrial', 'subtema': [], 'area_cientifica': [], 'area_tecnologica': [], 'tipo_oportunidade': 'noticia_institucional', 'empresa_prime': '', 'orgao_contratante': 'European Defence Fund', 'pais': 'EU', 'idioma_original': '', 'titulo_original': '', 'descricao_original': '', 'titulo_traduzido': '', 'descricao_traduzida': '', 'orgao_responsavel': '', 'instituicao': '', 'numero_edital': '', 'numero_chamada': '', 'numero_processo': '', 'codigo_oportunidade': '', 'modalidade': '', 'publico_alvo': '', 'elegibilidade': '', 'objetivo': '', 'escopo': '', 'itens_financiaveis': [], 'itens_nao_financiaveis': [], 'valor_total': '', 'valor_por_projeto': '', 'contrapartida': '', 'prazo_execucao': '', 'cronograma': [], 'documentos': [], 'pdf_url': '', 'pdf_texto_extraido': '', 'pdf_resumo': '', 'data_publicacao_original': '', 'fim_inscricao_original': '', 'prazo_submissao_original': '', 'metodo_extracao': 'html_listing_detail', 'url_listagem': 'https://defence-industry-space.ec.europa.eu/eu-defence-industry/european-defence-fund-edf_en', 'url_detalhe': 'https://defence-industry-space.ec.europa.eu/eu-defence-industry/european-defence-fund-edf-official-webpage-european-commission_nl', 'nivel_sensibilidade': 'publico_institucional', 'contexto_sensivel_detectado': False, 'marcadores_contexto_sensivel': [], 'origem': 'https://defence-industry-space.ec.europa.eu/eu-defence-industry/european-defence-fund-edf-official-webpage-european-commission_nl', 'palavras_chave_detectadas': [], 'necessita_traducao': False, 'observacoes': '', 'tipo_recurso': 'contratacao_publica', 'natureza_recurso': 'contratual', 'reembolsavel': None}"
plpolski,plpolski,https://defence-industry-space.ec.europa.eu/eu-defence-industry/european-defence-fund-edf-official-webpage-european-commission_pl,European Defence Fund,,,Em andamento,,tecnologias_estrategicas,monitoramento_oportunidades_publicas,contratacao_publica,"{'regiao': '', 'setor_estrategico': 'defesa_industrial', 'subtema': [], 'area_cientifica': [], 'area_tecnologica': [], 'tipo_oportunidade': 'noticia_institucional', 'empresa_prime': '', 'orgao_contratante': 'European Defence Fund', 'pais': 'EU', 'idioma_original': '', 'titulo_original': '', 'descricao_original': '', 'titulo_traduzido': '', 'descricao_traduzida': '', 'orgao_responsavel': '', 'instituicao': '', 'numero_edital': '', 'numero_chamada': '', 'numero_processo': '', 'codigo_oportunidade': '', 'modalidade': '', 'publico_alvo': '', 'elegibilidade': '', 'objetivo': '', 'escopo': '', 'itens_financiaveis': [], 'itens_nao_financiaveis': [], 'valor_total': '', 'valor_por_projeto': '', 'contrapartida': '', 'prazo_execucao': '', 'cronograma': [], 'documentos': [], 'pdf_url': '', 'pdf_texto_extraido': '', 'pdf_resumo': '', 'data_publicacao_original': '', 'fim_inscricao_original': '', 'prazo_submissao_original': '', 'metodo_extracao': 'html_listing_detail', 'url_listagem': 'https://defence-industry-space.ec.europa.eu/eu-defence-industry/european-defence-fund-edf_en', 'url_detalhe': 'https://defence-industry-space.ec.europa.eu/eu-defence-industry/european-defence-fund-edf-official-webpage-european-commission_pl', 'nivel_sensibilidade': 'publico_institucional', 'contexto_sensivel_detectado': False, 'marcadores_contexto_sensivel': [], 'origem': 'https://defence-industry-space.ec.europa.eu/eu-defence-industry/european-defence-fund-edf-official-webpage-european-commission_pl', 'palavras_chave_detectadas': [], 'necessita_traducao': False, 'observacoes': '', 'tipo_recurso': 'contratacao_publica', 'natureza_recurso': 'contratual', 'reembolsavel': None}"
EDF | Developing tomorrow's defence capabilities,"The EDF supports companies across Member States develop competitive and collaborative defence projects that will deliver innovative and interoperable defence technologies and equipment. It offers support and advice to participants throughout the entire cycle of research and development. The Fund has a budget of nearly €7.3 billion for 2021-2027, with €2.7 billion allocated for collaborative defence research and €5.3 billion for collaborative capability development projects that complement national contributions. The financial support is offered primarily through grants up to 100% of eligible costs contingent on activities involved and a bonus system that considers SMEs, mid-caps, and connection to a PESCO project. The EDF is implemented through annual work programmes structured along 34 thematic and horizontal categories of actions along the objectives set in the Multiannual Financial Framework 2021-2027. The Programme is implemented directly by the Commission. In duly justified cases and in line with the EDF Regulation, the management of a grant can be delegated to an entrusted entity. Identified priorities are aiming at contributing to the security and defence interests of the Union, in line with defence capability priorities agreed by Member States within the framework of the Common Security and Defence Policy (CSDP) and particularly in the context of the Capability Development Plan (CDP), and taking into account, where appropriate, regional priorities and priorities from and international organisations (NATO). The categories of actions structuring the annual work programmes have been designed to cover all military domains and key enabling technologies. Funded projects should enable the European Commission to respond to the needs of Member States while targeting critical capabilities that are essential for the future. The EDF annual work programmes are defined in close cooperation with Member States representatives within the EDF Programme Committee, including the involvement of the European Defence Agency (EDA) and the European External Action Service (EEAS). The EDF builds on earlier initiatives such as the Preparatory Action on Defence Research (PADR) and the European Industrial Development Programme (EDIDP). On 17 December 2025, the Commission adopted the European Defence Fund’s 2026 Annual Work Programme, earmarking €1 billion for collaborative research and development (R&D) in the field of defence. The EDF Work Programme 2026 addresses 31 call topics in total, structured along seven thematic calls for proposals, three non-thematic calls for proposals, one action to focus on threats from hypersonic glide vehicles, and two actions in support of the EU Alliance for defence medical countermeasures. Commonly agreed critical defence capability priorities remain at the forefront, with half of the budget earmarked to support collaborative R&D on major defence capabilities. This includes the development of an EU endo-atmospheric interceptor, a main battle tank, a multiple rocket launcher, and a semi-autonomous vessel. One quarter of the budget is allocated to critical technologies and capabilities in a variety of forward-looking areas, including quantum-secured networks, electronic warfare, multi-domain operations cloud and high-performance energy systems. The last quarter is dedicated to implementing the EU Defence Innovation Scheme (EUDIS), which supports innovation and disruptive technologies for defence applications through targeted",https://defence-industry-space.ec.europa.eu/eu-defence-industry/european-defence-fund-edf-official-webpage-european-commission_pt,European Defence Fund,,,Em andamento,,tecnologias_estrategicas,monitoramento_oportunidades_publicas,fomento_investimento,"{'regiao': '', 'setor_estrategico': 'defesa_industrial', 'subtema': ['eletronica_defesa', 'espaco_defesa', 'pdi_defesa'], 'area_cientifica': ['espaco_defesa'], 'area_tecnologica': ['eletronica_defesa', 'pdi_defesa'], 'tipo_oportunidade': 'programa_pdi', 'empresa_prime': '', 'orgao_contratante': 'European Defence Fund', 'pais': 'EU', 'idioma_original': '', 'titulo_original': '', 'descricao_original': '', 'titulo_traduzido': '', 'descricao_traduzida': '', 'orgao_responsavel': '', 'instituicao': '', 'numero_edital': '', 'numero_chamada': '', 'numero_processo': '', 'codigo_oportunidade': '', 'modalidade': '', 'publico_alvo': '', 'elegibilidade': '', 'objetivo': '', 'escopo': '', 'itens_financiaveis': [], 'itens_nao_financiaveis': [], 'valor_total': '', 'valor_por_projeto': '', 'contrapartida': '', 'prazo_execucao': '', 'cronograma': [], 'documentos': [{'nome': 'Calls for proposals', 'url': 'https://defence-industry-space.ec.europa.eu/funding-opportunities/calls-proposals_en?prefLang=pt'}, {'nome': 'EU Funding & Tenders Portal', 'url': 'https://ec.europa.eu/info/funding-tenders/opportunities/portal/screen/opportunities/calls-for-proposals?order=DESC&pageNumber=1&pageSize=50&sortBy=startDate&isExactMatch=true&status=31094502&frameworkProgramme=44181033'}, {'nome': 'available here.', 'url': 'https://defence-industry-space.ec.europa.eu/document/download/0d816838-609c-4140-a94b-ac75afc0b813_en?filename=EDF%20Info%20days%202026_%20Master%20presentation%20v3.2%20as%20presented%20and%20reviewed.pdf'}, {'nome': 'EDF26 - Gold Hall - Overview of the 2026 calls, including Q&A', 'url': 'https://player.clevercast.com/?account_id=2bK6kL&item_id=AkpYNo'}, {'nome': 'slides', 'url': 'https://defence-industry-space.ec.europa.eu/system/files/2025-04/EDF%20tutorial%20-%20Funding%20rates%20and%20bonus.pdf'}, {'nome': 'slides', 'url': 'https://defence-industry-space.ec.europa.eu/system/files/2025-04/EDF%20tutorial%20-%20Co-financing%20declaration_0.pdf'}, {'nome': 'slides', 'url': 'https://defence-industry-space.ec.europa.eu/system/files/2025-04/EDF%20tutorial%20-%20Type%20of%20grants%20%26%20Funding%20options.pdf'}, {'nome': 'slides', 'url': 'https://defence-industry-space.ec.europa.eu/system/files/2024-05/EDF%20Tutorial%20-%20Cost%20categories.pdf'}, {'nome': 'slides', 'url': 'https://defence-industry-space.ec.europa.eu/system/files/2024-05/EDF%20Tutorial%20-%20Actual%20indirect%20costs.pdf'}, {'nome': 'slides', 'url': 'https://defence-industry-space.ec.europa.eu/document/download/47dc8a4a-464b-4454-bf2d-841754ec747e_en?filename=EDF%20Tutorial%20-%20Detailed%20Budget%20Tables.pdf'}, {'nome': 'slides', 'url': 'https://defence-industry-space.ec.europa.eu/system/files/2025-04/EDF%20tutorial%20-%20Payment%20scheme.pdf'}, {'nome': 'slides', 'url': 'https://defence-industry-space.ec.europa.eu/document/download/ff846d80-34f5-4209-a3bc-e412f44eb682_en?filename=Tutorial%20-%20Reporting%20actual%20costs.pdf'}], 'pdf_url': 'https://defence-industry-space.ec.europa.eu/document/download/0d816838-609c-4140-a94b-ac75afc0b813_en?filename=EDF%20Info%20days%202026_%20Master%20presentation%20v3.2%20as%20presented%20and%20reviewed.pdf', 'pdf_texto_extraido': '', 'pdf_resumo': '', 'data_publicacao_original': '', 'fim_inscricao_original': '', 'prazo_submissao_original': '', 'metodo_extracao': 'html_listing_detail', 'url_listagem': 'https://defence-industry-space.ec.europa.eu/eu-defence-industry/european-defence-fund-edf_en', 'url_detalhe': 'https://defence-industry-space.ec.europa.eu/eu-defence-industry/european-defence-fund-edf-official-webpage-european-commission_pt', 'nivel_sensibilidade': 'publico_institucional', 'contexto_sensivel_detectado': False, 'marcadores_contexto_sensivel': [], 'origem': 'https://defence-industry-space.ec.europa.eu/eu-defence-industry/european-defence-fund-edf-official-webpage-european-commission_pt', 'palavras_chave_detectadas': ['defence', 'electronic warfare', 'grant', 'military'], 'necessita_traducao': False, 'observacoes': '', 'tipo_recurso': 'fomento_investimento', 'natureza_recurso': 'nao_reembolsavel', 'reembolsavel': False}"
roromână,roromână,https://defence-industry-space.ec.europa.eu/eu-defence-industry/european-defence-fund-edf-official-webpage-european-commission_ro,European Defence Fund,,,Em andamento,,tecnologias_estrategicas,monitoramento_oportunidades_publicas,contratacao_publica,"{'regiao': '', 'setor_estrategico': 'defesa_industrial', 'subtema': [], 'area_cientifica': [], 'area_tecnologica': [], 'tipo_oportunidade': 'noticia_institucional', 'empresa_prime': '', 'orgao_contratante': 'European Defence Fund', 'pais': 'EU', 'idioma_original': '', 'titulo_original': '', 'descricao_original': '', 'titulo_traduzido': '', 'descricao_traduzida': '', 'orgao_responsavel': '', 'instituicao': '', 'numero_edital': '', 'numero_chamada': '', 'numero_processo': '', 'codigo_oportunidade': '', 'modalidade': '', 'publico_alvo': '', 'elegibilidade': '', 'objetivo': '', 'escopo': '', 'itens_financiaveis': [], 'itens_nao_financiaveis': [], 'valor_total': '', 'valor_por_projeto': '', 'contrapartida': '', 'prazo_execucao': '', 'cronograma': [], 'documentos': [], 'pdf_url': '', 'pdf_texto_extraido': '', 'pdf_resumo': '', 'data_publicacao_original': '', 'fim_inscricao_original': '', 'prazo_submissao_original': '', 'metodo_extracao': 'html_listing_detail', 'url_listagem': 'https://defence-industry-space.ec.europa.eu/eu-defence-industry/european-defence-fund-edf_en', 'url_detalhe': 'https://defence-industry-space.ec.europa.eu/eu-defence-industry/european-defence-fund-edf-official-webpage-european-commission_ro', 'nivel_sensibilidade': 'publico_institucional', 'contexto_sensivel_detectado': False, 'marcadores_contexto_sensivel': [], 'origem': 'https://defence-industry-space.ec.europa.eu/eu-defence-industry/european-defence-fund-edf-official-webpage-european-commission_ro', 'palavras_chave_detectadas': [], 'necessita_traducao': False, 'observacoes': '', 'tipo_recurso': 'contratacao_publica', 'natureza_recurso': 'contratual', 'reembolsavel': None}"
EDF | Developing tomorrow's defence capabilities,"The EDF supports companies across Member States develop competitive and collaborative defence projects that will deliver innovative and interoperable defence technologies and equipment. It offers support and advice to participants throughout the entire cycle of research and development. The Fund has a budget of nearly €7.3 billion for 2021-2027, with €2.7 billion allocated for collaborative defence research and €5.3 billion for collaborative capability development projects that complement national contributions. The financial support is offered primarily through grants up to 100% of eligible costs contingent on activities involved and a bonus system that considers SMEs, mid-caps, and connection to a PESCO project. The EDF is implemented through annual work programmes structured along 34 thematic and horizontal categories of actions along the objectives set in the Multiannual Financial Framework 2021-2027. The Programme is implemented directly by the Commission. In duly justified cases and in line with the EDF Regulation, the management of a grant can be delegated to an entrusted entity. Identified priorities are aiming at contributing to the security and defence interests of the Union, in line with defence capability priorities agreed by Member States within the framework of the Common Security and Defence Policy (CSDP) and particularly in the context of the Capability Development Plan (CDP), and taking into account, where appropriate, regional priorities and priorities from and international organisations (NATO). The categories of actions structuring the annual work programmes have been designed to cover all military domains and key enabling technologies. Funded projects should enable the European Commission to respond to the needs of Member States while targeting critical capabilities that are essential for the future. The EDF annual work programmes are defined in close cooperation with Member States representatives within the EDF Programme Committee, including the involvement of the European Defence Agency (EDA) and the European External Action Service (EEAS). The EDF builds on earlier initiatives such as the Preparatory Action on Defence Research (PADR) and the European Industrial Development Programme (EDIDP). On 17 December 2025, the Commission adopted the European Defence Fund’s 2026 Annual Work Programme, earmarking €1 billion for collaborative research and development (R&D) in the field of defence. The EDF Work Programme 2026 addresses 31 call topics in total, structured along seven thematic calls for proposals, three non-thematic calls for proposals, one action to focus on threats from hypersonic glide vehicles, and two actions in support of the EU Alliance for defence medical countermeasures. Commonly agreed critical defence capability priorities remain at the forefront, with half of the budget earmarked to support collaborative R&D on major defence capabilities. This includes the development of an EU endo-atmospheric interceptor, a main battle tank, a multiple rocket launcher, and a semi-autonomous vessel. One quarter of the budget is allocated to critical technologies and capabilities in a variety of forward-looking areas, including quantum-secured networks, electronic warfare, multi-domain operations cloud and high-performance energy systems. The last quarter is dedicated to implementing the EU Defence Innovation Scheme (EUDIS), which supports innovation and disruptive technologies for defence applications through targeted",https://defence-industry-space.ec.europa.eu/eu-defence-industry/european-defence-fund-edf-official-webpage-european-commission_sk,European Defence Fund,,,Em andamento,,tecnologias_estrategicas,monitoramento_oportunidades_publicas,fomento_investimento,"{'regiao': '', 'setor_estrategico': 'defesa_industrial', 'subtema': ['eletronica_defesa', 'espaco_defesa', 'pdi_defesa'], 'area_cientifica': ['espaco_defesa'], 'area_tecnologica': ['eletronica_defesa', 'pdi_defesa'], 'tipo_oportunidade': 'programa_pdi', 'empresa_prime': '', 'orgao_contratante': 'European Defence Fund', 'pais': 'EU', 'idioma_original': '', 'titulo_original': '', 'descricao_original': '', 'titulo_traduzido': '', 'descricao_traduzida': '', 'orgao_responsavel': '', 'instituicao': '', 'numero_edital': '', 'numero_chamada': '', 'numero_processo': '', 'codigo_oportunidade': '', 'modalidade': '', 'publico_alvo': '', 'elegibilidade': '', 'objetivo': '', 'escopo': '', 'itens_financiaveis': [], 'itens_nao_financiaveis': [], 'valor_total': '', 'valor_por_projeto': '', 'contrapartida': '', 'prazo_execucao': '', 'cronograma': [], 'documentos': [{'nome': 'Calls for proposals', 'url': 'https://defence-industry-space.ec.europa.eu/funding-opportunities/calls-proposals_en?prefLang=sk'}, {'nome': 'EU Funding & Tenders Portal', 'url': 'https://ec.europa.eu/info/funding-tenders/opportunities/portal/screen/opportunities/calls-for-proposals?order=DESC&pageNumber=1&pageSize=50&sortBy=startDate&isExactMatch=true&status=31094502&frameworkProgramme=44181033'}, {'nome': 'available here.', 'url': 'https://defence-industry-space.ec.europa.eu/document/download/0d816838-609c-4140-a94b-ac75afc0b813_en?filename=EDF%20Info%20days%202026_%20Master%20presentation%20v3.2%20as%20presented%20and%20reviewed.pdf'}, {'nome': 'EDF26 - Gold Hall - Overview of the 2026 calls, including Q&A', 'url': 'https://player.clevercast.com/?account_id=2bK6kL&item_id=AkpYNo'}, {'nome': 'slides', 'url': 'https://defence-industry-space.ec.europa.eu/system/files/2025-04/EDF%20tutorial%20-%20Funding%20rates%20and%20bonus.pdf'}, {'nome': 'slides', 'url': 'https://defence-industry-space.ec.europa.eu/system/files/2025-04/EDF%20tutorial%20-%20Co-financing%20declaration_0.pdf'}, {'nome': 'slides', 'url': 'https://defence-industry-space.ec.europa.eu/system/files/2025-04/EDF%20tutorial%20-%20Type%20of%20grants%20%26%20Funding%20options.pdf'}, {'nome': 'slides', 'url': 'https://defence-industry-space.ec.europa.eu/system/files/2024-05/EDF%20Tutorial%20-%20Cost%20categories.pdf'}, {'nome': 'slides', 'url': 'https://defence-industry-space.ec.europa.eu/system/files/2024-05/EDF%20Tutorial%20-%20Actual%20indirect%20costs.pdf'}, {'nome': 'slides', 'url': 'https://defence-industry-space.ec.europa.eu/document/download/47dc8a4a-464b-4454-bf2d-841754ec747e_en?filename=EDF%20Tutorial%20-%20Detailed%20Budget%20Tables.pdf'}, {'nome': 'slides', 'url': 'https://defence-industry-space.ec.europa.eu/system/files/2025-04/EDF%20tutorial%20-%20Payment%20scheme.pdf'}, {'nome': 'slides', 'url': 'https://defence-industry-space.ec.europa.eu/document/download/ff846d80-34f5-4209-a3bc-e412f44eb682_en?filename=Tutorial%20-%20Reporting%20actual%20costs.pdf'}], 'pdf_url': 'https://defence-industry-space.ec.europa.eu/document/download/0d816838-609c-4140-a94b-ac75afc0b813_en?filename=EDF%20Info%20days%202026_%20Master%20presentation%20v3.2%20as%20presented%20and%20reviewed.pdf', 'pdf_texto_extraido': '', 'pdf_resumo': '', 'data_publicacao_original': '', 'fim_inscricao_original': '', 'prazo_submissao_original': '', 'metodo_extracao': 'html_listing_detail', 'url_listagem': 'https://defence-industry-space.ec.europa.eu/eu-defence-industry/european-defence-fund-edf_en', 'url_detalhe': 'https://defence-industry-space.ec.europa.eu/eu-defence-industry/european-defence-fund-edf-official-webpage-european-commission_sk', 'nivel_sensibilidade': 'publico_institucional', 'contexto_sensivel_detectado': False, 'marcadores_contexto_sensivel': [], 'origem': 'https://defence-industry-space.ec.europa.eu/eu-defence-industry/european-defence-fund-edf-official-webpage-european-commission_sk', 'palavras_chave_detectadas': ['defence', 'electronic warfare', 'grant', 'military'], 'necessita_traducao': False, 'observacoes': '', 'tipo_recurso': 'fomento_investimento', 'natureza_recurso': 'nao_reembolsavel', 'reembolsavel': False}"
slslovenščina,slslovenščina,https://defence-industry-space.ec.europa.eu/eu-defence-industry/european-defence-fund-edf-official-webpage-european-commission_sl,European Defence Fund,,,Em andamento,,tecnologias_estrategicas,monitoramento_oportunidades_publicas,contratacao_publica,"{'regiao': '', 'setor_estrategico': 'defesa_industrial', 'subtema': [], 'area_cientifica': [], 'area_tecnologica': [], 'tipo_oportunidade': 'noticia_institucional', 'empresa_prime': '', 'orgao_contratante': 'European Defence Fund', 'pais': 'EU', 'idioma_original': '', 'titulo_original': '', 'descricao_original': '', 'titulo_traduzido': '', 'descricao_traduzida': '', 'orgao_responsavel': '', 'instituicao': '', 'numero_edital': '', 'numero_chamada': '', 'numero_processo': '', 'codigo_oportunidade': '', 'modalidade': '', 'publico_alvo': '', 'elegibilidade': '', 'objetivo': '', 'escopo': '', 'itens_financiaveis': [], 'itens_nao_financiaveis': [], 'valor_total': '', 'valor_por_projeto': '', 'contrapartida': '', 'prazo_execucao': '', 'cronograma': [], 'documentos': [], 'pdf_url': '', 'pdf_texto_extraido': '', 'pdf_resumo': '', 'data_publicacao_original': '', 'fim_inscricao_original': '', 'prazo_submissao_original': '', 'metodo_extracao': 'html_listing_detail', 'url_listagem': 'https://defence-industry-space.ec.europa.eu/eu-defence-industry/european-defence-fund-edf_en', 'url_detalhe': 'https://defence-industry-space.ec.europa.eu/eu-defence-industry/european-defence-fund-edf-official-webpage-european-commission_sl', 'nivel_sensibilidade': 'publico_institucional', 'contexto_sensivel_detectado': False, 'marcadores_contexto_sensivel': [], 'origem': 'https://defence-industry-space.ec.europa.eu/eu-defence-industry/european-defence-fund-edf-official-webpage-european-commission_sl', 'palavras_chave_detectadas': [], 'necessita_traducao': False, 'observacoes': '', 'tipo_recurso': 'contratacao_publica', 'natureza_recurso': 'contratual', 'reembolsavel': None}"
EDF | Developing tomorrow's defence capabilities,"The EDF supports companies across Member States develop competitive and collaborative defence projects that will deliver innovative and interoperable defence technologies and equipment. It offers support and advice to participants throughout the entire cycle of research and development. The Fund has a budget of nearly €7.3 billion for 2021-2027, with €2.7 billion allocated for collaborative defence research and €5.3 billion for collaborative capability development projects that complement national contributions. The financial support is offered primarily through grants up to 100% of eligible costs contingent on activities involved and a bonus system that considers SMEs, mid-caps, and connection to a PESCO project. The EDF is implemented through annual work programmes structured along 34 thematic and horizontal categories of actions along the objectives set in the Multiannual Financial Framework 2021-2027. The Programme is implemented directly by the Commission. In duly justified cases and in line with the EDF Regulation, the management of a grant can be delegated to an entrusted entity. Identified priorities are aiming at contributing to the security and defence interests of the Union, in line with defence capability priorities agreed by Member States within the framework of the Common Security and Defence Policy (CSDP) and particularly in the context of the Capability Development Plan (CDP), and taking into account, where appropriate, regional priorities and priorities from and international organisations (NATO). The categories of actions structuring the annual work programmes have been designed to cover all military domains and key enabling technologies. Funded projects should enable the European Commission to respond to the needs of Member States while targeting critical capabilities that are essential for the future. The EDF annual work programmes are defined in close cooperation with Member States representatives within the EDF Programme Committee, including the involvement of the European Defence Agency (EDA) and the European External Action Service (EEAS). The EDF builds on earlier initiatives such as the Preparatory Action on Defence Research (PADR) and the European Industrial Development Programme (EDIDP). On 17 December 2025, the Commission adopted the European Defence Fund’s 2026 Annual Work Programme, earmarking €1 billion for collaborative research and development (R&D) in the field of defence. The EDF Work Programme 2026 addresses 31 call topics in total, structured along seven thematic calls for proposals, three non-thematic calls for proposals, one action to focus on threats from hypersonic glide vehicles, and two actions in support of the EU Alliance for defence medical countermeasures. Commonly agreed critical defence capability priorities remain at the forefront, with half of the budget earmarked to support collaborative R&D on major defence capabilities. This includes the development of an EU endo-atmospheric interceptor, a main battle tank, a multiple rocket launcher, and a semi-autonomous vessel. One quarter of the budget is allocated to critical technologies and capabilities in a variety of forward-looking areas, including quantum-secured networks, electronic warfare, multi-domain operations cloud and high-performance energy systems. The last quarter is dedicated to implementing the EU Defence Innovation Scheme (EUDIS), which supports innovation and disruptive technologies for defence applications through targeted",https://defence-industry-space.ec.europa.eu/eu-defence-industry/european-defence-fund-edf-official-webpage-european-commission_fi,European Defence Fund,,,Em andamento,,tecnologias_estrategicas,monitoramento_oportunidades_publicas,fomento_investimento,"{'regiao': '', 'setor_estrategico': 'defesa_industrial', 'subtema': ['eletronica_defesa', 'espaco_defesa', 'pdi_defesa'], 'area_cientifica': ['espaco_defesa'], 'area_tecnologica': ['eletronica_defesa', 'pdi_defesa'], 'tipo_oportunidade': 'programa_pdi', 'empresa_prime': '', 'orgao_contratante': 'European Defence Fund', 'pais': 'EU', 'idioma_original': '', 'titulo_original': '', 'descricao_original': '', 'titulo_traduzido': '', 'descricao_traduzida': '', 'orgao_responsavel': '', 'instituicao': '', 'numero_edital': '', 'numero_chamada': '', 'numero_processo': '', 'codigo_oportunidade': '', 'modalidade': '', 'publico_alvo': '', 'elegibilidade': '', 'objetivo': '', 'escopo': '', 'itens_financiaveis': [], 'itens_nao_financiaveis': [], 'valor_total': '', 'valor_por_projeto': '', 'contrapartida': '', 'prazo_execucao': '', 'cronograma': [], 'documentos': [{'nome': 'Calls for proposals', 'url': 'https://defence-industry-space.ec.europa.eu/funding-opportunities/calls-proposals_en?prefLang=fi'}, {'nome': 'EU Funding & Tenders Portal', 'url': 'https://ec.europa.eu/info/funding-tenders/opportunities/portal/screen/opportunities/calls-for-proposals?order=DESC&pageNumber=1&pageSize=50&sortBy=startDate&isExactMatch=true&status=31094502&frameworkProgramme=44181033'}, {'nome': 'available here.', 'url': 'https://defence-industry-space.ec.europa.eu/document/download/0d816838-609c-4140-a94b-ac75afc0b813_en?filename=EDF%20Info%20days%202026_%20Master%20presentation%20v3.2%20as%20presented%20and%20reviewed.pdf'}, {'nome': 'EDF26 - Gold Hall - Overview of the 2026 calls, including Q&A', 'url': 'https://player.clevercast.com/?account_id=2bK6kL&item_id=AkpYNo'}, {'nome': 'slides', 'url': 'https://defence-industry-space.ec.europa.eu/system/files/2025-04/EDF%20tutorial%20-%20Funding%20rates%20and%20bonus.pdf'}, {'nome': 'slides', 'url': 'https://defence-industry-space.ec.europa.eu/system/files/2025-04/EDF%20tutorial%20-%20Co-financing%20declaration_0.pdf'}, {'nome': 'slides', 'url': 'https://defence-industry-space.ec.europa.eu/system/files/2025-04/EDF%20tutorial%20-%20Type%20of%20grants%20%26%20Funding%20options.pdf'}, {'nome': 'slides', 'url': 'https://defence-industry-space.ec.europa.eu/system/files/2024-05/EDF%20Tutorial%20-%20Cost%20categories.pdf'}, {'nome': 'slides', 'url': 'https://defence-industry-space.ec.europa.eu/system/files/2024-05/EDF%20Tutorial%20-%20Actual%20indirect%20costs.pdf'}, {'nome': 'slides', 'url': 'https://defence-industry-space.ec.europa.eu/document/download/47dc8a4a-464b-4454-bf2d-841754ec747e_en?filename=EDF%20Tutorial%20-%20Detailed%20Budget%20Tables.pdf'}, {'nome': 'slides', 'url': 'https://defence-industry-space.ec.europa.eu/system/files/2025-04/EDF%20tutorial%20-%20Payment%20scheme.pdf'}, {'nome': 'slides', 'url': 'https://defence-industry-space.ec.europa.eu/document/download/ff846d80-34f5-4209-a3bc-e412f44eb682_en?filename=Tutorial%20-%20Reporting%20actual%20costs.pdf'}], 'pdf_url': 'https://defence-industry-space.ec.europa.eu/document/download/0d816838-609c-4140-a94b-ac75afc0b813_en?filename=EDF%20Info%20days%202026_%20Master%20presentation%20v3.2%20as%20presented%20and%20reviewed.pdf', 'pdf_texto_extraido': '', 'pdf_resumo': '', 'data_publicacao_original': '', 'fim_inscricao_original': '', 'prazo_submissao_original': '', 'metodo_extracao': 'html_listing_detail', 'url_listagem': 'https://defence-industry-space.ec.europa.eu/eu-defence-industry/european-defence-fund-edf_en', 'url_detalhe': 'https://defence-industry-space.ec.europa.eu/eu-defence-industry/european-defence-fund-edf-official-webpage-european-commission_fi', 'nivel_sensibilidade': 'publico_institucional', 'contexto_sensivel_detectado': False, 'marcadores_contexto_sensivel': [], 'origem': 'https://defence-industry-space.ec.europa.eu/eu-defence-industry/european-defence-fund-edf-official-webpage-european-commission_fi', 'palavras_chave_detectadas': ['defence', 'electronic warfare', 'grant', 'military'], 'necessita_traducao': False, 'observacoes': '', 'tipo_recurso': 'fomento_investimento', 'natureza_recurso': 'nao_reembolsavel', 'reembolsavel': False}"
EDF | Developing tomorrow's defence capabilities,"The EDF supports companies across Member States develop competitive and collaborative defence projects that will deliver innovative and interoperable defence technologies and equipment. It offers support and advice to participants throughout the entire cycle of research and development. The Fund has a budget of nearly €7.3 billion for 2021-2027, with €2.7 billion allocated for collaborative defence research and €5.3 billion for collaborative capability development projects that complement national contributions. The financial support is offered primarily through grants up to 100% of eligible costs contingent on activities involved and a bonus system that considers SMEs, mid-caps, and connection to a PESCO project. The EDF is implemented through annual work programmes structured along 34 thematic and horizontal categories of actions along the objectives set in the Multiannual Financial Framework 2021-2027. The Programme is implemented directly by the Commission. In duly justified cases and in line with the EDF Regulation, the management of a grant can be delegated to an entrusted entity. Identified priorities are aiming at contributing to the security and defence interests of the Union, in line with defence capability priorities agreed by Member States within the framework of the Common Security and Defence Policy (CSDP) and particularly in the context of the Capability Development Plan (CDP), and taking into account, where appropriate, regional priorities and priorities from and international organisations (NATO). The categories of actions structuring the annual work programmes have been designed to cover all military domains and key enabling technologies. Funded projects should enable the European Commission to respond to the needs of Member States while targeting critical capabilities that are essential for the future. The EDF annual work programmes are defined in close cooperation with Member States representatives within the EDF Programme Committee, including the involvement of the European Defence Agency (EDA) and the European External Action Service (EEAS). The EDF builds on earlier initiatives such as the Preparatory Action on Defence Research (PADR) and the European Industrial Development Programme (EDIDP). On 17 December 2025, the Commission adopted the European Defence Fund’s 2026 Annual Work Programme, earmarking €1 billion for collaborative research and development (R&D) in the field of defence. The EDF Work Programme 2026 addresses 31 call topics in total, structured along seven thematic calls for proposals, three non-thematic calls for proposals, one action to focus on threats from hypersonic glide vehicles, and two actions in support of the EU Alliance for defence medical countermeasures. Commonly agreed critical defence capability priorities remain at the forefront, with half of the budget earmarked to support collaborative R&D on major defence capabilities. This includes the development of an EU endo-atmospheric interceptor, a main battle tank, a multiple rocket launcher, and a semi-autonomous vessel. One quarter of the budget is allocated to critical technologies and capabilities in a variety of forward-looking areas, including quantum-secured networks, electronic warfare, multi-domain operations cloud and high-performance energy systems. The last quarter is dedicated to implementing the EU Defence Innovation Scheme (EUDIS), which supports innovation and disruptive technologies for defence applications through targeted",https://defence-industry-space.ec.europa.eu/eu-defence-industry/european-defence-fund-edf-official-webpage-european-commission_sv,European Defence Fund,,,Em andamento,,tecnologias_estrategicas,monitoramento_oportunidades_publicas,fomento_investimento,"{'regiao': '', 'setor_estrategico': 'defesa_industrial', 'subtema': ['eletronica_defesa', 'espaco_defesa', 'pdi_defesa'], 'area_cientifica': ['espaco_defesa'], 'area_tecnologica': ['eletronica_defesa', 'pdi_defesa'], 'tipo_oportunidade': 'programa_pdi', 'empresa_prime': '', 'orgao_contratante': 'European Defence Fund', 'pais': 'EU', 'idioma_original': '', 'titulo_original': '', 'descricao_original': '', 'titulo_traduzido': '', 'descricao_traduzida': '', 'orgao_responsavel': '', 'instituicao': '', 'numero_edital': '', 'numero_chamada': '', 'numero_processo': '', 'codigo_oportunidade': '', 'modalidade': '', 'publico_alvo': '', 'elegibilidade': '', 'objetivo': '', 'escopo': '', 'itens_financiaveis': [], 'itens_nao_financiaveis': [], 'valor_total': '', 'valor_por_projeto': '', 'contrapartida': '', 'prazo_execucao': '', 'cronograma': [], 'documentos': [{'nome': 'Calls for proposals', 'url': 'https://defence-industry-space.ec.europa.eu/funding-opportunities/calls-proposals_en?prefLang=sv'}, {'nome': 'EU Funding & Tenders Portal', 'url': 'https://ec.europa.eu/info/funding-tenders/opportunities/portal/screen/opportunities/calls-for-proposals?order=DESC&pageNumber=1&pageSize=50&sortBy=startDate&isExactMatch=true&status=31094502&frameworkProgramme=44181033'}, {'nome': 'available here.', 'url': 'https://defence-industry-space.ec.europa.eu/document/download/0d816838-609c-4140-a94b-ac75afc0b813_en?filename=EDF%20Info%20days%202026_%20Master%20presentation%20v3.2%20as%20presented%20and%20reviewed.pdf'}, {'nome': 'EDF26 - Gold Hall - Overview of the 2026 calls, including Q&A', 'url': 'https://player.clevercast.com/?account_id=2bK6kL&item_id=AkpYNo'}, {'nome': 'slides', 'url': 'https://defence-industry-space.ec.europa.eu/system/files/2025-04/EDF%20tutorial%20-%20Funding%20rates%20and%20bonus.pdf'}, {'nome': 'slides', 'url': 'https://defence-industry-space.ec.europa.eu/system/files/2025-04/EDF%20tutorial%20-%20Co-financing%20declaration_0.pdf'}, {'nome': 'slides', 'url': 'https://defence-industry-space.ec.europa.eu/system/files/2025-04/EDF%20tutorial%20-%20Type%20of%20grants%20%26%20Funding%20options.pdf'}, {'nome': 'slides', 'url': 'https://defence-industry-space.ec.europa.eu/system/files/2024-05/EDF%20Tutorial%20-%20Cost%20categories.pdf'}, {'nome': 'slides', 'url': 'https://defence-industry-space.ec.europa.eu/system/files/2024-05/EDF%20Tutorial%20-%20Actual%20indirect%20costs.pdf'}, {'nome': 'slides', 'url': 'https://defence-industry-space.ec.europa.eu/document/download/47dc8a4a-464b-4454-bf2d-841754ec747e_en?filename=EDF%20Tutorial%20-%20Detailed%20Budget%20Tables.pdf'}, {'nome': 'slides', 'url': 'https://defence-industry-space.ec.europa.eu/system/files/2025-04/EDF%20tutorial%20-%20Payment%20scheme.pdf'}, {'nome': 'slides', 'url': 'https://defence-industry-space.ec.europa.eu/document/download/ff846d80-34f5-4209-a3bc-e412f44eb682_en?filename=Tutorial%20-%20Reporting%20actual%20costs.pdf'}], 'pdf_url': 'https://defence-industry-space.ec.europa.eu/document/download/0d816838-609c-4140-a94b-ac75afc0b813_en?filename=EDF%20Info%20days%202026_%20Master%20presentation%20v3.2%20as%20presented%20and%20reviewed.pdf', 'pdf_texto_extraido': '', 'pdf_resumo': '', 'data_publicacao_original': '', 'fim_inscricao_original': '', 'prazo_submissao_original': '', 'metodo_extracao': 'html_listing_detail', 'url_listagem': 'https://defence-industry-space.ec.europa.eu/eu-defence-industry/european-defence-fund-edf_en', 'url_detalhe': 'https://defence-industry-space.ec.europa.eu/eu-defence-industry/european-defence-fund-edf-official-webpage-european-commission_sv', 'nivel_sensibilidade': 'publico_institucional', 'contexto_sensivel_detectado': False, 'marcadores_contexto_sensivel': [], 'origem': 'https://defence-industry-space.ec.europa.eu/eu-defence-industry/european-defence-fund-edf-official-webpage-european-commission_sv', 'palavras_chave_detectadas': ['defence', 'electronic warfare', 'grant', 'military'], 'necessita_traducao': False, 'observacoes': '', 'tipo_recurso': 'fomento_investimento', 'natureza_recurso': 'nao_reembolsavel', 'reembolsavel': False}"
Newsroom,For any press-related inquires about the EU Space Programme and the Defence Industry you write to DEFIS-COMMUNICATIONec [dot] europa [dot] eu (DEFIS-COMMUNICATION[at]ec[dot]europa[dot]eu) or liaise directly with the Spokesperson Services.,https://defence-industry-space.ec.europa.eu/newsroom_en,European Defence Fund,,,Em andamento,,tecnologias_estrategicas,monitoramento_oportunidades_publicas,contratacao_publica,"{'regiao': '', 'setor_estrategico': 'defesa_industrial', 'subtema': [], 'area_cientifica': [], 'area_tecnologica': [], 'tipo_oportunidade': 'noticia_institucional', 'empresa_prime': '', 'orgao_contratante': 'European Defence Fund', 'pais': 'EU', 'idioma_original': '', 'titulo_original': '', 'descricao_original': '', 'titulo_traduzido': '', 'descricao_traduzida': '', 'orgao_responsavel': '', 'instituicao': '', 'numero_edital': '', 'numero_chamada': '', 'numero_processo': '', 'codigo_oportunidade': '', 'modalidade': '', 'publico_alvo': '', 'elegibilidade': '', 'objetivo': '', 'escopo': '', 'itens_financiaveis': [], 'itens_nao_financiaveis': [], 'valor_total': '', 'valor_por_projeto': '', 'contrapartida': '', 'prazo_execucao': '', 'cronograma': [], 'documentos': [{'nome': 'Calls for proposals', 'url': 'https://defence-industry-space.ec.europa.eu/funding-opportunities/calls-proposals_en'}], 'pdf_url': '', 'pdf_texto_extraido': '', 'pdf_resumo': '', 'data_publicacao_original': '', 'fim_inscricao_original': '', 'prazo_submissao_original': '', 'metodo_extracao': 'html_listing_detail', 'url_listagem': 'https://defence-industry-space.ec.europa.eu/eu-defence-industry/european-defence-fund-edf_en', 'url_detalhe': 'https://defence-industry-space.ec.europa.eu/newsroom_en', 'nivel_sensibilidade': 'publico_institucional', 'contexto_sensivel_detectado': False, 'marcadores_contexto_sensivel': [], 'origem': 'https://defence-industry-space.ec.europa.eu/newsroom_en', 'palavras_chave_detectadas': ['defence'], 'necessita_traducao': False, 'observacoes': '', 'tipo_recurso': 'contratacao_publica', 'natureza_recurso': 'contratual', 'reembolsavel': None}"
Consultation on the new European Defence Industrial Strategy,"Consultation period: From 27.10.2023 to 29.12.2023 On 27 October 2023, the Commission, in close cooperation with the High Representative, launched a comprehensive consultation process with targeted groups of stakeholders to inform the new European Defence Industrial Strategy (EDIS), as announced by President von der Leyen in her 2023 State of the Union. As announced in the recent Press Release, the strategy will build on the Defence Investment Gap Analysis, the experience of the European Defence Fund and other EU defence instruments, as well as the recent initiatives to enhance joint procurement between Member States and to ramp up industrial capacity to support Ukraine. EDIS will give further impulse to developing Member States’ defence capabilities, underpinned by a modern and resilient European defence technological and industrial base, establishing a strategic framework for the coming years. This will not only allow Member States to restock and acquire new defence equipment but also strengthen the European Union as a security and defence actor in the long-term, in line with the ambition set out in the Strategic Compass. Against this backdrop, the strategy will reflect on four main themes: defence investment, defence industry competitiveness, enhancing security of supply and mainstreaming defence readiness culture in EU policies. To achieve these objectives, EDIS is being prepared by consulting and engaging with the following target groups: Defence Industry (the Commission expert group on policies and programmes relevant to EU space, defence and aeronautics industry as well as national and EU defence industry associations) Think tanks and Academia. See Call for written inputs and its privacy statement below: In parallel, the European Commission regularly informs relevant EU institutions (Council, European Parliament, including SEDE and ITRE committees). The process is structured along two main pillars: You are not part of the target group but want to contribute? You can! In case you want to contribute to the consultation on the new European Defence Industrial Strategy, please use the following email address DEFIS-EDIS-CONSULTATIONec [dot] europa [dot] eu (DEFIS-EDIS-CONSULTATION[at]ec[dot]europa[dot]eu) to submit your written contribution. While no specific template is provided for the written contribution from non-target groups, interested stakeholders are kindly invited to provide a maximum 100 words overview/abstract/summary of their contribution and indicate which of the following topic(s) is/are addressed: 2. Adapting the Union’s defence industrial base 3. Enhancing our security of supply on the Internal Market 4. Mainstreaming defence readiness culture in EU policies",https://defence-industry-space.ec.europa.eu/newsroom/consultation-new-european-defence-industrial-strategy_en,European Defence Fund,,,Em andamento,,tecnologias_estrategicas,monitoramento_oportunidades_publicas,fomento_investimento,"{'regiao': '', 'setor_estrategico': 'defesa_industrial', 'subtema': ['espaco_defesa', 'licitacoes_defesa'], 'area_cientifica': ['espaco_defesa'], 'area_tecnologica': ['licitacoes_defesa'], 'tipo_oportunidade': 'licitacao', 'empresa_prime': '', 'orgao_contratante': 'European Defence Fund', 'pais': 'EU', 'idioma_original': '', 'titulo_original': '', 'descricao_original': '', 'titulo_traduzido': '', 'descricao_traduzida': '', 'orgao_responsavel': '', 'instituicao': '', 'numero_edital': '', 'numero_chamada': '', 'numero_processo': '', 'codigo_oportunidade': '', 'modalidade': '', 'publico_alvo': '', 'elegibilidade': '', 'objetivo': '', 'escopo': '', 'itens_financiaveis': [], 'itens_nao_financiaveis': [], 'valor_total': '', 'valor_por_projeto': '', 'contrapartida': '', 'prazo_execucao': '', 'cronograma': [], 'documentos': [{'nome': 'Calls for proposals', 'url': 'https://defence-industry-space.ec.europa.eu/funding-opportunities/calls-proposals_en'}, {'nome': 'Call for Written inputs_Academia', 'url': 'https://defence-industry-space.ec.europa.eu/document/download/99a2c270-b266-4290-990c-45d5be35b3a6_en?filename=Call%20for%20Written%20Inputs_Academia.pdf'}, {'nome': 'Privacy Statement - Call for written inputs', 'url': 'https://defence-industry-space.ec.europa.eu/document/download/c2bb41cc-ce0d-4a57-be54-1c0d9270433e_en?filename=Privacy%20statement.pdf'}, {'nome': 'EDIS - Overall consultation paper', 'url': 'https://defence-industry-space.ec.europa.eu/document/download/08afa09b-5012-40ba-b7ef-31e39464ba30_en?filename=Overall%20Consultation%20Paper%20-%20Final%20Version_Stakeholders.pdf'}, {'nome': 'EDIS - Issues Paper 2', 'url': 'https://defence-industry-space.ec.europa.eu/document/download/1ed91f5c-7462-4910-b41a-9deb71302ecd_en?filename=EDIS%20Issues%20paper%202.pdf'}, {'nome': 'EDIS - Issues paper 3', 'url': 'https://defence-industry-space.ec.europa.eu/document/download/d915d1f8-479c-4e35-8683-dd9afb29ae4b_en?filename=EDIS%20Issues%20paper%203.pdf'}, {'nome': 'EDIS - Issues paper 4', 'url': 'https://defence-industry-space.ec.europa.eu/document/download/affbc6b6-6875-4b4b-873a-f1464c06308c_en?filename=EDIS%20Issue%20Paper%204.pdf'}, {'nome': 'EDIS - Issues Paper 5', 'url': 'https://defence-industry-space.ec.europa.eu/document/download/bebd3d2f-bd0a-46f5-aee2-6ae586dba3ad_en?filename=EDIS%20Issue%20Paper%205.pdf'}], 'pdf_url': 'https://defence-industry-space.ec.europa.eu/document/download/99a2c270-b266-4290-990c-45d5be35b3a6_en?filename=Call%20for%20Written%20Inputs_Academia.pdf', 'pdf_texto_extraido': '', 'pdf_resumo': '', 'data_publicacao_original': '', 'fim_inscricao_original': '', 'prazo_submissao_original': '', 'metodo_extracao': 'html_listing_detail', 'url_listagem': 'https://defence-industry-space.ec.europa.eu/eu-defence-industry/european-defence-fund-edf_en', 'url_detalhe': 'https://defence-industry-space.ec.europa.eu/newsroom/consultation-new-european-defence-industrial-strategy_en', 'nivel_sensibilidade': 'publico_institucional', 'contexto_sensivel_detectado': False, 'marcadores_contexto_sensivel': [], 'origem': 'https://defence-industry-space.ec.europa.eu/newsroom/consultation-new-european-defence-industrial-strategy_en', 'palavras_chave_detectadas': ['defence', 'procurement'], 'necessita_traducao': False, 'observacoes': '', 'tipo_recurso': 'fomento_investimento', 'natureza_recurso': 'nao_reembolsavel', 'reembolsavel': False}"
Consultation to contribute to the Defence Omnibus Simplification Proposal,"This consultation will close on 22 April 2025 On 6 March 2025, the European Council called the Commission “to swiftly take work forward on simplifying the legal and administrative framework, in particular for public procurement, industry cooperation, permitting and reporting requirements, in order to address all obstacles and bottlenecks hindering a rapid ramping up of the defence industry, including for SMEs and mid-caps. In this context, the European Council invites the Commission to prioritise a defence-specific simplification omnibus."" The White Paper for European Defence Readiness 2030 adopted by the Commission on 19 March 2025 envisages that the Commission will present a dedicated Defence Omnibus Simplification proposal by June 2025. In particular, it recalls that ""regulatory simplification and harmonisation must focus both on rules and procedures that are specific to the defence sector, and on the impact on the defence industry of EU policies and regulations that are not defence-specific, but which impede the European defence technological and industrial base (EDTIB) from responding with maximum agility to the current heightened needs."" In this perspective, DG DEFIS is currently collecting data, evidence and suggestions from stakeholders (Member States, industry and others) with the aim of (i) removing regulatory barriers/discriminations which affect the European defence industry in EU-regulations and programmes, (ii) simplifying and accelerating procurement procedures for the European defence industry and to simplify and facilitate transfer of defence products in the Internal Market, as well as (iii) simplifying EU defence programmes, in particular the European Defence Fund (EDF). It is addressed to defence industrial players and businesses with ties to the defence industry, Member States and other relevant stakeholders (such as the financial sector). This consultation will close on 22 April 2025. Please make sure that you are addressing a well-identified problem; and that you link it to a specific existing provision of an EU text, always being mindful to be as concrete as possible (eg, refer to an exact provision). Please always elaborate why a certain issue is particular to the defence sector and provide specific examples. Please also provide, if possible, a cost estimate of the magnitude of possible cost savings for your entity and for the sector in general. Please only respond to the questions which are relevant for you. Should you have a problem completing this questionnaire or if you require particular assistance, please contact: DEFIS-SIMPLIFICATIONec [dot] europa [dot] eu (DEFIS-SIMPLIFICATION[at]ec[dot]europa[dot]eu)",https://defence-industry-space.ec.europa.eu/newsroom/consultation-contribute-defence-omnibus-simplification-proposal_en,European Defence Fund,,,Em andamento,,tecnologias_estrategicas,monitoramento_oportunidades_publicas,fomento_investimento,"{'regiao': '', 'setor_estrategico': 'defesa_industrial', 'subtema': ['licitacoes_defesa'], 'area_cientifica': [], 'area_tecnologica': ['licitacoes_defesa'], 'tipo_oportunidade': 'licitacao', 'empresa_prime': '', 'orgao_contratante': 'European Defence Fund', 'pais': 'EU', 'idioma_original': '', 'titulo_original': '', 'descricao_original': '', 'titulo_traduzido': '', 'descricao_traduzida': '', 'orgao_responsavel': '', 'instituicao': '', 'numero_edital': '', 'numero_chamada': '', 'numero_processo': '', 'codigo_oportunidade': '', 'modalidade': '', 'publico_alvo': '', 'elegibilidade': '', 'objetivo': '', 'escopo': '', 'itens_financiaveis': [], 'itens_nao_financiaveis': [], 'valor_total': '', 'valor_por_projeto': '', 'contrapartida': '', 'prazo_execucao': '', 'cronograma': [], 'documentos': [{'nome': 'Calls for proposals', 'url': 'https://defence-industry-space.ec.europa.eu/funding-opportunities/calls-proposals_en'}, {'nome': 'European Council called the Commission', 'url': 'https://www.consilium.europa.eu/en/press/press-releases/2025/03/06/european-council-conclusions-on-european-defence/'}, {'nome': 'White Paper for European Defence Readiness 2030', 'url': 'https://defence-industry-space.ec.europa.eu/document/download/30b50d2c-49aa-4250-9ca6-27a0347cf009_en?filename=White%20Paper.pdf'}], 'pdf_url': 'https://defence-industry-space.ec.europa.eu/document/download/30b50d2c-49aa-4250-9ca6-27a0347cf009_en?filename=White%20Paper.pdf', 'pdf_texto_extraido': '', 'pdf_resumo': '', 'data_publicacao_original': '', 'fim_inscricao_original': '', 'prazo_submissao_original': '', 'metodo_extracao': 'html_listing_detail', 'url_listagem': 'https://defence-industry-space.ec.europa.eu/eu-defence-industry/european-defence-fund-edf_en', 'url_detalhe': 'https://defence-industry-space.ec.europa.eu/newsroom/consultation-contribute-defence-omnibus-simplification-proposal_en', 'nivel_sensibilidade': 'publico_institucional', 'contexto_sensivel_detectado': False, 'marcadores_contexto_sensivel': [], 'origem': 'https://defence-industry-space.ec.europa.eu/newsroom/consultation-contribute-defence-omnibus-simplification-proposal_en', 'palavras_chave_detectadas': ['defence', 'procurement'], 'necessita_traducao': False, 'observacoes': '', 'tipo_recurso': 'fomento_investimento', 'natureza_recurso': 'nao_reembolsavel', 'reembolsavel': False}"
Latest news,"From 24 to 26 April 2026, the 11th CASSINI Hackathon: Space for Water took place simultaneously across ten countries, bringing together 722 participants creating 145 teams to apply EU Space Programme technologies to one of the most pressing challenges of our time: water. DG DEFIS publishes a Study on the Attractiveness of the Defence Industry, commissioned to the consortium of Novaspace, RAND Europe and Verian. The study collected EU-wide data on how the defence industry is perceived by students, young professionals, ... The European Commission and the European Defence Agency (EDA) have signed a Contribution Agreement to launch the second phase of the BraveTech EU initiative, marking a significant step forward in EU-supported defence innovation. The report, published today by the Copernicus Climate Change Service (C3S) and produced by the European Centre for Medium-Range Weather Forecasts (ECMWF), shows Europe is the fastest-warming continent on Earth. From 15 to 17 October, eight simultaneous hackathons will take place across Europe — and we are now launching the search for the eight Local Organisers who will host them. On Monday 20 April, the Alliance for Zero-Emission Aviation (AZEA) held its Roadmap Publication Ceremony at EUROCONTROL, in the context of the 7th General Assembly of the Alliance. European Commissioner for Defence and Space, Andrius Kubilius, State Minister of Economy, Trade and Industry, Toshio Ino attended the first meeting of the EU-Japan Defence Industry Dialogue, launched by the industries of both the EU and Japan under the EU-Japan Competitiveness Alliance On 13 April 2026, a new call was launched inviting start-ups and scale-ups to apply for the next Autumn Cohort of the EUDIS Defence Business Accelerator, with the programme set to commence in September 2026. A total of 20 companies will be selected to participate. The call is open until 30 May. Following the evaluation of the 2025 calls for the European Defence Fund (EDF), the European Commission will invest €1.07 billion in 57 new EDF projects. Today, the European Commission unveiled a proposal establishing a standalone founding act for the European Union Space Services Agency (EUSPA), thereby renaming the current Agency for the European Space Programme and amending the existing Union Space Programme Regulation (EU) 2021/696.",https://defence-industry-space.ec.europa.eu/newsroom/latest-news_en,European Defence Fund,,,Em andamento,,tecnologias_estrategicas,monitoramento_oportunidades_publicas,fomento_investimento,"{'regiao': '', 'setor_estrategico': 'defesa_industrial', 'subtema': ['espaco_defesa'], 'area_cientifica': ['espaco_defesa'], 'area_tecnologica': [], 'tipo_oportunidade': 'noticia_institucional', 'empresa_prime': '', 'orgao_contratante': 'European Defence Fund', 'pais': 'EU', 'idioma_original': '', 'titulo_original': '', 'descricao_original': '', 'titulo_traduzido': '', 'descricao_traduzida': '', 'orgao_responsavel': '', 'instituicao': '', 'numero_edital': '', 'numero_chamada': '', 'numero_processo': '', 'codigo_oportunidade': '', 'modalidade': '', 'publico_alvo': '', 'elegibilidade': '', 'objetivo': '', 'escopo': '', 'itens_financiaveis': [], 'itens_nao_financiaveis': [], 'valor_total': '', 'valor_por_projeto': '', 'contrapartida': '', 'prazo_execucao': '', 'cronograma': [], 'documentos': [{'nome': 'Calls for proposals', 'url': 'https://defence-industry-space.ec.europa.eu/funding-opportunities/calls-proposals_en'}, {'nome': 'New EUDIS Defence Business Accelerator Call', 'url': 'https://defence-industry-space.ec.europa.eu/new-eudis-defence-business-accelerator-call-2026-04-16_en'}], 'pdf_url': '', 'pdf_texto_extraido': '', 'pdf_resumo': '', 'data_publicacao_original': '', 'fim_inscricao_original': '', 'prazo_submissao_original': '', 'metodo_extracao': 'html_listing_detail', 'url_listagem': 'https://defence-industry-space.ec.europa.eu/eu-defence-industry/european-defence-fund-edf_en', 'url_detalhe': 'https://defence-industry-space.ec.europa.eu/newsroom/latest-news_en', 'nivel_sensibilidade': 'publico_institucional', 'contexto_sensivel_detectado': False, 'marcadores_contexto_sensivel': [], 'origem': 'https://defence-industry-space.ec.europa.eu/newsroom/latest-news_en', 'palavras_chave_detectadas': ['defence'], 'necessita_traducao': False, 'observacoes': '', 'tipo_recurso': 'fomento_investimento', 'natureza_recurso': 'nao_reembolsavel', 'reembolsavel': False}"
Targeted consultation on EU Space Law,"If you want to make further contribution, you can do so until 28 November 2023 on the Have your Say portal On the 13th of September 2023, in the framework of the State of the Union, President von der Leyen presented Commission priorities for 2024. The Letter of Intent includes an initiative for an EU Space Law (EUSL). The legislative proposal could be adopted by the Commission in the first trimester of 2024. It envisages common EU rules addressing the safety, resilience and sustainability of space activities and operations. It intends to avoid and remove fragmentation and barriers across the single market caused by the heterogeneity or lack of national space legislations, while ensuring the competitiveness of the European space sector in an international trade context. The EUSL will cover three pillars attached to the following objectives: ensure a safe satellite traffic that tackles the increasing risk of collisions and damages by space debris: EUSL safety pillar. coherently protect the EU and national space infrastructures and assets against harmful threats (notably cyberattacks): EUSL resilience pillar guarantee the long-term sustainability of space operations, ensuring the ability of the EU to rely on space as an important enabler of services and economic growth : EUSL sustainability pillar. Space-related services and space-derived data are increasingly used in many different economic sectors. They support the implementation of public policies, the operation of commercial businesses and facilitate the lives and activities of EU citizens. Space-related services and data equally support the areas of security and defence and contribute to achieving the EU’s political agenda, enabling the digital and green transitions, and enhancing its resilience. Space is equally critical to support the strategic autonomy of the EU and its Member States. Opportunities offered to businesses, citizens and policy makers by space-based services have created significant economic opportunities which have resulted in the era of “new space” economy. This has also allowed decreasing costs of sending satellites into space (e.g., due to the use of reusable launchers and the development of micro-launchers). Yet, it also contributed to the increase in the number of satellites in orbit, notably with the development of mega-constellations. The changing economic environment of space activities, the emergence of new space actors, the progressive congestion of space, and the rise of technological/cyber risks threaten the safety, security/resilience and sustainability of space operations. These challenges raise important questions on how to fully and best ensure the safety and sustainability of space activities and how to increase the resilience of space infrastructures, notably of satellites. Increased resilience cannot be achieved unless all relevant segments for the space infrastructures (ground, space, links and connections to user segment) are covered in a coherent manner without gaps and ambiguities. The 2021 ‘Action plan on synergies between civil, defence and space industries’ announced the development of an EU strategy for Space Traffic Management (STM)[1]. Several Council conclusions have recognised the need for the EU to take actions for the development of STM[2], most recently the 2022 Council conclusions on an EU approach to STM[3]. In the latter, Member States recognised the role that the Commission could play in facilitating coordination of Member States’",https://defence-industry-space.ec.europa.eu/newsroom/targeted-consultation-eu-space-law_en,European Defence Fund,,,Em andamento,,tecnologias_estrategicas,monitoramento_oportunidades_publicas,fomento_pdi,"{'regiao': '', 'setor_estrategico': 'defesa_industrial', 'subtema': ['espaco_defesa'], 'area_cientifica': ['espaco_defesa'], 'area_tecnologica': [], 'tipo_oportunidade': 'noticia_institucional', 'empresa_prime': '', 'orgao_contratante': 'European Defence Fund', 'pais': 'EU', 'idioma_original': '', 'titulo_original': '', 'descricao_original': '', 'titulo_traduzido': '', 'descricao_traduzida': '', 'orgao_responsavel': '', 'instituicao': '', 'numero_edital': '', 'numero_chamada': '', 'numero_processo': '', 'codigo_oportunidade': '', 'modalidade': '', 'publico_alvo': '', 'elegibilidade': '', 'objetivo': '', 'escopo': '', 'itens_financiaveis': [], 'itens_nao_financiaveis': [], 'valor_total': '', 'valor_por_projeto': '', 'contrapartida': '', 'prazo_execucao': '', 'cronograma': [], 'documentos': [{'nome': 'Calls for proposals', 'url': 'https://defence-industry-space.ec.europa.eu/funding-opportunities/calls-proposals_en'}], 'pdf_url': '', 'pdf_texto_extraido': '', 'pdf_resumo': '', 'data_publicacao_original': '', 'fim_inscricao_original': '', 'prazo_submissao_original': '', 'metodo_extracao': 'html_listing_detail', 'url_listagem': 'https://defence-industry-space.ec.europa.eu/eu-defence-industry/european-defence-fund-edf_en', 'url_detalhe': 'https://defence-industry-space.ec.europa.eu/newsroom/targeted-consultation-eu-space-law_en', 'nivel_sensibilidade': 'publico_institucional', 'contexto_sensivel_detectado': False, 'marcadores_contexto_sensivel': [], 'origem': 'https://defence-industry-space.ec.europa.eu/newsroom/targeted-consultation-eu-space-law_en', 'palavras_chave_detectadas': ['defence'], 'necessita_traducao': False, 'observacoes': '', 'tipo_recurso': 'fomento_pdi', 'natureza_recurso': 'nao_reembolsavel', 'reembolsavel': False}"
Press Inquiries,"For any press-related inquires about the EU Space Programme and the Defence Industrym you are kindly asked to liaise directly with the Commissioner's Spokesperson Services (SSP). The Spokesperson's Service (SPP) is the official voice of the European Commission vis-à-vis the media. It organises press conferences, briefings and is the main point of contact for media organisations. Email: thomas [dot] regnierec [dot] europa [dot] eu (thomas[dot]regnier[at]ec[dot]europa[dot]eu) Email: marine [dot] straussec [dot] europa [dot] eu (marine[dot]strauss[at]ec[dot]europa[dot]eu)",https://defence-industry-space.ec.europa.eu/newsroom/press-inquiries_en,European Defence Fund,,,Em andamento,,tecnologias_estrategicas,monitoramento_oportunidades_publicas,contratacao_publica,"{'regiao': '', 'setor_estrategico': 'defesa_industrial', 'subtema': [], 'area_cientifica': [], 'area_tecnologica': [], 'tipo_oportunidade': 'noticia_institucional', 'empresa_prime': '', 'orgao_contratante': 'European Defence Fund', 'pais': 'EU', 'idioma_original': '', 'titulo_original': '', 'descricao_original': '', 'titulo_traduzido': '', 'descricao_traduzida': '', 'orgao_responsavel': '', 'instituicao': '', 'numero_edital': '', 'numero_chamada': '', 'numero_processo': '', 'codigo_oportunidade': '', 'modalidade': '', 'publico_alvo': '', 'elegibilidade': '', 'objetivo': '', 'escopo': '', 'itens_financiaveis': [], 'itens_nao_financiaveis': [], 'valor_total': '', 'valor_por_projeto': '', 'contrapartida': '', 'prazo_execucao': '', 'cronograma': [], 'documentos': [{'nome': 'Calls for proposals', 'url': 'https://defence-industry-space.ec.europa.eu/funding-opportunities/calls-proposals_en'}], 'pdf_url': '', 'pdf_texto_extraido': '', 'pdf_resumo': '', 'data_publicacao_original': '', 'fim_inscricao_original': '', 'prazo_submissao_original': '', 'metodo_extracao': 'html_listing_detail', 'url_listagem': 'https://defence-industry-space.ec.europa.eu/eu-defence-industry/european-defence-fund-edf_en', 'url_detalhe': 'https://defence-industry-space.ec.europa.eu/newsroom/press-inquiries_en', 'nivel_sensibilidade': 'publico_institucional', 'contexto_sensivel_detectado': False, 'marcadores_contexto_sensivel': [], 'origem': 'https://defence-industry-space.ec.europa.eu/newsroom/press-inquiries_en', 'palavras_chave_detectadas': ['defence'], 'necessita_traducao': False, 'observacoes': '', 'tipo_recurso': 'contratacao_publica', 'natureza_recurso': 'contratual', 'reembolsavel': None}"
Transition Pathway,"In July 2023, the Commission published the staff working document ‘For a resilient, sustainable and digital aerospace and defence industrial ecosystem: Scenarios for a transition pathway’ to initiate the co-creation process. The staff working document listed possible areas of action and measures to support the green and digital transitions as well as the resilience of the aerospace and defence ecosystem. On the basis of the staff working document, an online public consultation was conducted from 26 July to 3 November 2023. Stakeholders were invited to reflect and provide an assessment of scale, cost, long-term benefit of the possible areas of actions, commitments and investments to accompany the transition. The responses received provided an overview of existing challenges and emphasised key areas for action to be included the pathway. Following the consultation, it was decided that the transition for the Defence industry part of the ecosystem would be covered by the European Defence Industrial Strategy adopted by the Commission on 05 March 2024. The transition pathway document will therefore concern the Aerospace part of the ecosystem To complement the results of the public consultation, the Commission organized four thematic workshops with stakeholders on the following topics: resilience and capacity to act during war and crises, competitiveness and access to resources. The summary report of the thematic workshops can be consulted here A final workshop was organized on 17 November 2023 with the Commission expert group on Policies & Programmes relevant to EU Space, Defence and Aeronautics Industry (SDA), based on the results of consultations until then. The Transition Pathway for the aerospace ecosystem was published on 7June 2024. The policy report includes 53 priority actions to support the twin transitions and the long-term resilience and competitiveness of the aerospace ecosystem. The actions are divided into six building blocks, each representing one key aspect of the transition: Supporting commitments for the aerospace ecosystem transition pathway. The publication of the transition pathway initiates the co-implementation phase. A key objective of the co-implementation process is to collect commitments from stakeholders. To this aim, a call for commitments will be launched soon and will remain open during the implementation phase of the aerospace ecosystem transition pathway. The purpose of the call is to collect commitments on the concrete actions that stakeholders will take in order to bring forward actions identified in the transition pathway. We will update this section as developments occur.",https://defence-industry-space.ec.europa.eu/newsroom/transition-pathway_en,European Defence Fund,,,Em andamento,,tecnologias_estrategicas,monitoramento_oportunidades_publicas,fomento_investimento,"{'regiao': '', 'setor_estrategico': 'defesa_industrial', 'subtema': ['aeroespacial_militar', 'espaco_defesa'], 'area_cientifica': ['espaco_defesa'], 'area_tecnologica': ['aeroespacial_militar'], 'tipo_oportunidade': 'investimento', 'empresa_prime': '', 'orgao_contratante': 'European Defence Fund', 'pais': 'EU', 'idioma_original': '', 'titulo_original': '', 'descricao_original': '', 'titulo_traduzido': '', 'descricao_traduzida': '', 'orgao_responsavel': '', 'instituicao': '', 'numero_edital': '', 'numero_chamada': '', 'numero_processo': '', 'codigo_oportunidade': '', 'modalidade': '', 'publico_alvo': '', 'elegibilidade': '', 'objetivo': '', 'escopo': '', 'itens_financiaveis': [], 'itens_nao_financiaveis': [], 'valor_total': '', 'valor_por_projeto': '', 'contrapartida': '', 'prazo_execucao': '', 'cronograma': [], 'documentos': [{'nome': 'Calls for proposals', 'url': 'https://defence-industry-space.ec.europa.eu/funding-opportunities/calls-proposals_en'}, {'nome': 'For a resilient, sustainable and digital aerospace and defence industrial ecosystem: Scenarios for a transition pathway’', 'url': 'https://defence-industry-space.ec.europa.eu/system/files/2023-07/SWD_2023_280_1_EN_document_travail_service_part1_v3.pdf'}], 'pdf_url': 'https://defence-industry-space.ec.europa.eu/system/files/2023-07/SWD_2023_280_1_EN_document_travail_service_part1_v3.pdf', 'pdf_texto_extraido': '', 'pdf_resumo': '', 'data_publicacao_original': '', 'fim_inscricao_original': '', 'prazo_submissao_original': '', 'metodo_extracao': 'html_listing_detail', 'url_listagem': 'https://defence-industry-space.ec.europa.eu/eu-defence-industry/european-defence-fund-edf_en', 'url_detalhe': 'https://defence-industry-space.ec.europa.eu/newsroom/transition-pathway_en', 'nivel_sensibilidade': 'publico_institucional', 'contexto_sensivel_detectado': False, 'marcadores_contexto_sensivel': [], 'origem': 'https://defence-industry-space.ec.europa.eu/newsroom/transition-pathway_en', 'palavras_chave_detectadas': ['aerospace', 'defence'], 'necessita_traducao': False, 'observacoes': '', 'tipo_recurso': 'fomento_investimento', 'natureza_recurso': 'nao_reembolsavel', 'reembolsavel': False}"
EU Space,"We craft policies and implement the EU space programme to tackle some of today's most pressing challenges like climate change, while helping to stimulate technological innovation. “To defend ourselves using space, to defend space itself, we need to see as strategic priority for us to stay in the lead of both civilian and military use of space”, Commissioner Kubilius. The Directorate General for Defence Industry and Space(DG DEFIS) develops and implements the EU space policy and programmes to address Europe’s most pressing challenges — including competitiveness, security and defence, technological sovereignty and sustainable growth. We implement the EU Space Programme, the Secure Connectivity Programme and the space part of Horizon Europe. We are at the centre of Europe’s space ambition, shaping and enforcing the regulatory framework for EU space activities. We ensure that Europe’s space policy remains aligned with broader Union priorities. The EU Space Programme is the first integrated space programme created by the European Union to support its space policy, address societal challenges. The European Space Programme implements space activities in the fields of Earth Observation, Satellite Navigation, Secure communications and Space Safety. Complemented by Horizon Europe, it encourages and supports innovation and competitiveness through investments in critical infrastructures and disruptive technologies. Europe's regional satellite navigation system Robust satellite communications for governmental users IRIS² (Infrastructure for Resilience, Interconnectivity and Security by Satellite) is the European Union’s flagship secure connectivity programme, designed to strengthen strategic autonomy and resilience in communications. It provides secure, reliable satellite-based services for governments, businesses and citizens, supporting critical infrastructure, crisis management, and connectivity in underserved areas. Infrastructure for Resilience, Interconnectivity and Security by Satellite These programmes provide essential data and services for a wide range of applications, including climate monitoring, disaster management, sustainable agriculture, secure connectivity, transport safety, energy efficiency and digital innovation. By enabling informed decision-making and new commercial opportunities, the EU space activities contribute directly to sustainable prosperity, security and defence The Union also implements activities in the fields of space research, innovation and technologies, access to space, market uptake and international relations. It encourages and supports innovation and competitiveness. The European Parliament and the Council are currently working on new legislative proposals from the European Commission, in particular the proposal for an EU Space Act and a proposal for a European Competitiveness Fund Regulation (2028–2034) covering space. The European Parliament and the Council establish the EU space policy and programmes, acting in accordance with the ordinary legislative procedure. The programme is implemented by the European Commission in cooperation with key European partners, including the European Union Agency for the Space Programme (EUSPA), the European Space Agency (ESA) and the European Organisation for the Exploitation of Meteorological Satellites (EUMETSAT), alongside EU Member States and a wide network of public and private stakeholders.",https://defence-industry-space.ec.europa.eu/eu-space_en,European Defence Fund,,,Em andamento,,tecnologias_estrategicas,monitoramento_oportunidades_publicas,fomento_investimento,"{'regiao': '', 'setor_estrategico': 'defesa_industrial', 'subtema': ['espaco_defesa', 'infraestrutura_critica'], 'area_cientifica': ['espaco_defesa'], 'area_tecnologica': ['infraestrutura_critica'], 'tipo_oportunidade': 'programa_pdi', 'empresa_prime': '', 'orgao_contratante': 'European Defence Fund', 'pais': 'EU', 'idioma_original': '', 'titulo_original': '', 'descricao_original': '', 'titulo_traduzido': '', 'descricao_traduzida': '', 'orgao_responsavel': '', 'instituicao': '', 'numero_edital': '', 'numero_chamada': '', 'numero_processo': '', 'codigo_oportunidade': '', 'modalidade': '', 'publico_alvo': '', 'elegibilidade': '', 'objetivo': '', 'escopo': '', 'itens_financiaveis': [], 'itens_nao_financiaveis': [], 'valor_total': '', 'valor_por_projeto': '', 'contrapartida': '', 'prazo_execucao': '', 'cronograma': [], 'documentos': [{'nome': 'Calls for proposals', 'url': 'https://defence-industry-space.ec.europa.eu/funding-opportunities/calls-proposals_en'}], 'pdf_url': '', 'pdf_texto_extraido': '', 'pdf_resumo': '', 'data_publicacao_original': '', 'fim_inscricao_original': '', 'prazo_submissao_original': '', 'metodo_extracao': 'html_listing_detail', 'url_listagem': 'https://defence-industry-space.ec.europa.eu/eu-defence-industry/european-defence-fund-edf_en', 'url_detalhe': 'https://defence-industry-space.ec.europa.eu/eu-space_en', 'nivel_sensibilidade': 'publico_institucional', 'contexto_sensivel_detectado': False, 'marcadores_contexto_sensivel': [], 'origem': 'https://defence-industry-space.ec.europa.eu/eu-space_en', 'palavras_chave_detectadas': ['critical infrastructure', 'defence', 'military'], 'necessita_traducao': False, 'observacoes': '', 'tipo_recurso': 'fomento_investimento', 'natureza_recurso': 'nao_reembolsavel', 'reembolsavel': False}"
Copernicus | Earth Observation,"Copernicus is the Earth observation component of the European Union’s Space programme, looking at our planet and its environment to benefit all European citizens. It offers information services that draw from satellite Earth Observation and in-situ (non-space) data. The information provided by the Copernicus services can be used by end users for a wide range of applications in a variety of areas. These include urban area management, sustainable development and nature protection, regional and local planning, agriculture, forestry and fisheries, health, civil protection, infrastructure, transport and mobility, as well as tourism. There are 772 European companies active in the EO sector, employing 13,796 employees and generating EUR 1.796 billion in revenue EO market expected to grow rapidly from €3.4 billion in 2023 to almost €6 billion in 2033. Climate, Environmental and Biodiversity segment accounts for 22% of EO revenues. It is estimated that SMEs and start-ups account for nearly 96% of European Earth Observation companies. The European EO industry covers more than a third of the global data processing market. Access the Copernicus Data Space Ecosystem",https://defence-industry-space.ec.europa.eu/eu-space/copernicus-earth-observation_en,European Defence Fund,,,Em andamento,,tecnologias_estrategicas,monitoramento_oportunidades_publicas,contratacao_publica,"{'regiao': '', 'setor_estrategico': 'defesa_industrial', 'subtema': ['espaco_defesa'], 'area_cientifica': ['espaco_defesa'], 'area_tecnologica': [], 'tipo_oportunidade': 'noticia_institucional', 'empresa_prime': '', 'orgao_contratante': 'European Defence Fund', 'pais': 'EU', 'idioma_original': '', 'titulo_original': '', 'descricao_original': '', 'titulo_traduzido': '', 'descricao_traduzida': '', 'orgao_responsavel': '', 'instituicao': '', 'numero_edital': '', 'numero_chamada': '', 'numero_processo': '', 'codigo_oportunidade': '', 'modalidade': '', 'publico_alvo': '', 'elegibilidade': '', 'objetivo': '', 'escopo': '', 'itens_financiaveis': [], 'itens_nao_financiaveis': [], 'valor_total': '', 'valor_por_projeto': '', 'contrapartida': '', 'prazo_execucao': '', 'cronograma': [], 'documentos': [{'nome': 'Calls for proposals', 'url': 'https://defence-industry-space.ec.europa.eu/funding-opportunities/calls-proposals_en'}, {'nome': 'EO market', 'url': 'https://www.euspa.europa.eu/sites/default/files/2024-03/euspa_market_report_2024.pdf'}, {'nome': 'Copernicus - History Factsheet', 'url': 'https://defence-industry-space.ec.europa.eu/document/download/9a5c6d5f-2f00-49d2-b728-4cb0add278ff_en?filename=Copernicus%20History%20EN.pdf'}, {'nome': 'Factsheet Copernicus (EN version)', 'url': 'https://defence-industry-space.ec.europa.eu/document/download/67b5af86-4ee5-41db-8356-dc500573bdee_en?filename=Copernicus%20General%20EN.pdf'}], 'pdf_url': 'https://www.euspa.europa.eu/sites/default/files/2024-03/euspa_market_report_2024.pdf', 'pdf_texto_extraido': '', 'pdf_resumo': '', 'data_publicacao_original': '', 'fim_inscricao_original': '', 'prazo_submissao_original': '', 'metodo_extracao': 'html_listing_detail', 'url_listagem': 'https://defence-industry-space.ec.europa.eu/eu-defence-industry/european-defence-fund-edf_en', 'url_detalhe': 'https://defence-industry-space.ec.europa.eu/eu-space/copernicus-earth-observation_en', 'nivel_sensibilidade': 'publico_institucional', 'contexto_sensivel_detectado': False, 'marcadores_contexto_sensivel': [], 'origem': 'https://defence-industry-space.ec.europa.eu/eu-space/copernicus-earth-observation_en', 'palavras_chave_detectadas': [], 'necessita_traducao': False, 'observacoes': '', 'tipo_recurso': 'contratacao_publica', 'natureza_recurso': 'contratual', 'reembolsavel': None}"
Galileo | Satellite Navigation,"Galileo is Europe's Global Navigation Satellite System (GNSS) and it has been operational since December 2016. It provides accurate and reliable positioning and timing information which is used in devices such as smartphones, but also in other applications and sectors of the economy such as railways, aviation, agriculture, maritime and more. Galileo consists of 26 satellites orbiting Earth at an altitude of 23,000 km. The signals of Galileo are freely transmitted to anyone who has a device capable of receiving its signals (e.g., smartphone). Galileo is three times more accurate than GPS providing 1 meter accuracy and a broad range of services. To calculate our position, we rely on Global Navigation Satellite Systems or GNSS. A GNSS refers to a constellation of satellites providing signals from space that transmit positioning and timing data to devices with the appropriate receivers. The receivers then use this data to determine location. Currently in the world exist four GNSS the most known being the US GPS. In 2016, the European Union launched its own GNSS called Galileo. Since then, the system has been providing improved positioning, navigation and timing information to over four billion users across the globe. But in addition to helping, us commute to work or avoid getting lost while backpacking, Galileo supports the daily operations of a wide range of industries such as transport, logistics, telecommunications, and energy. Around 10% of the EU economy depends on the availability of global navigation satellite signals. Galileo consists of 24 satellites orbiting Earth at an altitude of 23,000 km. The signals of Galileo are freely transmitted to anyone who has a device capable of receiving its signals (e.g., smartphone). Galileo is four times more accurate than GPS providing 1 meter accuracy and a broad range of services. Galileo is fully funded and owned by the European Union and unlike other GNSSs it is under civilian control. Most of its services are provided free of charge all around the world. But Galileo is much more than satellites in space. The ground segment consists of two main control centres, one in Fucino (Italy) and the other in Oberpfaffenhofen (Germany), which control the satellites and manage the navigation system. Additionally, the ground segment includes the European GNSS Service Centre (GSC) located in Torrejón (Spain), the Galileo Security Monitoring Centre (GSMC) with facilities in St. Germain-en-Laye (France) and Madrid (Spain), and the Galileo Reference Centre (GRC) located in Noordwijk (The Netherlands). These facilities play crucial roles in the operation and performance monitoring of the Galileo system, ensuring its accuracy and security. The service provision and the security of the Galileo services are provided by the EU Agency for the Space Programme (EUSPA), headquartered in Prague. The agency also promotes the use of Galileo across different sectors of our economy. Galileo Open Service (OS): the most commonly used service we all rely on, in our phones, cars and smartwatches. It is complemented by Galileo OSNMA (Open Service Navigation Message Authentication), which helping to protect against GNSS spoofing. Galileo Search and Rescue (SAR): allows the location of people in distress in less than 10 mins and accuracy error below 5km. Galileo High Accuracy Service (HAS): offering an accuracy down to 20cm for applications such as autonomous cars or drones. Galileo Public Regulated Service (PRS): for authorised",https://defence-industry-space.ec.europa.eu/eu-space/galileo-satellite-navigation_en,European Defence Fund,,,Em andamento,,tecnologias_estrategicas,monitoramento_oportunidades_publicas,fomento_investimento,"{'regiao': '', 'setor_estrategico': 'defesa_industrial', 'subtema': ['espaco_defesa', 'sistemas_autonomos'], 'area_cientifica': ['espaco_defesa'], 'area_tecnologica': ['sistemas_autonomos'], 'tipo_oportunidade': 'noticia_institucional', 'empresa_prime': '', 'orgao_contratante': 'European Defence Fund', 'pais': 'EU', 'idioma_original': '', 'titulo_original': '', 'descricao_original': '', 'titulo_traduzido': '', 'descricao_traduzida': '', 'orgao_responsavel': '', 'instituicao': '', 'numero_edital': '', 'numero_chamada': '', 'numero_processo': '', 'codigo_oportunidade': '', 'modalidade': '', 'publico_alvo': '', 'elegibilidade': '', 'objetivo': '', 'escopo': '', 'itens_financiaveis': [], 'itens_nao_financiaveis': [], 'valor_total': '', 'valor_por_projeto': '', 'contrapartida': '', 'prazo_execucao': '', 'cronograma': [], 'documentos': [{'nome': 'Calls for proposals', 'url': 'https://defence-industry-space.ec.europa.eu/funding-opportunities/calls-proposals_en'}, {'nome': 'Galileo the EU Satellite Navigation System', 'url': 'https://defence-industry-space.ec.europa.eu/document/download/04ae75b0-e6b6-4a12-9e14-ecd9cd6c1a7a_en?filename=Galileo%20the%20EU%20GNSS%20Factsheet.pdf'}], 'pdf_url': 'https://defence-industry-space.ec.europa.eu/document/download/04ae75b0-e6b6-4a12-9e14-ecd9cd6c1a7a_en?filename=Galileo%20the%20EU%20GNSS%20Factsheet.pdf', 'pdf_texto_extraido': '', 'pdf_resumo': '', 'data_publicacao_original': '', 'fim_inscricao_original': '', 'prazo_submissao_original': '', 'metodo_extracao': 'html_listing_detail', 'url_listagem': 'https://defence-industry-space.ec.europa.eu/eu-defence-industry/european-defence-fund-edf_en', 'url_detalhe': 'https://defence-industry-space.ec.europa.eu/eu-space/galileo-satellite-navigation_en', 'nivel_sensibilidade': 'publico_institucional', 'contexto_sensivel_detectado': False, 'marcadores_contexto_sensivel': [], 'origem': 'https://defence-industry-space.ec.europa.eu/eu-space/galileo-satellite-navigation_en', 'palavras_chave_detectadas': ['drone'], 'necessita_traducao': False, 'observacoes': '', 'tipo_recurso': 'fomento_investimento', 'natureza_recurso': 'nao_reembolsavel', 'reembolsavel': False}"
EGNOS | Satellite Navigation,"The European Geostationary Navigation Overlay Service (EGNOS) is Europe's regional satellite-based augmentation system (SBAS) that is used to improve the performance of global navigation satellite systems (GNSSs), such as GPS and Galileo. It has been deployed to provide safety of life navigation services to aviation, maritime and land-based users over most of Europe. The European Geostationary Navigation Overlay Service (EGNOS) is Europe’s first venture into satellite navigation and paved the way for Galileo. As a satellite-based augmentation system (SBAS), EGNOS improves the accuracy of basic satellite navigation signals in Europe such as those from the USA’s Global Positioning System (GPS), including the brand-new GPS III and soon Galileo. In addition, it provides “integrity” information, which warns the user when any signal is underperforming. The improved accuracy along with the integrity feature render GPS (and soon Galileo) signals suitable for use in safety critical applications such as aviation or maritime navigation. The EGNOS system is composed of transponders installed on three geostationary satellites and an interconnected ground network of about 40 positioning stations (RIMS) and 2 mission control centres. At the moment, EGNOS offers excellent performance in all EU countries with the exception of certain places located in the northern, southern, and eastern extremes of EU territory. The coverage is constantly being improved. EGNOS has the technical capability to be extended to North Africa and the Middle East, pending the construction of additional ground infrastructure and the related cooperation agreements. EGNOS Open Service (OS) It improves positioning accuracy by improving the signals of GPS. EGNOS OS can only be used for non-safety critical purposes, i.e., purposes that have no impact on the safety of human life and where a failure in integrity or continuity of the EGNOS positioning solution could not cause any kind of direct or indirect personal damage, including bodily injuries or death. The EGNOS OS is accessible in Europe to any user equipped with an appropriate GPS/SBAS compatible receiver for which no specific receiver certification is required. EGNOS Data Access Service (EDAS) provides access to EGNOS data through the internet and the use is limited to non-safety purposes for users within surveying, mapping, construction, agriculture and more. EGNOS Safety of Life (SoL) This service stands out not only in terms of the accuracy provided but also by its integrity. This is essential for applications in which human life could be in danger if the performance of the navigation system was degraded beyond the required level of accuracy. The main objective of the SoL service is to support civil aviation operations down to LPV (Localiser Performance with Vertical guidance) minima. To provide the SoL Service, the EGNOS system has been designed so that the EGNOS Signal-In-Space (SIS) complies with the International Civil Aviation Organisation (ICAO) Standards and Recommended Practices for SBAS. However, the SoL Service is also intended to support applications in other domains such as maritime, railways and road. EGNOS Safety of Life Assisted Service for Maritime Users (ESMAS): Designed to complement ground-based augmented signals, ESMAS adds another layer of protection against errors while also increasing the accuracy and ensuring the integrity of the GNSS signal. ESMAS is well-positioned to support navigation in ocean and",https://defence-industry-space.ec.europa.eu/eu-space/egnos-satellite-navigation_en,European Defence Fund,,,Em andamento,,tecnologias_estrategicas,monitoramento_oportunidades_publicas,contratacao_publica,"{'regiao': '', 'setor_estrategico': 'defesa_industrial', 'subtema': ['espaco_defesa'], 'area_cientifica': ['espaco_defesa'], 'area_tecnologica': [], 'tipo_oportunidade': 'noticia_institucional', 'empresa_prime': '', 'orgao_contratante': 'European Defence Fund', 'pais': 'EU', 'idioma_original': '', 'titulo_original': '', 'descricao_original': '', 'titulo_traduzido': '', 'descricao_traduzida': '', 'orgao_responsavel': '', 'instituicao': '', 'numero_edital': '', 'numero_chamada': '', 'numero_processo': '', 'codigo_oportunidade': '', 'modalidade': '', 'publico_alvo': '', 'elegibilidade': '', 'objetivo': '', 'escopo': '', 'itens_financiaveis': [], 'itens_nao_financiaveis': [], 'valor_total': '', 'valor_por_projeto': '', 'contrapartida': '', 'prazo_execucao': '', 'cronograma': [], 'documentos': [{'nome': 'Calls for proposals', 'url': 'https://defence-industry-space.ec.europa.eu/funding-opportunities/calls-proposals_en'}], 'pdf_url': '', 'pdf_texto_extraido': '', 'pdf_resumo': '', 'data_publicacao_original': '', 'fim_inscricao_original': '', 'prazo_submissao_original': '', 'metodo_extracao': 'html_listing_detail', 'url_listagem': 'https://defence-industry-space.ec.europa.eu/eu-defence-industry/european-defence-fund-edf_en', 'url_detalhe': 'https://defence-industry-space.ec.europa.eu/eu-space/egnos-satellite-navigation_en', 'nivel_sensibilidade': 'publico_institucional', 'contexto_sensivel_detectado': False, 'marcadores_contexto_sensivel': [], 'origem': 'https://defence-industry-space.ec.europa.eu/eu-space/egnos-satellite-navigation_en', 'palavras_chave_detectadas': [], 'necessita_traducao': False, 'observacoes': '', 'tipo_recurso': 'contratacao_publica', 'natureza_recurso': 'contratual', 'reembolsavel': None}"
IRIS² | Secure Connectivity,"Infrastructure for Resilience, Interconnectivity and Security by Satellite The IRIS² Satellite Constellation is the European Union’s third flagship, addressing long-term challenges of EU’s security, safety and resilience by offering enhanced connectivity services to governmental users. The new multi-orbital constellation of 290 satellites will combine the benefits offered by Medium Earth Orbit (MEO) and Low Earth (LEO) satellites. It is set to provide secure connectivity services to the EU and its Member States as well as broadband connectivity for governmental authorities, private companies and European citizens, while ensuring high-speed internet broadband to cope with connectivity dead zones. IRIS² will enhance connectivity for governments, businesses, and citizens, addressing a wide range of needs: GovernmentIRIS² will provide secure, encrypted communications for EU institutions, ministries, and embassies, ensuring sensitive information can be exchanged safely. It will support defence operations, border and maritime surveillance, and intelligence-sharing, particularly in areas with limited terrestrial networks. The system will also strengthen crisis management by ensuring reliable connectivity for emergency responders during natural disasters or network outages, and help protect critical infrastructure. IRIS² will provide secure, encrypted communications for EU institutions, ministries, and embassies, ensuring sensitive information can be exchanged safely. It will support defence operations, border and maritime surveillance, and intelligence-sharing, particularly in areas with limited terrestrial networks. The system will also strengthen crisis management by ensuring reliable connectivity for emergency responders during natural disasters or network outages, and help protect critical infrastructure. BusinessesIRIS² will enable a wide range of commercial applications by delivering resilient and secure connectivity. It will support sectors such as transport, energy, and banking through real-time data exchange and secure operations, while benefiting industries in remote or offshore environments. It will also facilitate services like remote healthcare and smart grid management and reinforce existing networks through satellite-based solutions. IRIS² will enable a wide range of commercial applications by delivering resilient and secure connectivity. It will support sectors such as transport, energy, and banking through real-time data exchange and secure operations, while benefiting industries in remote or offshore environments. It will also facilitate services like remote healthcare and smart grid management and reinforce existing networks through satellite-based solutions. IndividualsIRIS² will improve everyday connectivity by expanding access to high-speed internet, especially in rural and underserved “digital dead zones.” It will enhance mobile and fixed broadband services, support access to cloud-based applications, and ensure continuity of connectivity even when terrestrial networks are disrupted. IRIS² will help ensure that people remain connected wherever they are, including in remote regions where traditional infrastructure falls short. IRIS² will improve everyday connectivity by expanding access to high-speed internet, especially in rural and underserved “digital dead zones.” It will enhance mobile and fixed broadband services, support access to cloud-based applications, and ensure continuity of connectivity even when terrestrial ",https://defence-industry-space.ec.europa.eu/eu-space/iris2-secure-connectivity_en,European Defence Fund,,,Em andamento,,tecnologias_estrategicas,monitoramento_oportunidades_publicas,fomento_pdi,"{'regiao': '', 'setor_estrategico': 'defesa_industrial', 'subtema': ['espaco_defesa', 'infraestrutura_critica'], 'area_cientifica': ['espaco_defesa'], 'area_tecnologica': ['infraestrutura_critica'], 'tipo_oportunidade': 'noticia_institucional', 'empresa_prime': '', 'orgao_contratante': 'European Defence Fund', 'pais': 'EU', 'idioma_original': '', 'titulo_original': '', 'descricao_original': '', 'titulo_traduzido': '', 'descricao_traduzida': '', 'orgao_responsavel': '', 'instituicao': '', 'numero_edital': '', 'numero_chamada': '', 'numero_processo': '', 'codigo_oportunidade': '', 'modalidade': '', 'publico_alvo': '', 'elegibilidade': '', 'objetivo': '', 'escopo': '', 'itens_financiaveis': [], 'itens_nao_financiaveis': [], 'valor_total': '', 'valor_por_projeto': '', 'contrapartida': '', 'prazo_execucao': '', 'cronograma': [], 'documentos': [{'nome': 'Calls for proposals', 'url': 'https://defence-industry-space.ec.europa.eu/funding-opportunities/calls-proposals_en'}, {'nome': 'IRIS2 Factsheet', 'url': 'https://defence-industry-space.ec.europa.eu/document/download/ad569ed2-c34e-44e8-b306-927e399c963c_en?filename=IRIS2%20factsheet%20-%20EN.pdf'}], 'pdf_url': 'https://defence-industry-space.ec.europa.eu/document/download/ad569ed2-c34e-44e8-b306-927e399c963c_en?filename=IRIS2%20factsheet%20-%20EN.pdf', 'pdf_texto_extraido': '', 'pdf_resumo': '', 'data_publicacao_original': '', 'fim_inscricao_original': '', 'prazo_submissao_original': '', 'metodo_extracao': 'html_listing_detail', 'url_listagem': 'https://defence-industry-space.ec.europa.eu/eu-defence-industry/european-defence-fund-edf_en', 'url_detalhe': 'https://defence-industry-space.ec.europa.eu/eu-space/iris2-secure-connectivity_en', 'nivel_sensibilidade': 'publico_institucional', 'contexto_sensivel_detectado': False, 'marcadores_contexto_sensivel': [], 'origem': 'https://defence-industry-space.ec.europa.eu/eu-space/iris2-secure-connectivity_en', 'palavras_chave_detectadas': ['critical infrastructure', 'defence'], 'necessita_traducao': False, 'observacoes': '', 'tipo_recurso': 'fomento_pdi', 'natureza_recurso': 'nao_reembolsavel', 'reembolsavel': False}"
GOVSATCOM | Satellite Communications,"EU GOVSATCOM is the satellite communications component of the European Union’s Space programme. GOVSATCOM (Government Satellite Communications) provides secure, resilient, and cost-effective satellite communications to critical EU and EU Member States managing security critical missions and infrastructures. Today, there is a patchwork of government and commercial systems providing secure satellite communication services to governmental, civil and defence users in Europe. GOVSATCOM is built on pooling and sharing. It brings together existing satellite communication capacities and services owned by certain Member States, in particular governmental and military satellites. These resources are then made available to authorised European governmental users, including Member States that do not possess their own satellite capacity and would otherwise rely on non EU or commercial providers for sensitive communications. EU GOVSATCOM services provide support to security actors in crisis management, border and maritime surveillance, and management of key infrastructure, including diplomatic communication networks. Here are some of the main activities which benefit: Crisis management: Both military and civilian responders have access to secured communications services linking rear bases and command and control centres. Border and maritime surveillance: Actors involved in surveillance operations will receive information in near real-time, shortening the time between the detection of an event and the information of a response team. Key infrastructure management: Operators of key infrastructure such as power plants, finance and banking systems, energy and communication grids, and more, will receive a secure communication link between operation platform Crisis managementBoth military and civilian responders have access to secured communications services linking rear bases and command and control centres. Border and maritime surveillanceActors involved in surveillance operations will receive information in near real-time, shortening the time between the detection of an event and the information of a response team. Key infrastructure managementOperators of key infrastructure such as power plants, finance and banking systems, energy and communication grids, and more, will receive a secure communication link between operation platform Satellite-based secure communications enable a wide array of use cases, ranging from ensuring secure communications in the Arctic, where there is no reliable ground system for telecommunications, to supporting the continued growth of drones and Remotely Piloted Aircraft Systems (RPAS) and Machine-to-Machine (M2M) applications. Anything which requires a secure, safe and reliable communication link or connection will benefit from GOVSATCOM. Crisis managementBoth military and civilian responders have access to secured communications services, linking rear basis and command and control centers. Both military and civilian responders have access to secured communications services, linking rear basis and command and control centers. Border and maritime surveillanceActors involved in surveillance operations will receive information in near real-time, shortening the time between the detection of an event and the intervention of a response team. Actors involved in surveillance operations will receive information in near real-time, shortening the time between the detection of an event and the intervention of a response team.",https://defence-industry-space.ec.europa.eu/eu-space/govsatcom-satellite-communications_en,European Defence Fund,,,Em andamento,,tecnologias_estrategicas,monitoramento_oportunidades_publicas,contratacao_publica,"{'regiao': '', 'setor_estrategico': 'defesa_industrial', 'subtema': ['espaco_defesa', 'sistemas_autonomos'], 'area_cientifica': ['espaco_defesa'], 'area_tecnologica': ['sistemas_autonomos'], 'tipo_oportunidade': 'noticia_institucional', 'empresa_prime': '', 'orgao_contratante': 'European Defence Fund', 'pais': 'EU', 'idioma_original': '', 'titulo_original': '', 'descricao_original': '', 'titulo_traduzido': '', 'descricao_traduzida': '', 'orgao_responsavel': '', 'instituicao': '', 'numero_edital': '', 'numero_chamada': '', 'numero_processo': '', 'codigo_oportunidade': '', 'modalidade': '', 'publico_alvo': '', 'elegibilidade': '', 'objetivo': '', 'escopo': '', 'itens_financiaveis': [], 'itens_nao_financiaveis': [], 'valor_total': '', 'valor_por_projeto': '', 'contrapartida': '', 'prazo_execucao': '', 'cronograma': [], 'documentos': [{'nome': 'Calls for proposals', 'url': 'https://defence-industry-space.ec.europa.eu/funding-opportunities/calls-proposals_en'}], 'pdf_url': '', 'pdf_texto_extraido': '', 'pdf_resumo': '', 'data_publicacao_original': '', 'fim_inscricao_original': '', 'prazo_submissao_original': '', 'metodo_extracao': 'html_listing_detail', 'url_listagem': 'https://defence-industry-space.ec.europa.eu/eu-defence-industry/european-defence-fund-edf_en', 'url_detalhe': 'https://defence-industry-space.ec.europa.eu/eu-space/govsatcom-satellite-communications_en', 'nivel_sensibilidade': 'publico_institucional', 'contexto_sensivel_detectado': False, 'marcadores_contexto_sensivel': [], 'origem': 'https://defence-industry-space.ec.europa.eu/eu-space/govsatcom-satellite-communications_en', 'palavras_chave_detectadas': ['command and control', 'defence', 'drone', 'military'], 'necessita_traducao': False, 'observacoes': '', 'tipo_recurso': 'contratacao_publica', 'natureza_recurso': 'contratual', 'reembolsavel': None}"
SSA | Europe's Eyes on Space,"In an era of increasing reliance on space-based services, space is essential for the strategic autonomy of the EU and its Member States. Economies, citizens, and public policies here on Earth increasingly depend on services and data in and from space. The Space Situational Awareness component of the EU Space Programme is therefore instrumental for providing accurate information on the space environment and for helping to ensure the proper and uninterrupted functioning of space-based services. Space Situational Awareness (SSA) is an essential component of the EU Space Programme. By providing comprehensive knowledge and understanding about space hazards, SSA plays a key role in ensuring the safety and security of the European economies, societies and citizens who rely on space-based services for communication, navigation and observation applications. SSA covers three areas: Space Surveillance and Tracking (SST): A system of networked sensors to survey and track space objects, together with processing capabilities to provide data, information and services on objects that orbit the Earth. More than 190 organisations are receiving the SST services (Collision Avoidance, Re-entry Analysis and Fragmentation Analysis) through the EU SST Front Desk at EUSPA, and more than 400 satellites are safeguarded from the risk of collision. Near-Earth Objects (NEO): Capabilities to monitor the risk of natural space objects approaching the Earth, such as asteroids and comets. By promoting networking among Member States’ facilities and research centres, this subcomponent supports the development of a routine rapid response service that can characterize newly detected NEOs. Space Weather Events (SWE): The development of space weather models that result from the impact assessment of different scenarios based on new prediction capabilities leads to the establishment of a space weather service capable of identifying and addressing user needs. More than 1 million pieces of space debris larger than 1 cm are orbiting the Earth. With 20,000 new satellites expected to be launched over the next decade, this number will increase – as too will the risk of collision in space. Such a collision could severely damage a satellite, or even destroy it, either of which would result in significant disruptions to services. To mitigate the risk of a collision between space assets – including Galileo, EGNOS, Copernicus and GOVSATCOM satellites – and other spacecraft and debris, in-orbit fragmentations and uncontrolled re-entries of space objects, the EU established the Space Surveillance and Tracking (EU SST) sub-component of the SSA Programme. EU SST safeguards space assets, especially EU Space Programme satellites, along with the space assets of EU Member States and other space operators. It uses a network of ground-based sensors capable of surveying and tracking space objects and processing capabilities aimed at providing data, information and services on space objects orbiting the Earth. EU SST currently provides three services: Collision Avoidance (CA): Assesses risk of collision between satellites or between satellites and space debris and generates collision avoidance alerts. Re-entry Analysis (RE): Assesses risk of uncontrolled re-entry of space objects into the Earth’s atmosphere and generates related information. Fragmentation Analysis (FG): Detects and characterises in-orbit fragmentations, break-ups or collisions, and analyses all available information regarding the obje",https://defence-industry-space.ec.europa.eu/eu-space/ssa-europes-eyes-space_en,European Defence Fund,,,Em andamento,,tecnologias_estrategicas,monitoramento_oportunidades_publicas,contratacao_publica,"{'regiao': '', 'setor_estrategico': 'defesa_industrial', 'subtema': ['espaco_defesa', 'sensores_radares'], 'area_cientifica': ['espaco_defesa', 'sensores_radares'], 'area_tecnologica': [], 'tipo_oportunidade': 'programa_pdi', 'empresa_prime': '', 'orgao_contratante': 'European Defence Fund', 'pais': 'EU', 'idioma_original': '', 'titulo_original': '', 'descricao_original': '', 'titulo_traduzido': '', 'descricao_traduzida': '', 'orgao_responsavel': '', 'instituicao': '', 'numero_edital': '', 'numero_chamada': '', 'numero_processo': '', 'codigo_oportunidade': '', 'modalidade': '', 'publico_alvo': '', 'elegibilidade': '', 'objetivo': '', 'escopo': '', 'itens_financiaveis': [], 'itens_nao_financiaveis': [], 'valor_total': '', 'valor_por_projeto': '', 'contrapartida': '', 'prazo_execucao': '', 'cronograma': [], 'documentos': [{'nome': 'Calls for proposals', 'url': 'https://defence-industry-space.ec.europa.eu/funding-opportunities/calls-proposals_en'}, {'nome': 'SSA leaflet', 'url': 'https://defence-industry-space.ec.europa.eu/document/download/fbf08663-b494-46cd-9e3f-7a304dece0cd_en?filename=SSA_Leaflet.pdf'}, {'nome': 'SSA Factsheet (EN)', 'url': 'https://defence-industry-space.ec.europa.eu/document/download/6c2f42cf-6180-46e2-9358-ecbde25b9da2_en?filename=SSA_Factsheet.pdf'}, {'nome': 'SSA Factsheet (DE)', 'url': 'https://defence-industry-space.ec.europa.eu/document/download/dce8fa51-4b94-4aab-9b34-f8f7b5d03eae_de?filename=SSA_Factsheet_DE.pdf'}, {'nome': 'SSA Factsheet (FR)', 'url': 'https://defence-industry-space.ec.europa.eu/document/download/5a976863-570b-4963-b778-f566e55706b3_fr?filename=SSA_Factsheet_FR.pdf'}, {'nome': 'SSA Research leaflet (EN)', 'url': 'https://defence-industry-space.ec.europa.eu/document/download/f64db123-880c-4871-ae75-0c74ae63473c_en?filename=Factsheet_11_SSA_WEB.pdf'}], 'pdf_url': 'https://defence-industry-space.ec.europa.eu/document/download/fbf08663-b494-46cd-9e3f-7a304dece0cd_en?filename=SSA_Leaflet.pdf', 'pdf_texto_extraido': '', 'pdf_resumo': '', 'data_publicacao_original': '', 'fim_inscricao_original': '', 'prazo_submissao_original': '', 'metodo_extracao': 'html_listing_detail', 'url_listagem': 'https://defence-industry-space.ec.europa.eu/eu-defence-industry/european-defence-fund-edf_en', 'url_detalhe': 'https://defence-industry-space.ec.europa.eu/eu-space/ssa-europes-eyes-space_en', 'nivel_sensibilidade': 'publico_institucional', 'contexto_sensivel_detectado': False, 'marcadores_contexto_sensivel': [], 'origem': 'https://defence-industry-space.ec.europa.eu/eu-space/ssa-europes-eyes-space_en', 'palavras_chave_detectadas': ['sensor'], 'necessita_traducao': False, 'observacoes': '', 'tipo_recurso': 'contratacao_publica', 'natureza_recurso': 'contratual', 'reembolsavel': None}"
Entrepreneurship,"Tailored to the needs of Europe’s New Space industry CASSINI is the European Commission's initiative to support entrepreneurs, start-ups and SMEs in the space industry, including New Space, during 2021-2027. The initiative is open to all areas of the EU Space Programme, and covers both upstream (i.e. nanosats, launchers, etc. and downstream (i.e. products/services enabled by space data, etc.) CASSINI includes a €1 billion EU seeds and growth fund, hackathons and mentoring, prizes, a business accelerator, partnering and matchmaking. CASSINI - Business development and networks",https://defence-industry-space.ec.europa.eu/eu-space/cassini-entrepreneurship_en,European Defence Fund,,,Em andamento,,tecnologias_estrategicas,monitoramento_oportunidades_publicas,fomento_investimento,"{'regiao': '', 'setor_estrategico': 'defesa_industrial', 'subtema': ['espaco_defesa'], 'area_cientifica': ['espaco_defesa'], 'area_tecnologica': [], 'tipo_oportunidade': 'noticia_institucional', 'empresa_prime': '', 'orgao_contratante': 'European Defence Fund', 'pais': 'EU', 'idioma_original': '', 'titulo_original': '', 'descricao_original': '', 'titulo_traduzido': '', 'descricao_traduzida': '', 'orgao_responsavel': '', 'instituicao': '', 'numero_edital': '', 'numero_chamada': '', 'numero_processo': '', 'codigo_oportunidade': '', 'modalidade': '', 'publico_alvo': '', 'elegibilidade': '', 'objetivo': '', 'escopo': '', 'itens_financiaveis': [], 'itens_nao_financiaveis': [], 'valor_total': '', 'valor_por_projeto': '', 'contrapartida': '', 'prazo_execucao': '', 'cronograma': [], 'documentos': [{'nome': 'Calls for proposals', 'url': 'https://defence-industry-space.ec.europa.eu/funding-opportunities/calls-proposals_en'}], 'pdf_url': '', 'pdf_texto_extraido': '', 'pdf_resumo': '', 'data_publicacao_original': '', 'fim_inscricao_original': '', 'prazo_submissao_original': '', 'metodo_extracao': 'html_listing_detail', 'url_listagem': 'https://defence-industry-space.ec.europa.eu/eu-defence-industry/european-defence-fund-edf_en', 'url_detalhe': 'https://defence-industry-space.ec.europa.eu/eu-space/cassini-entrepreneurship_en', 'nivel_sensibilidade': 'publico_institucional', 'contexto_sensivel_detectado': False, 'marcadores_contexto_sensivel': [], 'origem': 'https://defence-industry-space.ec.europa.eu/eu-space/cassini-entrepreneurship_en', 'palavras_chave_detectadas': [], 'necessita_traducao': False, 'observacoes': '', 'tipo_recurso': 'fomento_investimento', 'natureza_recurso': 'nao_reembolsavel', 'reembolsavel': False}"
"Research, Development and Innovation","For an Innovative and Autonomous European Space Ecosystem EU space research is supported through framework programmes. The support of these programmes is critical to the ongoing development of the space sector. In particular: It encourages the research community and the private sector to intensify their efforts in the space sector and boost investment; It helps to sustain a competitive space industry including manufacturers, service providers, and operators; It provides the services and infrastructure necessary for the development and exploitation of new technologies. The regulation establishing Horizon Europe, the new framework programme for research and innovation for 2021-2027, was adopted in April 2021 with a total budget of €86,1 billion in current prices[1]. In addition, the NextGenerationEU programme, which was set up as a temporary recovery instrument following the COVID-19 crisis, will contribute an additional €5,4 billion. The programme is structured in three pillars: open science, global challenges and Industrial and Open Innovation. Space is under the second pillar in a joint Cluster' Digital, industry and space' with a proposed envelope of €13,5 billion and an additional €1,35 billion from NextGenerationEU. For the first two years of Horizon Europe, Space Research and Innovation is structured as shown in Figure below: In order to stay ahead in a dynamically changing domain marked by growing competition and major technology advances, the EU space sector requires continued, smart and coordinated investments in cutting-edge technologies, innovation, applications and skills. The Horizon Europe programme is a major leverage to boost space innovation across the EU with close to €1.6 billion earmarked over the programming period 2021-2027 . Funded R&I projects foster competitiveness and technological non-dependency of the EU space sector while consolidating EU flagship programmes and developing new downstream applications and evolution schemes for the existing services of the European Union Space Programme. EU-funded space R&I projects also emphasise European access to space as well as future technologies such as quantum technologies, space weather and space science. foster the competitiveness of the EU space sector reinforce the EU capacity to access and use space is guided by a Strategic Research and Innovation Agenda (SRIA)2 for EU-funded space research supporting competitiveness has been developed with the stakeholder's community and will constitute an important input for R&I programming under Horizon Europe. Horizon Europe also funds R&I for the new Space Programme of the Union, which regroups in a single programme the four components EGNSS, Copernicus, Space Situational Awareness (SSA) and secured governmental communications (GOVSATCOM). In addition, three horizontal activities support access to space, start-ups and security.",https://defence-industry-space.ec.europa.eu/eu-space/research-development-and-innovation_en,European Defence Fund,,,Em andamento,,tecnologias_estrategicas,monitoramento_oportunidades_publicas,fomento_investimento,"{'regiao': '', 'setor_estrategico': 'defesa_industrial', 'subtema': [], 'area_cientifica': [], 'area_tecnologica': [], 'tipo_oportunidade': 'programa_pdi', 'empresa_prime': '', 'orgao_contratante': 'European Defence Fund', 'pais': 'EU', 'idioma_original': '', 'titulo_original': '', 'descricao_original': '', 'titulo_traduzido': '', 'descricao_traduzida': '', 'orgao_responsavel': '', 'instituicao': '', 'numero_edital': '', 'numero_chamada': '', 'numero_processo': '', 'codigo_oportunidade': '', 'modalidade': '', 'publico_alvo': '', 'elegibilidade': '', 'objetivo': '', 'escopo': '', 'itens_financiaveis': [], 'itens_nao_financiaveis': [], 'valor_total': '', 'valor_por_projeto': '', 'contrapartida': '', 'prazo_execucao': '', 'cronograma': [], 'documentos': [{'nome': 'Calls for proposals', 'url': 'https://defence-industry-space.ec.europa.eu/funding-opportunities/calls-proposals_en'}, {'nome': 'See the results', 'url': 'https://defence-industry-space.ec.europa.eu/results-horizon-europe-space-related-calls-work-programme-2023-2024-implemented-hadea-and-euspa_en'}, {'nome': 'here', 'url': 'https://ec.europa.eu/info/research-and-innovation/funding/funding-opportunities/funding-programmes-and-open-calls/horizon-europe_en'}, {'nome': 'Take your ideas to the next level', 'url': 'https://defence-industry-space.ec.europa.eu/document/download/c4a37ffb-1b1d-41f4-8f82-40ade0dbb7e2_en?filename=D2.1.3%20STARS%20EU%20existing%20opportunities_web_v0.1.pdf'}, {'nome': 'Download', 'url': 'https://defence-industry-space.ec.europa.eu/document/download/099d1115-3318-49a6-90ec-c38105b27d81_en?filename=DEFIS_B2_CommsKit_brochure_v2.pdf'}, {'nome': 'Download', 'url': 'https://defence-industry-space.ec.europa.eu/document/download/7474f84d-154d-4bb4-adf3-586be01dad10_en?filename=Factsheet_05_11_ActInSpaceISOS.pdf'}, {'nome': 'Download', 'url': 'https://defence-industry-space.ec.europa.eu/document/download/97659429-64b3-4fe2-a04b-b3aa855e0572_en?filename=DEFIS_B2_Comms_kit_factsheet_Access%20to%20space_web.pdf'}, {'nome': 'Download', 'url': 'https://defence-industry-space.ec.europa.eu/document/download/67de942b-cda7-447b-9c1b-dd6b0ea31fed_en?filename=DEFIS_B2_Comms_kit_factsheet_Entrepreneurship_web.pdf'}, {'nome': 'Download', 'url': 'https://defence-industry-space.ec.europa.eu/document/download/1befaaa6-5cca-42b1-823e-7b031aa55e1d_en?filename=DEFIS_B2_Comms_kit_factsheet_IOD_IOV_web.pdf'}, {'nome': 'Download', 'url': 'https://defence-industry-space.ec.europa.eu/document/download/d39ae578-04ed-4a34-8c8d-0a23adf31357_en?filename=DEFIS_B2_Comms_kit_factsheet_non-dependency_web.pdf'}, {'nome': 'Download', 'url': 'https://defence-industry-space.ec.europa.eu/document/download/974f97bc-c867-4e14-9b31-2ef589f31f20_en?filename=DEFIS_B2_Comms_kit_factsheet_Quantum_technologies_web.pdf'}, {'nome': 'Download', 'url': 'https://defence-industry-space.ec.europa.eu/document/download/464c025a-b85e-4867-980e-11379e2a996c_en?filename=DEFIS_B2_Comms_kit_factsheet_Copernicus_EO_web.pdf'}], 'pdf_url': 'https://defence-industry-space.ec.europa.eu/document/download/c4a37ffb-1b1d-41f4-8f82-40ade0dbb7e2_en?filename=D2.1.3%20STARS%20EU%20existing%20opportunities_web_v0.1.pdf', 'pdf_texto_extraido': '', 'pdf_resumo': '', 'data_publicacao_original': '', 'fim_inscricao_original': '', 'prazo_submissao_original': '', 'metodo_extracao': 'html_listing_detail', 'url_listagem': 'https://defence-industry-space.ec.europa.eu/eu-defence-industry/european-defence-fund-edf_en', 'url_detalhe': 'https://defence-industry-space.ec.europa.eu/eu-space/research-development-and-innovation_en', 'nivel_sensibilidade': 'publico_institucional', 'contexto_sensivel_detectado': False, 'marcadores_contexto_sensivel': [], 'origem': 'https://defence-industry-space.ec.europa.eu/eu-space/research-development-and-innovation_en', 'palavras_chave_detectadas': [], 'necessita_traducao': False, 'observacoes': '', 'tipo_recurso': 'fomento_investimento', 'natureza_recurso': 'nao_reembolsavel', 'reembolsavel': False}"
The EU Observatory of Critical Technologies,"The Observatory of Critical Technologies (OCT), co-led by DG DEFIS and DG JRC, monitors and analyses critical technologies, related developments and supply chains of space and defence. The OCT was established further to the Action Plan on Synergies between civil, defence, and space industries (COM(2021) 70 of 22 Feb 2021). The OCT identifies critical technologies for space, security, defence, and public order. It provides regular analysis and risk assessments. It focuses on space and defence as a first step. It should expand its scope to encompass civil technologies in the future. Technology for which there is a strategic dependency (no EU source is available, and no unrestricted access from non-EU sources); Technology essential for space, security, defence, public order; or the twin digital and green transition in the context of space and defence; Technology of multi-use and/or-applications; Technology of low-medium integration level, i.e. components, equipment, sub-systems, including materials, advanced materials, methods, processes and tools required for those ; Technology that has a clearly identified function and performance The Commission issues regular EU classified reports discussed with EU Member States. These reports help identify areas requiring urgent activities. Thus, they inform EU policy development, research and investment, including the EU Space R&D Programme. By 2025, a total of 12 space and defence technologies will be assessed. They do cover technologies responding to EEE components, equipment, sub-systems and systems specifically designed for meeting space missions and defence assets requirements. As per 2025, DEFIS has started issuing the EU technology roadmaps in coordination with industry, research institutes and EU Member States (available on a need-to-know basis, to EU stakeholders only). The EU technology roadmaps responding to the OCT, finalized in 2025, will find direct implementation in the 2026 – 2027 EU Space R&D Programme responding to the area called Critical Space EEE and Equipment for EU non-dependence. For any question or being involved in OCT activities open to industry and research institutes, an OCT Hub has been created (available to relevant EU stakeholders which are not non-EU controlled) as part of the EU Space Digital Ecosystem Platform.",https://defence-industry-space.ec.europa.eu/eu-space/eu-observatory-critical-technologies_en,European Defence Fund,,,Em andamento,,tecnologias_estrategicas,monitoramento_oportunidades_publicas,fomento_investimento,"{'regiao': '', 'setor_estrategico': 'defesa_industrial', 'subtema': [], 'area_cientifica': [], 'area_tecnologica': [], 'tipo_oportunidade': 'programa_pdi', 'empresa_prime': '', 'orgao_contratante': 'European Defence Fund', 'pais': 'EU', 'idioma_original': '', 'titulo_original': '', 'descricao_original': '', 'titulo_traduzido': '', 'descricao_traduzida': '', 'orgao_responsavel': '', 'instituicao': '', 'numero_edital': '', 'numero_chamada': '', 'numero_processo': '', 'codigo_oportunidade': '', 'modalidade': '', 'publico_alvo': '', 'elegibilidade': '', 'objetivo': '', 'escopo': '', 'itens_financiaveis': [], 'itens_nao_financiaveis': [], 'valor_total': '', 'valor_por_projeto': '', 'contrapartida': '', 'prazo_execucao': '', 'cronograma': [], 'documentos': [{'nome': 'Calls for proposals', 'url': 'https://defence-industry-space.ec.europa.eu/funding-opportunities/calls-proposals_en'}], 'pdf_url': '', 'pdf_texto_extraido': '', 'pdf_resumo': '', 'data_publicacao_original': '', 'fim_inscricao_original': '', 'prazo_submissao_original': '', 'metodo_extracao': 'html_listing_detail', 'url_listagem': 'https://defence-industry-space.ec.europa.eu/eu-defence-industry/european-defence-fund-edf_en', 'url_detalhe': 'https://defence-industry-space.ec.europa.eu/eu-space/eu-observatory-critical-technologies_en', 'nivel_sensibilidade': 'publico_institucional', 'contexto_sensivel_detectado': False, 'marcadores_contexto_sensivel': [], 'origem': 'https://defence-industry-space.ec.europa.eu/eu-space/eu-observatory-critical-technologies_en', 'palavras_chave_detectadas': ['defence'], 'necessita_traducao': False, 'observacoes': '', 'tipo_recurso': 'fomento_investimento', 'natureza_recurso': 'nao_reembolsavel', 'reembolsavel': False}"
EU Defence Industry,"Department responsible for strengthening the competitiveness, innovation, and resilience of Europe’s defence industry. We work to develop a sovereign and capable European defence technological and industrial base (EDTIB), ensuring that Europe can effectively respond to current and future security challenges. To achieve this, we enable strategic investments in defence supply chains, with a particular focus on small and medium-sized enterprises (SMEs). As the security environment has fundamentally changed following Russia's war against Ukraine, growing geopolitical rivalries, hybrid threats, and rapid technological change, have reshaped what it means to keep European citizens safe and preserve peace. The European Union is responding, acting with unity, investment at scale, and resolve strengthening its capacity to protect. of citizens support a common European defence and security policy as security is a growing priority for citizens across Europe. estimated defence expenditure by member states in 2025, and a 62.8% rise in member states’ defence expenditure between 2020 and 2025. in benefits could be generated for the EU internal market by the Defence Readiness Omnibus, through identified savings, investments, and reduced administrative burden. along four Priority corridors, addressing key bottlenecks for seamless and smooth military transport at speed and scale. and ensure advanced, reliable military equipment for Member States through joint projects between member states, companies, and research actors for innovative and interoperable defence technologies to help Member States increase their defence investments and associate Ukraine to EU initiatives to develop and procure defence capabilities Towards an EU framework for Joint defence procurement Programme for Agile and Rapid Defence Innovation",https://defence-industry-space.ec.europa.eu/eu-defence-industry_en,European Defence Fund,,,Em andamento,,tecnologias_estrategicas,monitoramento_oportunidades_publicas,fomento_investimento,"{'regiao': '', 'setor_estrategico': 'defesa_industrial', 'subtema': ['licitacoes_defesa'], 'area_cientifica': [], 'area_tecnologica': ['licitacoes_defesa'], 'tipo_oportunidade': 'licitacao', 'empresa_prime': '', 'orgao_contratante': 'European Defence Fund', 'pais': 'EU', 'idioma_original': '', 'titulo_original': '', 'descricao_original': '', 'titulo_traduzido': '', 'descricao_traduzida': '', 'orgao_responsavel': '', 'instituicao': '', 'numero_edital': '', 'numero_chamada': '', 'numero_processo': '', 'codigo_oportunidade': '', 'modalidade': '', 'publico_alvo': '', 'elegibilidade': '', 'objetivo': '', 'escopo': '', 'itens_financiaveis': [], 'itens_nao_financiaveis': [], 'valor_total': '', 'valor_por_projeto': '', 'contrapartida': '', 'prazo_execucao': '', 'cronograma': [], 'documentos': [{'nome': 'Calls for proposals', 'url': 'https://defence-industry-space.ec.europa.eu/funding-opportunities/calls-proposals_en'}, {'nome': 'White paper', 'url': 'https://commission.europa.eu/document/download/e6d5db69-e0ab-4bec-9dc0-3867b4373019_en?filename=White%20paper%20for%20European%20defence%20%E2%80%93%20Readiness%202030.pdf'}, {'nome': 'Defence Industry transformation roadmap', 'url': 'https://defence-industry-space.ec.europa.eu/document/download/513de692-d08c-40cc-80c3-cb6611ace178_en?filename=EU-Defence-Industry-Transformation-Roadmap.pdf'}], 'pdf_url': 'https://commission.europa.eu/document/download/e6d5db69-e0ab-4bec-9dc0-3867b4373019_en?filename=White%20paper%20for%20European%20defence%20%E2%80%93%20Readiness%202030.pdf', 'pdf_texto_extraido': '', 'pdf_resumo': '', 'data_publicacao_original': '', 'fim_inscricao_original': '', 'prazo_submissao_original': '', 'metodo_extracao': 'html_listing_detail', 'url_listagem': 'https://defence-industry-space.ec.europa.eu/eu-defence-industry/european-defence-fund-edf_en', 'url_detalhe': 'https://defence-industry-space.ec.europa.eu/eu-defence-industry_en', 'nivel_sensibilidade': 'publico_institucional', 'contexto_sensivel_detectado': False, 'marcadores_contexto_sensivel': [], 'origem': 'https://defence-industry-space.ec.europa.eu/eu-defence-industry_en', 'palavras_chave_detectadas': ['defence', 'military', 'procurement'], 'necessita_traducao': False, 'observacoes': '', 'tipo_recurso': 'fomento_investimento', 'natureza_recurso': 'nao_reembolsavel', 'reembolsavel': False}"
Introducing the White Paper for European Defence and the ReArm Europe Plan- Readiness 2030,"The Commission and the High Representative have presented a White Paper for European Defence – Readiness 2030 on 19 March 2025. The Commission has also presented, as part of the ReArm Europe Plan/Readiness 2030, an ambitious defence package providing financial levers to EU Member States to drive an investment surge in defence capabilities. While the ReArm Europe Plan/Readiness 2030 strengthens pan-European defence capabilities with new financial means, the White Paper frames a new approach to defence and identifies investment needs. The Commission also adopted a Communication on Accommodating increased defence expenditure within the Stability and Growth Pact. White Paper for European defence - Readiness 2030The White Paper offers solutions to strengthen the defence industry by closing important gaps and ensuring long-term readiness. It also suggests ways for Member States to invest heavily in defence, buy necessary equipment, and support the industry’s growth over time.Access the White Paper The White Paper offers solutions to strengthen the defence industry by closing important gaps and ensuring long-term readiness. It also suggests ways for Member States to invest heavily in defence, buy necessary equipment, and support the industry’s growth over time. Security Action for Europe - SAFE RegulationA new financial instrument that will help countries invest in key defence areas like missile defence, drones, and cyber security. The funds will be raised on capital markets and disbursed to interested Member States upon demand, based on national plans. SAFE will encourage Member States to spend better, together and European. Access the SAFE Regulation A new financial instrument that will help countries invest in key defence areas like missile defence, drones, and cyber security. The funds will be raised on capital markets and disbursed to interested Member States upon demand, based on national plans. SAFE will encourage Member States to spend better, together and European. Increase defence expenditure within the Stability and Growth PactThe Commission has invited Member States to activate the national escape clause of the Stability and Growth Pact, which will provide them additional budgetary space to increase their defence spending, within the EU fiscal rules.Access the Communication The Commission has invited Member States to activate the national escape clause of the Stability and Growth Pact, which will provide them additional budgetary space to increase their defence spending, within the EU fiscal rules. Preserving Peace - Defence Readiness Roadmap 2030The Roadmap sets out clear objectives and milestones to achieve defence readiness by 2030, as outlined in the White Paper for European Defence. Among its key proposals are four flagship projects: the Eastern Flank Watch, the European Drone Defence Initiative, the European Air Shield, and the European Space Shield.Access to the Roadmap The Roadmap sets out clear objectives and milestones to achieve defence readiness by 2030, as outlined in the White Paper for European Defence. Among its key proposals are four flagship projects: the Eastern Flank Watch, the European Drone Defence Initiative, the European Air Shield, and the European Space Shield. To best answer to this radically changed strategic context, three lines of action should guide the EU and its Member States towards readiness 2030: Urgently closing critical capability gaps and supporting the EU defence industry, including through s",https://defence-industry-space.ec.europa.eu/eu-defence-industry/white-paper-european-defence-readiness-2030_en,European Defence Fund,,,Em andamento,,tecnologias_estrategicas,monitoramento_oportunidades_publicas,fomento_investimento,"{'regiao': '', 'setor_estrategico': 'defesa_industrial', 'subtema': ['sistemas_autonomos'], 'area_cientifica': [], 'area_tecnologica': ['sistemas_autonomos'], 'tipo_oportunidade': 'investimento', 'empresa_prime': '', 'orgao_contratante': 'European Defence Fund', 'pais': 'EU', 'idioma_original': '', 'titulo_original': '', 'descricao_original': '', 'titulo_traduzido': '', 'descricao_traduzida': '', 'orgao_responsavel': '', 'instituicao': '', 'numero_edital': '', 'numero_chamada': '', 'numero_processo': '', 'codigo_oportunidade': '', 'modalidade': '', 'publico_alvo': '', 'elegibilidade': '', 'objetivo': '', 'escopo': '', 'itens_financiaveis': [], 'itens_nao_financiaveis': [], 'valor_total': '', 'valor_por_projeto': '', 'contrapartida': '', 'prazo_execucao': '', 'cronograma': [], 'documentos': [{'nome': 'Calls for proposals', 'url': 'https://defence-industry-space.ec.europa.eu/funding-opportunities/calls-proposals_en'}, {'nome': 'Access the White Paper', 'url': 'https://commission.europa.eu/document/download/e6d5db69-e0ab-4bec-9dc0-3867b4373019_en?filename=White%20paper%20for%20European%20defence%20%E2%80%93%20Readiness%202030.pdf'}, {'nome': 'Access the SAFE Regulation', 'url': 'https://defence-industry-space.ec.europa.eu/document/download/6d6f889c-e58d-4caa-8f3b-8b93154fe206_en?filename=SAFE%20Regulation.pdf'}, {'nome': 'Factsheet on Preserving Peace-Defence Readiness Roadmap 2030', 'url': 'https://defence-industry-space.ec.europa.eu/system/files/2025-10/15102025_Readiness2030_FactsheetSPP_0.pdf'}, {'nome': 'Factsheet on the White Paper for European Defence – Readiness 2030', 'url': 'https://defence-industry-space.ec.europa.eu/document/download/3ce35bde-8519-416a-bc89-56a3681629ac_en?filename=WP%20on%20defence%20-%20factsheet%20v23_0.pdf'}, {'nome': 'Factsheet on the ReArm Europe Plan/Readiness 2030', 'url': 'https://defence-industry-space.ec.europa.eu/document/download/13ec18d2-8366-4fc8-a4ff-2bdfdf8e1f5f_en?filename=REARM%20Europe%20factsheet%20v17_1.pdf'}, {'nome': 'Factsheet on the EU industry transformation roadmap', 'url': 'https://ec.europa.eu/commission/presscorner/api/files/attachment/881889/Factsheet%20Defence%20Industry%20Transformation%20Roadmap.pdf'}], 'pdf_url': 'https://commission.europa.eu/document/download/e6d5db69-e0ab-4bec-9dc0-3867b4373019_en?filename=White%20paper%20for%20European%20defence%20%E2%80%93%20Readiness%202030.pdf', 'pdf_texto_extraido': '', 'pdf_resumo': '', 'data_publicacao_original': '', 'fim_inscricao_original': '', 'prazo_submissao_original': '', 'metodo_extracao': 'html_listing_detail', 'url_listagem': 'https://defence-industry-space.ec.europa.eu/eu-defence-industry/european-defence-fund-edf_en', 'url_detalhe': 'https://defence-industry-space.ec.europa.eu/eu-defence-industry/white-paper-european-defence-readiness-2030_en', 'nivel_sensibilidade': 'publico_institucional', 'contexto_sensivel_detectado': False, 'marcadores_contexto_sensivel': [], 'origem': 'https://defence-industry-space.ec.europa.eu/eu-defence-industry/white-paper-european-defence-readiness-2030_en', 'palavras_chave_detectadas': ['defence', 'drone'], 'necessita_traducao': False, 'observacoes': '', 'tipo_recurso': 'fomento_investimento', 'natureza_recurso': 'nao_reembolsavel', 'reembolsavel': False}"
Military Mobility,"Creating a Military Mobility Area by 2027 — one step closer to a Military Schengen Russia’s war against Ukraine has shown the need to move military troops and equipment from point A to B quickly. But complex peacetime rules could turn a simple convoy into a planning nightmare. To move a military convoy across Member States in days, Europe needs to take steps towards a ‘’military Schengen’’: harmonised rules, pre-agreed routes and interoperable digital permissions. On 19 November 2025, the European Commission and the High Representative adopted the Military Mobility Package 2025, a comprehensive set of measures to ensure the swift, coordinated and secure movement of military personnel and equipment across the European Union. The package seeks to strengthen Europe's defence posture by addressing barriers to military mobility across regulatory, infrastructure, and capability dimensions—critical areas that currently hinder military transport across borders. The Military Mobility Package 2025 builds on lessons learned from the revised Action Plan 2.0 and the 2024 Military Mobility Pledge. It has been developed in close coordination with the European External Action Service (EEAS) and the European Defence Agency (EDA). As announced in the White Paper for European Defence Readiness 2030, The Military Mobility Package aims at strengthening Europe’s defence posture by addressing military mobility barriers in all dimensions, regulatory, infrastructure and capabilities, that currently slow down military transport across borders. The Package represents the EU’s most ambitious step yet to pave the way towards a “Military Schengen”, contributing to deterrence and increasing the Union’s preparedness in a rapidly changing security environment. At the heart of the package lies a proposed Regulation establishing a framework of measures to facilitate military transport across the Union. This Regulation provides an EU framework fit for ensuring seamless and smooth military transport at speed and scale by removing regulatory obstacles, harmonising cross-border permissions, and ensuring resilient infrastructure and capability readiness. Common rules and procedures for military transport, introducing a clear process for cross-border military movements, with a maximum three-day processing time and specific rules for emergency situations; A new European Military Mobility Enhanced Response System (EMERS) to be activated in times of crisis, enabling rapid, EU-wide prioritisation of military movements; Streamlined customs and transport formalities, providing clarity for armed forces acting in the context of the EU or NATO, a single notification process for all transport modes; Extending certain procedures to non-EU NATO members. With these measures, the objective is to significantly improve military mobility across the Union, through better cooperation and strategic flexibility in response to evolving security challenges. To ensure Member States can rely on transport and logistics capabilities needed for military mobility: A Military Mobility Solidarity Pool, allowing Member States to share and use registered national and EU transport assets, with possible support by EU co-funding.",https://defence-industry-space.ec.europa.eu/eu-defence-industry/military-mobility_en,European Defence Fund,,,Em andamento,,tecnologias_estrategicas,monitoramento_oportunidades_publicas,fomento_investimento,"{'regiao': '', 'setor_estrategico': 'defesa_industrial', 'subtema': [], 'area_cientifica': [], 'area_tecnologica': [], 'tipo_oportunidade': 'noticia_institucional', 'empresa_prime': '', 'orgao_contratante': 'European Defence Fund', 'pais': 'EU', 'idioma_original': '', 'titulo_original': '', 'descricao_original': '', 'titulo_traduzido': '', 'descricao_traduzida': '', 'orgao_responsavel': '', 'instituicao': '', 'numero_edital': '', 'numero_chamada': '', 'numero_processo': '', 'codigo_oportunidade': '', 'modalidade': '', 'publico_alvo': '', 'elegibilidade': '', 'objetivo': '', 'escopo': '', 'itens_financiaveis': [], 'itens_nao_financiaveis': [], 'valor_total': '', 'valor_por_projeto': '', 'contrapartida': '', 'prazo_execucao': '', 'cronograma': [], 'documentos': [{'nome': 'Calls for proposals', 'url': 'https://defence-industry-space.ec.europa.eu/funding-opportunities/calls-proposals_en'}, {'nome': 'revised Action Plan 2.0', 'url': 'https://defence-industry-space.ec.europa.eu/document/download/c3d3067c-6d9a-4f95-9a69-4dd99c340188_en?filename=Action%20plan%20on%20military%20mobility%202.0.pdf'}, {'nome': 'Factsheet Military Mobility Package', 'url': 'https://defence-industry-space.ec.europa.eu/document/download/297bdcb7-365b-4d98-8bb3-81578f91c528_en?filename=Factsheet%20Military%20Mobility%20Package.pdf'}, {'nome': 'Joint communication on Military Mobility', 'url': 'https://defence-industry-space.ec.europa.eu/document/download/a5b639aa-4d77-44b8-9f98-6bc0e54be984_en?filename=Joint%20communication%20on%20Military%20Mobility.pdf'}, {'nome': 'Proposal transport military equipment, goods and personnel', 'url': 'https://defence-industry-space.ec.europa.eu/document/download/788dd92a-40b2-4f39-83e0-3908b3e18d65_en?filename=Proposal%20transport%20military%20equipment%2C%20goods%20and%20personnel.pdf'}, {'nome': 'Annex to the Proposal', 'url': 'https://defence-industry-space.ec.europa.eu/document/download/cb57228c-b5a2-4287-bc38-150566f784f8_en?filename=Annex%20to%20the%20Proposal_0.pdf'}, {'nome': 'Staff Working Document on Military Mobility, accompanying the Proposal', 'url': 'https://defence-industry-space.ec.europa.eu/document/download/d868bd58-3b88-47ff-8cfc-c2d0e7b5b75f_en?filename=Staff%20Working%20Document%20on%20Military%20Mobility%2C%20accompanying%20the%20Proposal_0.pdf'}], 'pdf_url': 'https://defence-industry-space.ec.europa.eu/document/download/c3d3067c-6d9a-4f95-9a69-4dd99c340188_en?filename=Action%20plan%20on%20military%20mobility%202.0.pdf', 'pdf_texto_extraido': '', 'pdf_resumo': '', 'data_publicacao_original': '', 'fim_inscricao_original': '', 'prazo_submissao_original': '', 'metodo_extracao': 'html_listing_detail', 'url_listagem': 'https://defence-industry-space.ec.europa.eu/eu-defence-industry/european-defence-fund-edf_en', 'url_detalhe': 'https://defence-industry-space.ec.europa.eu/eu-defence-industry/military-mobility_en', 'nivel_sensibilidade': 'publico_institucional', 'contexto_sensivel_detectado': False, 'marcadores_contexto_sensivel': [], 'origem': 'https://defence-industry-space.ec.europa.eu/eu-defence-industry/military-mobility_en', 'palavras_chave_detectadas': ['armed forces', 'defence', 'funding', 'military'], 'necessita_traducao': False, 'observacoes': '', 'tipo_recurso': 'fomento_investimento', 'natureza_recurso': 'nao_reembolsavel', 'reembolsavel': False}"
BraveTech EU,"The European Commission, in partnership with Ukraine, proudly announces BraveTech EU—a bold new initiative to accelerate defence innovation by building on battlefield-proven technologies and strengthening cooperation between the EU and Ukraine. BraveTech EU aims to boost resilience, reinforce security, and drive strategic investment in Europe’s defence industrial base. It brings together the European Defence Fund (EDF), the EU Defence Innovation Scheme (EUDIS), the European Defence Agency and Ukraine’s BRAVE1 defence tech platform to create a unified framework for joint development, testing, and deployment of cutting-edge defence solutions. This programme is designed for innovators, 𝘀𝘁𝗮𝗿𝘁𝘂𝗽𝘀, 𝘀𝗰𝗮𝗹𝗲-𝘂𝗽𝘀 𝗮𝗻𝗱 𝗦𝗠𝗘𝘀 across Europe at 𝗧𝗥𝗟 𝟰 𝗼𝗿 𝗵𝗶𝗴𝗵𝗲𝗿 to test, adapt and refine their technologies directly in operational environments, alongside military operators and under real-world constraints.𝗧𝗵𝗲 𝗳𝗶𝗿𝘀𝘁 𝗗𝗲𝗳𝗧𝗲𝗰𝗵 𝗙𝗼𝗿𝗴𝗲𝘀 𝘄𝗶𝗹𝗹 𝘁𝗮𝗸𝗲 𝗽𝗹𝗮𝗰𝗲 𝗶𝗻 𝗝𝘂𝗻𝗲 𝟮𝟬𝟮𝟲! 𝗙𝗿𝗮𝗻𝗰𝗲 | 𝟭–𝟱 𝗝𝘂𝗻𝗲 | Focus: ""Restoring situational awareness in contested and degraded urban environments""𝗘𝘀𝘁𝗼𝗻𝗶𝗮 | 𝟯–𝟳 𝗝𝘂𝗻𝗲 | Focus: ""Offensive and resilient unmanned air systems for contested environments, including electronic warfare conditions"" BraveTech EU is more than a technology initiative: it is a forward-looking alliance. By fostering direct collaboration between Ukrainian and European companies, including startups and SMEs, the initiative creates new opportunities for shared innovation and mutual growth. Some key objectives: Accelerate development of battlefield-tested defence technologies Facilitate matchmaking and cooperation between Ukrainian and EU firms Mobilise funding and support through EDF, EUDIS, and Ukraine’s innovation ecosystem Align regulatory practices and promote agile innovation and procurement Support resilience through joint investment and knowledge exchange Launch of targeted activities to enhance collaboration and align innovation efforts, including: Matchmaking between Ukrainian and EU firms and investors R&D support and testing opportunities for startups Joint technology development for EU and Ukrainian defence needs Expansion of pilot actions with additional support from the European Defence Industrial Programme (EDIP) and the Ukraine Support Instrument (USI), including:",https://defence-industry-space.ec.europa.eu/eu-defence-industry/bravetech-eu_en,European Defence Fund,,,Em andamento,,tecnologias_estrategicas,monitoramento_oportunidades_publicas,fomento_investimento,"{'regiao': '', 'setor_estrategico': 'defesa_industrial', 'subtema': ['eletronica_defesa', 'espaco_defesa', 'licitacoes_defesa'], 'area_cientifica': ['espaco_defesa'], 'area_tecnologica': ['eletronica_defesa', 'licitacoes_defesa'], 'tipo_oportunidade': 'licitacao', 'empresa_prime': '', 'orgao_contratante': 'European Defence Fund', 'pais': 'EU', 'idioma_original': '', 'titulo_original': '', 'descricao_original': '', 'titulo_traduzido': '', 'descricao_traduzida': '', 'orgao_responsavel': '', 'instituicao': '', 'numero_edital': '', 'numero_chamada': '', 'numero_processo': '', 'codigo_oportunidade': '', 'modalidade': '', 'publico_alvo': '', 'elegibilidade': '', 'objetivo': '', 'escopo': '', 'itens_financiaveis': [], 'itens_nao_financiaveis': [], 'valor_total': '', 'valor_por_projeto': '', 'contrapartida': '', 'prazo_execucao': '', 'cronograma': [], 'documentos': [{'nome': 'Calls for proposals', 'url': 'https://defence-industry-space.ec.europa.eu/funding-opportunities/calls-proposals_en'}, {'nome': 'BraveTech EU Factsheet', 'url': 'https://defence-industry-space.ec.europa.eu/document/download/2b9ef57e-c5e9-45ee-be24-af1d6e178fda_en?filename=BraveTech-EU-factsheet_0.pdf'}], 'pdf_url': 'https://defence-industry-space.ec.europa.eu/document/download/2b9ef57e-c5e9-45ee-be24-af1d6e178fda_en?filename=BraveTech-EU-factsheet_0.pdf', 'pdf_texto_extraido': '', 'pdf_resumo': '', 'data_publicacao_original': '', 'fim_inscricao_original': '', 'prazo_submissao_original': '', 'metodo_extracao': 'html_listing_detail', 'url_listagem': 'https://defence-industry-space.ec.europa.eu/eu-defence-industry/european-defence-fund-edf_en', 'url_detalhe': 'https://defence-industry-space.ec.europa.eu/eu-defence-industry/bravetech-eu_en', 'nivel_sensibilidade': 'publico_institucional', 'contexto_sensivel_detectado': False, 'marcadores_contexto_sensivel': [], 'origem': 'https://defence-industry-space.ec.europa.eu/eu-defence-industry/bravetech-eu_en', 'palavras_chave_detectadas': ['defence', 'electronic warfare', 'funding', 'military', 'procurement'], 'necessita_traducao': False, 'observacoes': '', 'tipo_recurso': 'fomento_investimento', 'natureza_recurso': 'nao_reembolsavel', 'reembolsavel': False}"
SAFE | Security Action for Europe,"Adopted by the Council of the European Union on the 27th of May 2025, SAFE (Security Action for Europe) is the EU’s new financial instrument designed to provide financial support to Member States to speed up defence readiness by allowing urgent and major investments in support of the European defence industry, with a focus on closing critical capability gaps. SAFE will provide up to €150 billion in competitively priced, long-maturity loans to Member States requesting financial assistance for investments in defence capabilities. These loans will finance urgent and large-scale procurement efforts, ensuring that Europe’s defence industry can deliver the necessary equipment when it is needed most. To maximise impact and reduce fragmentation, projects will be based on common procurement, involving at least one Member State benefitting from SAFE and another Member States, as well as Ukraine and EEA-EFTA countries. However, in light of current geopolitical realities, SAFE will also temporarily support procurements by individual Member States to ensure timely delivery of critical assets. EU borrowing for the financing of the new programme will enable competitively priced and attractively structured long-duration loans to requesting Member States. The terms of these loans benefit from the EU's strong credit rating. SAFE supports the goals set out by the European Council in March 2025 to increase defence readiness. It is the first pillar of the European Commission’s ReArm Europe Plan/Readiness 2030, which aims to unlock over €800 billion in defence spending across the EU. The initiative complements existing EU efforts by: Boosting national defence budgets through greater flexibility under the Stability and Growth Pact; Facilitating defence-related investment through EU cohesion and regional funds; Leveraging support from the European Investment Bank; Mobilising private capital to support strategic defence initiatives. SAFE supports the procurement of priority defence products grouped into two categories: Artillery systems, including deep precision strike capabilities Ground combat capabilities and their support systems, including soldier equipment and infantry weapons Small drones (NATO class 1) and related anti-drone systems",https://defence-industry-space.ec.europa.eu/eu-defence-industry/safe-security-action-europe_en,European Defence Fund,,,Em andamento,,tecnologias_estrategicas,monitoramento_oportunidades_publicas,fomento_investimento,"{'regiao': '', 'setor_estrategico': 'defesa_industrial', 'subtema': ['licitacoes_defesa', 'sistemas_autonomos'], 'area_cientifica': [], 'area_tecnologica': ['licitacoes_defesa', 'sistemas_autonomos'], 'tipo_oportunidade': 'licitacao', 'empresa_prime': '', 'orgao_contratante': 'European Defence Fund', 'pais': 'EU', 'idioma_original': '', 'titulo_original': '', 'descricao_original': '', 'titulo_traduzido': '', 'descricao_traduzida': '', 'orgao_responsavel': '', 'instituicao': '', 'numero_edital': '', 'numero_chamada': '', 'numero_processo': '', 'codigo_oportunidade': '', 'modalidade': '', 'publico_alvo': '', 'elegibilidade': '', 'objetivo': '', 'escopo': '', 'itens_financiaveis': [], 'itens_nao_financiaveis': [], 'valor_total': '', 'valor_por_projeto': '', 'contrapartida': '', 'prazo_execucao': '', 'cronograma': [], 'documentos': [{'nome': 'Calls for proposals', 'url': 'https://defence-industry-space.ec.europa.eu/funding-opportunities/calls-proposals_en'}, {'nome': 'Communication to the College on the notification to requesting Member States of the allocation of the loan amounts pursuant to Council Regulation 2025/1106', 'url': 'https://defence-industry-space.ec.europa.eu/document/download/704924ae-3aa2-4bd3-9675-e9cf1e5dfb96_en?filename=communication-to-the-college.pdf'}, {'nome': 'Proposal for a Council Implementing Decision on making the financial assistance under Regulation (EU) 2025/1106 available to Belgium', 'url': 'https://defence-industry-space.ec.europa.eu/document/download/c01a74ba-3d41-4405-93fb-743a161ae35c_en?filename=COM_2026_29_1_EN_ACT_part1_v4.pdf'}, {'nome': 'Proposal for a Council Implementing Decision on making the financial assistance under Regulation (EU) 2025/1106 available to Bulgaria', 'url': 'https://defence-industry-space.ec.europa.eu/document/download/bf695182-b496-489f-8c82-ff93eb870654_en?filename=COM_2026_25_1_EN_ACT_part1_v4.pdf'}, {'nome': 'Proposal for a Council Implementing Decision on making the financial assistance under Regulation (EU) 2025/1106 available to Croatia', 'url': 'https://defence-industry-space.ec.europa.eu/document/download/fe5b873e-56f1-47ef-82e9-e75bd480a90d_en?filename=COM_2026_30_1_EN_ACT_part1_v4.pdf'}, {'nome': 'Proposal for a Council Implementing Decision on making the financial assistance under Regulation (EU) 2025/1106 available to Cyprus', 'url': 'https://defence-industry-space.ec.europa.eu/document/download/024cb2d3-25aa-43d9-9ac8-d913b2909cc3_en?filename=COM_2026_31_1_EN_ACT_part1_v4.pdf'}, {'nome': 'Proposal for a Council Implementing Decision on making the financial assistance under Regulation (EU) 2025/1106 available to Czechia', 'url': 'https://defence-industry-space.ec.europa.eu/document/download/1230866e-d062-481d-96e6-cce9fd369c5d_en?filename=COM_2026_146_F1_PROPOSAL_FOR_A_DECISION_EN_V2_czechia.PDF'}, {'nome': 'Proposal for a Council Implementing Decision on making the financial assistance under Regulation (EU) 2025/1106 available to Denmark', 'url': 'https://defence-industry-space.ec.europa.eu/document/download/957c89e5-fe9d-4910-9d1e-ad2e234ff6f1_en?filename=COM_2026_28_1_EN_ACT_part1_v4.pdf'}, {'nome': 'Proposal for a Council Implementing Decision on making the financial assistance under Regulation (EU) 2025/1106 available to Estonia', 'url': 'https://defence-industry-space.ec.europa.eu/document/download/74fa6f3e-ffab-4b26-a6a7-e9a346dafbae_en?filename=COM_2026_54_F1_PROPOSAL_FOR_A_DECISION_EN_V5_P1_4607623.PDF'}, {'nome': 'Proposal for a Council Implementing Decision on making the financial assistance under Regulation (EU) 2025/1106 available to Finland', 'url': 'https://defence-industry-space.ec.europa.eu/document/download/f484a3a2-b53d-430e-b808-de15f9f1d3a5_en?filename=COM_2026_56_F1_PROPOSAL_FOR_A_DECISION_EN_V4_P1_4608943.PDF'}, {'nome': 'Proposal for a Council Implementing Decision on making the financial assistance under Regulation (EU) 2025/1106 available to France', 'url': 'https://defence-industry-space.ec.europa.eu/document/download/e1424cbd-5231-4381-a5d6-d2a5e674d9ef_en?filename=COM_2026_145_F1_PROPOSAL_FOR_A_DECISION_EN_V2_France.PDF'}, {'nome': 'Proposal for a Council Implementing Decision on making the financial assistance under Regulation (EU) 2025/1106 available to Greece', 'url': 'https://defence-industry-space.ec.europa.eu/document/download/161fd2e3-06c5-49f5-b288-caaf9675f4ba_en?filename=COM_2026_59_F2_PROPOSAL_FOR_A_DECISION_EN_V5_P1_4607803.PDF'}], 'pdf_url': 'https://defence-industry-space.ec.europa.eu/document/download/704924ae-3aa2-4bd3-9675-e9cf1e5dfb96_en?filename=communication-to-the-college.pdf', 'pdf_texto_extraido': '', 'pdf_resumo': '', 'data_publicacao_original': '', 'fim_inscricao_original': '', 'prazo_submissao_original': '', 'metodo_extracao': 'html_listing_detail', 'url_listagem': 'https://defence-industry-space.ec.europa.eu/eu-defence-industry/european-defence-fund-edf_en', 'url_detalhe': 'https://defence-industry-space.ec.europa.eu/eu-defence-industry/safe-security-action-europe_en', 'nivel_sensibilidade': 'publico_institucional', 'contexto_sensivel_detectado': False, 'marcadores_contexto_sensivel': [], 'origem': 'https://defence-industry-space.ec.europa.eu/eu-defence-industry/safe-security-action-europe_en', 'palavras_chave_detectadas': ['defence', 'drone', 'procurement'], 'necessita_traducao': False, 'observacoes': '', 'tipo_recurso': 'fomento_investimento', 'natureza_recurso': 'nao_reembolsavel', 'reembolsavel': False}"
EDIP | Forging Europe’s Defence,"The European Defence Industry Programme (EDIP) is a €1.5 billion EU-wide initiative to strengthen and modernise Europe’s defence industry, ramp-up production capacity, and ensure cutting-edge technology, resilience, and steady supply of military equipment to the armed forces of the Member States. As part of EDIP, the Ukraine support instrument or USI, with a dedicated budget of EUR 300 million, contributes to the recovery, reconstruction and modernisation of the Ukrainian Defence Technological and Industrial Base (DTIB) with a view to increasing its defence industrial readiness, taking into account its possible future integration into the European DTIB, through cooperation between the Union and Ukraine, thereby enhancing mutual stability, security, peace, prosperity, resilience and sustainability. For EU, Norwegian and Ukrainian industry For Member States' and Norwegian national contracting authorities For Member States, Norway, Ukraine, and Industry For Member States, Norway, and their industries Industrial Reinforcement Actions (IRA) are a key component of the European Defence Industry Programme (EDIP). With over EUR 700 million of funding, IRA is EDIPs largest component and aims to ramp-up defence production in Europe and Ukraine. IRA consists of a total of four calls, two dedicated to reinforcing defence production capacities in Member States and Norway, and two calls that aim at boosting defence production capacity for Ukraine. The two calls dedicated to Member States and Norway industry represent funding opportunities to legal entities wanting to increase their manufacturing capacities for energetic components, key electronic components, and defence platforms and end-products. The Union financial support to successful applications will take the form of lump sum grants of up to 35% of the eligible costs of the projects and may reach up to 50% if conditions for increased funding rate are met. Additional information can be found in the call documents in the EU Funding & Tenders Portal. Energetic Components (EUR 166.4 million) focusing on propellant powder, explosives, propulsion systems, warheads and electronic fuses, filling plants, and access to relevant raw materials.Maximum EU contribution: EUR 30 million per project Energetic Components (EUR 166.4 million) focusing on propellant powder, explosives, propulsion systems, warheads and electronic fuses, filling plants, and access to relevant raw materials. Maximum EU contribution: EUR 30 million per project Key Electronic Components (EUR 122.25 million) focusing on guidance electronics, propulsion electronics, RF and laser modules, multispectral cameras, avionics, PCBs and IC substrates, and Lithium-ion polymer batteries, power electronics and critical semiconductor building blocks.Maximum EU contribution: EUR 20 million per project Key Electronic Components (EUR 122.25 million) focusing on guidance electronics, propulsion electronics, RF and laser modules, multispectral cameras, avionics, PCBs and IC substrates, and Lithium-ion polymer batteries, power electronics and critical semiconductor building blocks. Maximum EU contribution: EUR 20 million per project",https://defence-industry-space.ec.europa.eu/eu-defence-industry/edip-forging-europes-defence_en,European Defence Fund,,,Em andamento,,tecnologias_estrategicas,monitoramento_oportunidades_publicas,fomento_investimento,"{'regiao': '', 'setor_estrategico': 'defesa_industrial', 'subtema': ['eletronica_defesa', 'licitacoes_defesa'], 'area_cientifica': [], 'area_tecnologica': ['eletronica_defesa', 'licitacoes_defesa'], 'tipo_oportunidade': 'licitacao', 'empresa_prime': '', 'orgao_contratante': 'European Defence Fund', 'pais': 'EU', 'idioma_original': '', 'titulo_original': '', 'descricao_original': '', 'titulo_traduzido': '', 'descricao_traduzida': '', 'orgao_responsavel': '', 'instituicao': '', 'numero_edital': '', 'numero_chamada': '', 'numero_processo': '', 'codigo_oportunidade': '', 'modalidade': '', 'publico_alvo': '', 'elegibilidade': '', 'objetivo': '', 'escopo': '', 'itens_financiaveis': [], 'itens_nao_financiaveis': [], 'valor_total': '', 'valor_por_projeto': '', 'contrapartida': '', 'prazo_execucao': '', 'cronograma': [], 'documentos': [{'nome': 'Calls for proposals', 'url': 'https://defence-industry-space.ec.europa.eu/funding-opportunities/calls-proposals_en'}, {'nome': 'EU Funding & Tenders Portal', 'url': 'https://ec.europa.eu/info/funding-tenders/opportunities/portal/screen/home'}, {'nome': 'slides', 'url': 'https://defence-industry-space.ec.europa.eu/document/download/f27283d8-8d4e-4dfa-92b4-1065941b1130_en?filename=EDIP-IRA%20Video%20Tutorials%20-%20Overview.pdf'}, {'nome': 'Call structure', 'url': 'https://youtu.be/JPF75ANgRUc'}, {'nome': 'slides', 'url': 'https://defence-industry-space.ec.europa.eu/document/download/0eda0515-6186-4a98-89ac-226f7dfec24d_en?filename=EDIP-IRA%20Video%20Tutorials%20-%20Call%20Structure.pdf'}, {'nome': 'WP and Call topics', 'url': 'https://youtu.be/JKR5HTBemqE'}, {'nome': 'slides', 'url': 'https://defence-industry-space.ec.europa.eu/document/download/d5a551be-75ff-41cc-9899-e2000611d0c1_en?filename=EDIP-IRA%20Video%20Tutorials%20-%20WP%20and%20Programme%20Call%20Topics.pdf'}, {'nome': 'WP and USI call topics', 'url': 'https://youtu.be/vU9LX1YYTvs'}, {'nome': 'slides', 'url': 'https://defence-industry-space.ec.europa.eu/document/download/aef5969c-03b9-4cd5-aa4b-0317714aedd4_en?filename=EDIP-IRA%20Video%20Tutorials%20-%20WP%20and%20USI%20Call%20Topics.pdf'}, {'nome': 'slides', 'url': 'https://defence-industry-space.ec.europa.eu/document/download/fce67c41-e1ad-4e73-b14f-7be416d5fca2_en?filename=EDIP-IRA%20Video%20Tutorials%20-%20Eligiblity%20Criteria.pdf'}, {'nome': 'slides', 'url': 'https://defence-industry-space.ec.europa.eu/document/download/35fc7c98-0d19-426c-a974-b3663a7330d2_en?filename=EDIP-IRA%20Video%20Tutorials%20-%20Cost%20Categories.pdf'}, {'nome': 'slides', 'url': 'https://defence-industry-space.ec.europa.eu/document/download/5cc271b9-381f-4f79-83e7-e54d359286db_en?filename=EDIP-IRA%20Video%20Tutorials%20-%20Lump%20Sum%20and%20Funding%20Rates.pdf'}], 'pdf_url': 'https://defence-industry-space.ec.europa.eu/document/download/f27283d8-8d4e-4dfa-92b4-1065941b1130_en?filename=EDIP-IRA%20Video%20Tutorials%20-%20Overview.pdf', 'pdf_texto_extraido': '', 'pdf_resumo': '', 'data_publicacao_original': '', 'fim_inscricao_original': '', 'prazo_submissao_original': '', 'metodo_extracao': 'html_listing_detail', 'url_listagem': 'https://defence-industry-space.ec.europa.eu/eu-defence-industry/european-defence-fund-edf_en', 'url_detalhe': 'https://defence-industry-space.ec.europa.eu/eu-defence-industry/edip-forging-europes-defence_en', 'nivel_sensibilidade': 'publico_institucional', 'contexto_sensivel_detectado': False, 'marcadores_contexto_sensivel': [], 'origem': 'https://defence-industry-space.ec.europa.eu/eu-defence-industry/edip-forging-europes-defence_en', 'palavras_chave_detectadas': ['armed forces', 'defence', 'funding', 'grant', 'military'], 'necessita_traducao': False, 'observacoes': '', 'tipo_recurso': 'fomento_investimento', 'natureza_recurso': 'nao_reembolsavel', 'reembolsavel': False}"
European Network of Defence-related Regions,"The European Network of Defence-related Regions (ENDR) was launched in 2016 by the European Commission. Until the end of 2021, ENDR was funded by the COSME programme. From 2022 onwards, the ENDR is funded by the European Defence Fund (EDF). Bringing regional organisations and clusters together to exchange best practices on how to develop defence-related development strategies, including the integration of defence industrial and research assets into smart specialisation strategies Facilitating the flow of information for funding opportunities (such as the European Defence Fund, and other EU structural and investment funds); and Promoting the development of regional clusters of excellence. As of 31 January 2026, 105 entities from 23 Member States and Norway are members of the network. Since its inception, DG DEFIS, together with ENDR members, have organised 27 conferences/workshops in the past 10 years on topics such as maritime security, drones, maintenance in defence domains, Healthcare and Medical Countermeasures, dual use, skills in defence industry, cyber defence and cybersecurity and others. More conferences and events are taking place in 2026 DG DEFIS has also been organising annual meetings with ENDR members since 2016. DG DEFIS is in regular contact with members to keep them informed about relevant funding initiatives, and open to suggestions for future events. Agder European Office as regional representation Office concentrates on capability areas of direct relevance to EU security and defence priorities, naval combat, materials and components, energy resilience & environmental transition, Maritime, Marine / Submarine Technology, Trading & Business Support, Defence and Dual-use technologies, SMEs. Agder European Office is the regional representation in Brussels of Agder, Norway's southernmost region. It is a membership-based association, with its current members being the Agder County municipality, the municipalities of Kristiansand, Arendal, and Grimstad, the University of Agder, and the research institute NORCE. The Agder European Office, on behalf of its members, support businesses, research and educational institutions, the public sector, and civil society in the region in taking advantage of opportunities in European cooperation and funding schemes and safeguard the region’s interests in Europe – primarily within the framework of the EEA agreement. It does so by increasing awareness about EU-related matters, by helping various organisations build or join project consortia, and by serving as a hub for everything related to EU cooperation in the Agder region. One of the three thematic priorities of the office is security, defence, and preparedness. Agder has a long history as a technology region with a strong maritime and mechanical industry, and today the region is home to several of Norway’s most advanced defence industry players. From Umoe Mandal, one of Norway's most specialized high-tech shipyards and a strategic supplier to international defence customers to disruptive SMEs such as Naval Robotics in Risør, there is an industrial ecosystem that operates at the intersection of defence, critical infrastructure, and maritime innovation. We work together with these and other actors to strengthen the European dimension of this ecosystem. On behalf of, and together with our members, we work across public authorities, research ecosystems and businesses to spread information about the opportunities for defence and dual-use fundi",https://defence-industry-space.ec.europa.eu/eu-defence-industry/european-network-defence-related-regions_en,European Defence Fund,,,Em andamento,,tecnologias_estrategicas,monitoramento_oportunidades_publicas,fomento_investimento,"{'regiao': '', 'setor_estrategico': 'defesa_industrial', 'subtema': ['dual_use', 'espaco_defesa', 'fornecedores_defesa', 'infraestrutura_critica', 'naval_militar', 'sistemas_autonomos'], 'area_cientifica': ['espaco_defesa'], 'area_tecnologica': ['dual_use', 'fornecedores_defesa', 'infraestrutura_critica', 'naval_militar', 'sistemas_autonomos'], 'tipo_oportunidade': 'supplier_portal', 'empresa_prime': '', 'orgao_contratante': 'European Defence Fund', 'pais': 'EU', 'idioma_original': '', 'titulo_original': '', 'descricao_original': '', 'titulo_traduzido': '', 'descricao_traduzida': '', 'orgao_responsavel': '', 'instituicao': '', 'numero_edital': '', 'numero_chamada': '', 'numero_processo': '', 'codigo_oportunidade': '', 'modalidade': '', 'publico_alvo': '', 'elegibilidade': '', 'objetivo': '', 'escopo': '', 'itens_financiaveis': [], 'itens_nao_financiaveis': [], 'valor_total': '', 'valor_por_projeto': '', 'contrapartida': '', 'prazo_execucao': '', 'cronograma': [], 'documentos': [{'nome': 'Calls for proposals', 'url': 'https://defence-industry-space.ec.europa.eu/funding-opportunities/calls-proposals_en'}, {'nome': 'New EUDIS Defence Business Accelerator Call', 'url': 'https://defence-industry-space.ec.europa.eu/new-eudis-defence-business-accelerator-call-2026-04-16_en'}, {'nome': 'EUDIS Defence Hackathon Spring 2026 opens call for participants', 'url': 'https://defence-industry-space.ec.europa.eu/eudis-defence-hackathon-spring-2026-opens-call-participants-2026-02-18_en'}], 'pdf_url': '', 'pdf_texto_extraido': '', 'pdf_resumo': '', 'data_publicacao_original': '', 'fim_inscricao_original': '', 'prazo_submissao_original': '', 'metodo_extracao': 'html_listing_detail', 'url_listagem': 'https://defence-industry-space.ec.europa.eu/eu-defence-industry/european-defence-fund-edf_en', 'url_detalhe': 'https://defence-industry-space.ec.europa.eu/eu-defence-industry/european-network-defence-related-regions_en', 'nivel_sensibilidade': 'publico_institucional', 'contexto_sensivel_detectado': False, 'marcadores_contexto_sensivel': [], 'origem': 'https://defence-industry-space.ec.europa.eu/eu-defence-industry/european-network-defence-related-regions_en', 'palavras_chave_detectadas': ['critical infrastructure', 'defence', 'drone', 'dual use', 'dual-use', 'funding', 'naval', 'supplier'], 'necessita_traducao': False, 'observacoes': '', 'tipo_recurso': 'fomento_investimento', 'natureza_recurso': 'nao_reembolsavel', 'reembolsavel': False}"
EU Aeronautics Industry,"The European aeronautics industry develops and manufactures civil and military aircrafts, helicopters, drones, aero-engines and other systems and equipment. It also includes companies that provide support services, such as maintenance and training. The civil branch of the industry constitutes the backbone of the European aerospace and defence ecosystem. It represents 50% of its annual turnover, generating high-skilled jobs and innovation. Civil aeronautics is one of the most successful EU’s high-tech sectors. European industry is world leader in the production of civil aircraft, including helicopters, aircraft engines, parts and components. It provides 405000 jobs, generates €130 billion revenues and plays a leading role in exports, amounting to €109 billion (in 2019). However, with aircraft production rates cut by one third, the entire aeronautics supply chain has been strongly impacted by the severe drop in air travel resulting from the COVID-19 pandemic. The competitiveness of civil aeronautics industry strongly depends on its capacity to innovate in order to deliver ever safer and greener products. Industry spends a sizeable share of its revenues on research and development (R&D), which is reflected in an increasing number of patent applications. R&D expenditure from both industry and governments was estimated at the level of €8bn in 2019. Although the large aeronautical enterprises are located in a few Member States (in particular in France, Germany, Italy and Spain) the industry is characterised by an extended supply chain and a fabric of dynamic small- and medium- sized enterprises throughout the EU, some of them world leaders in their domain. The European Commission implements a number of policy actions, to address key issues that impact the aeronautics industry, including those listed below. The Commission promotes the sustainable competitiveness of European aeronautics industries through several initiatives. Over the recent years, particular focus has been placed on emerging sectors such as unmanned aircraft (also known as drones). The Commission intends also to support industry efforts to mitigate aviation's carbon footprint. Based on the Destination 2050 roadmap, the European aeronautics industry together with other European actors of the aviation sector has recently taken the strong commitment to ensure that air transport in Europe meets Europe 2050 climate’s objectives. This includes the development of zero-emission aircraft based on novel propulsion technologies. Such environmentally sustainable aircraft have huge market potential and may strongly contribute to industry’s future competitiveness in all market segments. In order to federate the efforts required to prepare the aviation market to these new configurations of aircraft the Commission is considering the launch of an Alliance for Zero-Emission Aviation. European Aeronautics: A Vision for 2020 Report on focus group formed by the Research Commissioner (2001) for a debate on how the European dimension can generate more efficient and effective research in the sector. STAR 21 Report The Strategic Aerospace Review for the 21st Century. Response to the STAR 21 report Commission communication (COM 2003/600) of October 2003: ""A coherent Framework for Aerospace: a response to the STAR 21 report"". FlightPath 2050 Europe's Vision for Aviation. Competitiveness of the EU Aerospace industry (with focus on Aeronautics industry) – Full Report Competitiveness of the EU Aerospace in",https://defence-industry-space.ec.europa.eu/eu-aeronautics-industry_en,European Defence Fund,,,Em andamento,,tecnologias_estrategicas,monitoramento_oportunidades_publicas,contratacao_publica,"{'regiao': '', 'setor_estrategico': 'defesa_industrial', 'subtema': ['aeroespacial_militar', 'espaco_defesa', 'pdi_defesa', 'sistemas_autonomos'], 'area_cientifica': ['espaco_defesa'], 'area_tecnologica': ['aeroespacial_militar', 'pdi_defesa', 'sistemas_autonomos'], 'tipo_oportunidade': 'programa_pdi', 'empresa_prime': '', 'orgao_contratante': 'European Defence Fund', 'pais': 'EU', 'idioma_original': '', 'titulo_original': '', 'descricao_original': '', 'titulo_traduzido': '', 'descricao_traduzida': '', 'orgao_responsavel': '', 'instituicao': '', 'numero_edital': '', 'numero_chamada': '', 'numero_processo': '', 'codigo_oportunidade': '', 'modalidade': '', 'publico_alvo': '', 'elegibilidade': '', 'objetivo': '', 'escopo': '', 'itens_financiaveis': [], 'itens_nao_financiaveis': [], 'valor_total': '', 'valor_por_projeto': '', 'contrapartida': '', 'prazo_execucao': '', 'cronograma': [], 'documentos': [{'nome': 'Calls for proposals', 'url': 'https://defence-industry-space.ec.europa.eu/funding-opportunities/calls-proposals_en'}], 'pdf_url': '', 'pdf_texto_extraido': '', 'pdf_resumo': '', 'data_publicacao_original': '', 'fim_inscricao_original': '', 'prazo_submissao_original': '', 'metodo_extracao': 'html_listing_detail', 'url_listagem': 'https://defence-industry-space.ec.europa.eu/eu-defence-industry/european-defence-fund-edf_en', 'url_detalhe': 'https://defence-industry-space.ec.europa.eu/eu-aeronautics-industry_en', 'nivel_sensibilidade': 'publico_institucional', 'contexto_sensivel_detectado': False, 'marcadores_contexto_sensivel': [], 'origem': 'https://defence-industry-space.ec.europa.eu/eu-aeronautics-industry_en', 'palavras_chave_detectadas': ['aeronautica', 'aerospace', 'defence', 'drone', 'military'], 'necessita_traducao': False, 'observacoes': '', 'tipo_recurso': 'contratacao_publica', 'natureza_recurso': 'contratual', 'reembolsavel': None}"
Alliance for Zero-Emission Aviation,"The Alliance is a voluntary initiative of private and public partners who share the objective to prepare the entry into commercial service of hydrogen-powered and electric aircraft. We want to bring the actors from across the ecosystem around a table and start planning for the roll-out of these aircraft. The involvement of smaller industry players and start-ups working on air transport solutions that are climate-neutral will be especially welcome. The objective of the Alliance is to prepare the market for the entry into service of zero-emission aircraft. The novel propulsion technologies used by such aircraft will have a profound impact not only on aircraft design, but also on the fuels and airport infrastructures they require and on the way they are operated. Airline business models may also be affected. The Alliance has published a Roadmap for the deployment of hybrid, electric and hydrogen flights in Europe. The Roadmap proposes concrete objectives, identifies key requirements and allocates roles and responsibilities to the different public and private stakeholders. Participation in the Alliance will be open to players from across the aeronautical industry and from the aviation community in the wider sense, such as energy producers and any other relevant players. The involvement of smaller industry players and start-ups working on climate-neutral air transport solutions will be especially welcome. They can do so by signing the Declaration and filling in the application form, provided they meet the eligibility criteria set out in the Terms of Reference. The European aeronautics industry together with other European players in the aviation sector has taken the strong commitment to ensure that air transport in Europe meets Europe 2050 climate’s objectives. This includes the development of zero-emission aircraft based on novel propulsion technologies (e.g. electric, hydrogen). In order to prepare this Alliance, the Commission gathered partners’ feedback through an online survey carried out at the end of 2021. The survey largely endorsed the concept on which the Alliance is based, and many companies and organisations offered to play an active role in the Alliance. Download the report. The Alliance’s objective is in line with the Toulouse Declaration on future sustainability and decarbonisation of aviation [endorsed on 4 February 2022], which calls for sectoral roadmaps and joint efforts towards sustainability and decarbonisation of aviation worldwide. 20 April 20267th General Assembly of the Alliance and publication of the AZEA RoadmapAccess the AZEA RoadmapPress ReleaseEvent Page and Recording of the Roadmap Publication CeremonySpeech by Commissioner Kubilius to the General Assembly of the Alliance for zero-emission aviation Event Page and Recording of the Roadmap Publication Ceremony Speech by Commissioner Kubilius to the General Assembly of the Alliance for zero-emission aviation 25 November 2025 AZEA WORKSHOP Recharging Regional Aviation Electric & Hydrogen Opportunities for Europe’s AirlinesThis Workshop provided perspectives on what the shift to zero-emission aviation really means for regional airline operators, from fleet renewal and cost models to infrastructure, demand, and new routes that could restore essential regional connectivity. Welcome: DG DEFIS Introduction to AZEAEurocontrol: The operating patterns of commuter and feeder aircraft in Europe- past, present and futureGAMA: Technological evolution on the horizon: H2, electr",https://defence-industry-space.ec.europa.eu/eu-aeronautics-industry/alliance-zero-emission-aviation_en,European Defence Fund,,,Em andamento,,tecnologias_estrategicas,monitoramento_oportunidades_publicas,contratacao_publica,"{'regiao': '', 'setor_estrategico': 'defesa_industrial', 'subtema': [], 'area_cientifica': [], 'area_tecnologica': [], 'tipo_oportunidade': 'noticia_institucional', 'empresa_prime': '', 'orgao_contratante': 'European Defence Fund', 'pais': 'EU', 'idioma_original': '', 'titulo_original': '', 'descricao_original': '', 'titulo_traduzido': '', 'descricao_traduzida': '', 'orgao_responsavel': '', 'instituicao': '', 'numero_edital': '', 'numero_chamada': '', 'numero_processo': '', 'codigo_oportunidade': '', 'modalidade': '', 'publico_alvo': '', 'elegibilidade': '', 'objetivo': '', 'escopo': '', 'itens_financiaveis': [], 'itens_nao_financiaveis': [], 'valor_total': '', 'valor_por_projeto': '', 'contrapartida': '', 'prazo_execucao': '', 'cronograma': [], 'documentos': [{'nome': 'Calls for proposals', 'url': 'https://defence-industry-space.ec.europa.eu/funding-opportunities/calls-proposals_en'}, {'nome': 'Download', 'url': 'https://defence-industry-space.ec.europa.eu/document/download/891e1fee-4c29-4606-8e08-fb0944a7a2f2_en?filename=Factsheet%20-%20AZEA.pdf'}, {'nome': 'Download', 'url': 'https://defence-industry-space.ec.europa.eu/document/download/818a026a-4c19-4bde-a506-86d5c52a4f93_en?filename=AZEA%20Newsletter%201st%20Issue%20October%202024.pdf'}, {'nome': 'Download', 'url': 'https://defence-industry-space.ec.europa.eu/document/download/0e84c9af-5cf3-4db0-8ec7-13026e035fed_en?filename=AZEA-Newsletter-2nd-Issue.pdf'}, {'nome': 'Access the Roadmap', 'url': 'https://defence-industry-space.ec.europa.eu/document/download/03f40626-59aa-4347-a0f0-d0346d8552d2_en?filename=AZEA%20Roadmap%20April%202026.pdf'}, {'nome': 'Executive summary of the Roadmap', 'url': 'https://defence-industry-space.ec.europa.eu/system/files/2026-04/AZEA%20Roadmap_April%202026_ExSum.pdf'}, {'nome': 'Download', 'url': 'https://defence-industry-space.ec.europa.eu/document/download/d4008683-0fad-4d7e-9ae9-f3c5dffe73d7_en?filename=List%20of%20organisations%20on%20Steering%20Committee%2020221025.pdf'}, {'nome': 'Download', 'url': 'https://defence-industry-space.ec.europa.eu/document/download/4fdae836-8c49-4cf0-8839-ca7a43c27656_en?filename=AZEA%20-%20List%20of%20Members_190624.pdf'}, {'nome': 'Toulouse Declaration', 'url': 'https://presidence-francaise.consilium.europa.eu/media/2hkh2v33/declaration-de-toulouse-pfue-ang_fr.pdf'}, {'nome': 'Welcome', 'url': 'https://defence-industry-space.ec.europa.eu/system/files/2026-01/AZEA-Workshop-25November.pdf'}, {'nome': 'Eurocontrol', 'url': 'https://defence-industry-space.ec.europa.eu/system/files/2025-12/2EurocontrolpresentCS23%20network_1464312543.pdf'}, {'nome': 'GAMA', 'url': 'https://defence-industry-space.ec.europa.eu/system/files/2025-12/3GAMA%20Technology%20Evolution_1464312543.pdf'}], 'pdf_url': 'https://defence-industry-space.ec.europa.eu/document/download/891e1fee-4c29-4606-8e08-fb0944a7a2f2_en?filename=Factsheet%20-%20AZEA.pdf', 'pdf_texto_extraido': '', 'pdf_resumo': '', 'data_publicacao_original': '', 'fim_inscricao_original': '', 'prazo_submissao_original': '', 'metodo_extracao': 'html_listing_detail', 'url_listagem': 'https://defence-industry-space.ec.europa.eu/eu-defence-industry/european-defence-fund-edf_en', 'url_detalhe': 'https://defence-industry-space.ec.europa.eu/eu-aeronautics-industry/alliance-zero-emission-aviation_en', 'nivel_sensibilidade': 'publico_institucional', 'contexto_sensivel_detectado': False, 'marcadores_contexto_sensivel': [], 'origem': 'https://defence-industry-space.ec.europa.eu/eu-aeronautics-industry/alliance-zero-emission-aviation_en', 'palavras_chave_detectadas': ['aeronautica'], 'necessita_traducao': False, 'observacoes': '', 'tipo_recurso': 'contratacao_publica', 'natureza_recurso': 'contratual', 'reembolsavel': None}"
