2026-05-09 01:29:43,507 | ERROR | loader | Erro no upsert de noticia link=https://defence-industry-space.ec.europa.eu/eu-defence-industry/european-defence-fund-edf-official-webpage-european-commission_hu
Traceback (most recent call last):
  File "D:\Computational_Physics\My Projects\edital\CORE\loader.py", line 844, in inserir_ou_atualizar_conteudo
    res = supabase.table(table_name).upsert(row, on_conflict="link").execute()
          ^^^^^^^^^^^^^^^^^^^^^^^^^^^^^^^^^^^^^^^^^^^^^^^^^^^^^^^^^^^^^^^^^^^^
  File "D:\Computational_Physics\My Projects\edital\CORE\.venv\Lib\site-packages\postgrest\_sync\request_builder.py", line 53, in execute
    raise APIError(dict(json_obj))
postgrest.exceptions.APIError: {'message': "Could not find the 'orgao' column of 'noticia' in the schema cache", 'code': 'PGRST204', 'hint': None, 'details': None}
2026-05-09 01:29:43,707 | ERROR | loader | Erro no upsert de noticia link=https://defence-industry-space.ec.europa.eu/eu-defence-industry/european-defence-fund-edf-official-webpage-european-commission_mt
Traceback (most recent call last):
  File "D:\Computational_Physics\My Projects\edital\CORE\loader.py", line 844, in inserir_ou_atualizar_conteudo
    res = supabase.table(table_name).upsert(row, on_conflict="link").execute()
          ^^^^^^^^^^^^^^^^^^^^^^^^^^^^^^^^^^^^^^^^^^^^^^^^^^^^^^^^^^^^^^^^^^^^
  File "D:\Computational_Physics\My Projects\edital\CORE\.venv\Lib\site-packages\postgrest\_sync\request_builder.py", line 53, in execute
    raise APIError(dict(json_obj))
postgrest.exceptions.APIError: {'message': "Could not find the 'orgao' column of 'noticia' in the schema cache", 'code': 'PGRST204', 'hint': None, 'details': None}
2026-05-09 01:29:43,888 | ERROR | loader | Erro no upsert de noticia link=https://defence-industry-space.ec.europa.eu/eu-defence-industry/european-defence-fund-edf-official-webpage-european-commission_nl
Traceback (most recent call last):
  File "D:\Computational_Physics\My Projects\edital\CORE\loader.py", line 844, in inserir_ou_atualizar_conteudo
    res = supabase.table(table_name).upsert(row, on_conflict="link").execute()
          ^^^^^^^^^^^^^^^^^^^^^^^^^^^^^^^^^^^^^^^^^^^^^^^^^^^^^^^^^^^^^^^^^^^^
  File "D:\Computational_Physics\My Projects\edital\CORE\.venv\Lib\site-packages\postgrest\_sync\request_builder.py", line 53, in execute
    raise APIError(dict(json_obj))
postgrest.exceptions.APIError: {'message': "Could not find the 'orgao' column of 'noticia' in the schema cache", 'code': 'PGRST204', 'hint': None, 'details': None}
2026-05-09 01:29:44,125 | ERROR | loader | Erro no upsert de noticia link=https://defence-industry-space.ec.europa.eu/eu-defence-industry/european-defence-fund-edf-official-webpage-european-commission_pt
Traceback (most recent call last):
  File "D:\Computational_Physics\My Projects\edital\CORE\loader.py", line 844, in inserir_ou_atualizar_conteudo
    res = supabase.table(table_name).upsert(row, on_conflict="link").execute()
          ^^^^^^^^^^^^^^^^^^^^^^^^^^^^^^^^^^^^^^^^^^^^^^^^^^^^^^^^^^^^^^^^^^^^
  File "D:\Computational_Physics\My Projects\edital\CORE\.venv\Lib\site-packages\postgrest\_sync\request_builder.py", line 53, in execute
    raise APIError(dict(json_obj))
postgrest.exceptions.APIError: {'message': "Could not find the 'orgao' column of 'noticia' in the schema cache", 'code': 'PGRST204', 'hint': None, 'details': None}
2026-05-09 01:29:44,332 | ERROR | loader | Erro no upsert de noticia link=https://defence-industry-space.ec.europa.eu/eu-defence-industry/european-defence-fund-edf-official-webpage-european-commission_ro
Traceback (most recent call last):
  File "D:\Computational_Physics\My Projects\edital\CORE\loader.py", line 844, in inserir_ou_atualizar_conteudo
    res = supabase.table(table_name).upsert(row, on_conflict="link").execute()
          ^^^^^^^^^^^^^^^^^^^^^^^^^^^^^^^^^^^^^^^^^^^^^^^^^^^^^^^^^^^^^^^^^^^^
  File "D:\Computational_Physics\My Projects\edital\CORE\.venv\Lib\site-packages\postgrest\_sync\request_builder.py", line 53, in execute
    raise APIError(dict(json_obj))
postgrest.exceptions.APIError: {'message': "Could not find the 'orgao' column of 'noticia' in the schema cache", 'code': 'PGRST204', 'hint': None, 'details': None}
2026-05-09 01:29:44,540 | ERROR | loader | Erro no upsert de noticia link=https://defence-industry-space.ec.europa.eu/eu-defence-industry/european-defence-fund-edf-official-webpage-european-commission_sk
Traceback (most recent call last):
  File "D:\Computational_Physics\My Projects\edital\CORE\loader.py", line 844, in inserir_ou_atualizar_conteudo
    res = supabase.table(table_name).upsert(row, on_conflict="link").execute()
          ^^^^^^^^^^^^^^^^^^^^^^^^^^^^^^^^^^^^^^^^^^^^^^^^^^^^^^^^^^^^^^^^^^^^
  File "D:\Computational_Physics\My Projects\edital\CORE\.venv\Lib\site-packages\postgrest\_sync\request_builder.py", line 53, in execute
    raise APIError(dict(json_obj))
postgrest.exceptions.APIError: {'message': "Could not find the 'orgao' column of 'noticia' in the schema cache", 'code': 'PGRST204', 'hint': None, 'details': None}
2026-05-09 01:29:44,737 | ERROR | loader | Erro no upsert de noticia link=https://defence-industry-space.ec.europa.eu/eu-defence-industry/european-defence-fund-edf-official-webpage-european-commission_sl
Traceback (most recent call last):
  File "D:\Computational_Physics\My Projects\edital\CORE\loader.py", line 844, in inserir_ou_atualizar_conteudo
    res = supabase.table(table_name).upsert(row, on_conflict="link").execute()
          ^^^^^^^^^^^^^^^^^^^^^^^^^^^^^^^^^^^^^^^^^^^^^^^^^^^^^^^^^^^^^^^^^^^^
  File "D:\Computational_Physics\My Projects\edital\CORE\.venv\Lib\site-packages\postgrest\_sync\request_builder.py", line 53, in execute
    raise APIError(dict(json_obj))
postgrest.exceptions.APIError: {'message': "Could not find the 'orgao' column of 'noticia' in the schema cache", 'code': 'PGRST204', 'hint': None, 'details': None}
2026-05-09 01:29:44,943 | ERROR | loader | Erro no upsert de noticia link=https://defence-industry-space.ec.europa.eu/eu-defence-industry/european-defence-fund-edf-official-webpage-european-commission_sv
Traceback (most recent call last):
  File "D:\Computational_Physics\My Projects\edital\CORE\loader.py", line 844, in inserir_ou_atualizar_conteudo
    res = supabase.table(table_name).upsert(row, on_conflict="link").execute()
          ^^^^^^^^^^^^^^^^^^^^^^^^^^^^^^^^^^^^^^^^^^^^^^^^^^^^^^^^^^^^^^^^^^^^
  File "D:\Computational_Physics\My Projects\edital\CORE\.venv\Lib\site-packages\postgrest\_sync\request_builder.py", line 53, in execute
    raise APIError(dict(json_obj))
postgrest.exceptions.APIError: {'message': "Could not find the 'orgao' column of 'noticia' in the schema cache", 'code': 'PGRST204', 'hint': None, 'details': None}
2026-05-09 01:29:45,164 | ERROR | loader | Erro no upsert de noticia link=https://defence-industry-space.ec.europa.eu/newsroom_en
Traceback (most recent call last):
  File "D:\Computational_Physics\My Projects\edital\CORE\loader.py", line 844, in inserir_ou_atualizar_conteudo
    res = supabase.table(table_name).upsert(row, on_conflict="link").execute()
          ^^^^^^^^^^^^^^^^^^^^^^^^^^^^^^^^^^^^^^^^^^^^^^^^^^^^^^^^^^^^^^^^^^^^
  File "D:\Computational_Physics\My Projects\edital\CORE\.venv\Lib\site-packages\postgrest\_sync\request_builder.py", line 53, in execute
    raise APIError(dict(json_obj))
postgrest.exceptions.APIError: {'message': "Could not find the 'orgao' column of 'noticia' in the schema cache", 'code': 'PGRST204', 'hint': None, 'details': None}
2026-05-09 01:30:19,965 | ERROR | loader | Erro no upsert de noticia link=https://defence-industry-space.ec.europa.eu/newsroom/press-inquiries_en
Traceback (most recent call last):
  File "D:\Computational_Physics\My Projects\edital\CORE\loader.py", line 844, in inserir_ou_atualizar_conteudo
    res = supabase.table(table_name).upsert(row, on_conflict="link").execute()
          ^^^^^^^^^^^^^^^^^^^^^^^^^^^^^^^^^^^^^^^^^^^^^^^^^^^^^^^^^^^^^^^^^^^^
  File "D:\Computational_Physics\My Projects\edital\CORE\.venv\Lib\site-packages\postgrest\_sync\request_builder.py", line 53, in execute
    raise APIError(dict(json_obj))
postgrest.exceptions.APIError: {'message': "Could not find the 'orgao' column of 'noticia' in the schema cache", 'code': 'PGRST204', 'hint': None, 'details': None}
2026-05-09 01:30:36,865 | ERROR | loader | Erro no upsert de noticia link=https://defence-industry-space.ec.europa.eu/eu-space/copernicus-earth-observation_en
Traceback (most recent call last):
  File "D:\Computational_Physics\My Projects\edital\CORE\loader.py", line 844, in inserir_ou_atualizar_conteudo
    res = supabase.table(table_name).upsert(row, on_conflict="link").execute()
          ^^^^^^^^^^^^^^^^^^^^^^^^^^^^^^^^^^^^^^^^^^^^^^^^^^^^^^^^^^^^^^^^^^^^
  File "D:\Computational_Physics\My Projects\edital\CORE\.venv\Lib\site-packages\postgrest\_sync\request_builder.py", line 53, in execute
    raise APIError(dict(json_obj))
postgrest.exceptions.APIError: {'message': "Could not find the 'orgao' column of 'noticia' in the schema cache", 'code': 'PGRST204', 'hint': None, 'details': None}
2026-05-09 01:30:37,046 | ERROR | loader | Erro no upsert de noticia link=https://defence-industry-space.ec.europa.eu/eu-space/egnos-satellite-navigation_en
Traceback (most recent call last):
  File "D:\Computational_Physics\My Projects\edital\CORE\loader.py", line 844, in inserir_ou_atualizar_conteudo
    res = supabase.table(table_name).upsert(row, on_conflict="link").execute()
          ^^^^^^^^^^^^^^^^^^^^^^^^^^^^^^^^^^^^^^^^^^^^^^^^^^^^^^^^^^^^^^^^^^^^
  File "D:\Computational_Physics\My Projects\edital\CORE\.venv\Lib\site-packages\postgrest\_sync\request_builder.py", line 53, in execute
    raise APIError(dict(json_obj))
postgrest.exceptions.APIError: {'message': "Could not find the 'orgao' column of 'noticia' in the schema cache", 'code': 'PGRST204', 'hint': None, 'details': None}
2026-05-09 01:30:45,773 | ERROR | loader | Erro no upsert de noticia link=https://defence-industry-space.ec.europa.eu/eu-space/govsatcom-satellite-communications_en
Traceback (most recent call last):
  File "D:\Computational_Physics\My Projects\edital\CORE\loader.py", line 844, in inserir_ou_atualizar_conteudo
    res = supabase.table(table_name).upsert(row, on_conflict="link").execute()
          ^^^^^^^^^^^^^^^^^^^^^^^^^^^^^^^^^^^^^^^^^^^^^^^^^^^^^^^^^^^^^^^^^^^^
  File "D:\Computational_Physics\My Projects\edital\CORE\.venv\Lib\site-packages\postgrest\_sync\request_builder.py", line 53, in execute
    raise APIError(dict(json_obj))
postgrest.exceptions.APIError: {'message': "Could not find the 'orgao' column of 'noticia' in the schema cache", 'code': 'PGRST204', 'hint': None, 'details': None}
2026-05-09 01:32:21,830 | ERROR | loader | Erro no upsert de pesquisa link=https://defence-industry-space.ec.europa.eu/eu-aeronautics-industry/alliance-zero-emission-aviation_en
Traceback (most recent call last):
  File "D:\Computational_Physics\My Projects\edital\CORE\loader.py", line 844, in inserir_ou_atualizar_conteudo
    res = supabase.table(table_name).upsert(row, on_conflict="link").execute()
          ^^^^^^^^^^^^^^^^^^^^^^^^^^^^^^^^^^^^^^^^^^^^^^^^^^^^^^^^^^^^^^^^^^^^
  File "D:\Computational_Physics\My Projects\edital\CORE\.venv\Lib\site-packages\postgrest\_sync\request_builder.py", line 53, in execute
    raise APIError(dict(json_obj))
postgrest.exceptions.APIError: {'message': "Could not find the 'orgao' column of 'pesquisa' in the schema cache", 'code': 'PGRST204', 'hint': None, 'details': None}
2026-05-09 01:45:22,944 | WARNING | loader | Falha ao inserir extra 'tipo_chamada' do edital 969: <ConnectionTerminated error_code:0, last_stream_id:19999, additional_data:None>
2026-05-09 01:54:28,843 | ERROR | loader | Erro no upsert de pesquisa link=https://www.gdls.com/suppliers/transportation-trade-compliance/
Traceback (most recent call last):
  File "D:\Computational_Physics\My Projects\edital\CORE\loader.py", line 844, in inserir_ou_atualizar_conteudo
    res = supabase.table(table_name).upsert(row, on_conflict="link").execute()
          ^^^^^^^^^^^^^^^^^^^^^^^^^^^^^^^^^^^^^^^^^^^^^^^^^^^^^^^^^^^^^^^^^^^^
  File "D:\Computational_Physics\My Projects\edital\CORE\.venv\Lib\site-packages\postgrest\_sync\request_builder.py", line 53, in execute
    raise APIError(dict(json_obj))
postgrest.exceptions.APIError: {'message': "Could not find the 'orgao' column of 'pesquisa' in the schema cache", 'code': 'PGRST204', 'hint': None, 'details': None}
2026-05-09 02:19:44,885 | WARNING | loader | Falha ao inserir extra 'palavras_chave_detectadas' do edital 1182: <ConnectionTerminated error_code:0, last_stream_id:19999, additional_data:None>
2026-05-09 02:48:15,488 | ERROR | loader | Erro no upsert de noticia link=https://www.mhi.com/news/260428.html
Traceback (most recent call last):
  File "D:\Computational_Physics\My Projects\edital\CORE\loader.py", line 844, in inserir_ou_atualizar_conteudo
    res = supabase.table(table_name).upsert(row, on_conflict="link").execute()
          ^^^^^^^^^^^^^^^^^^^^^^^^^^^^^^^^^^^^^^^^^^^^^^^^^^^^^^^^^^^^^^^^^^^^
  File "D:\Computational_Physics\My Projects\edital\CORE\.venv\Lib\site-packages\postgrest\_sync\request_builder.py", line 53, in execute
    raise APIError(dict(json_obj))
postgrest.exceptions.APIError: {'message': "Could not find the 'orgao' column of 'noticia' in the schema cache", 'code': 'PGRST204', 'hint': None, 'details': None}
2026-05-09 02:48:15,795 | ERROR | loader | Erro no upsert de noticia link=https://www.mhi.com/news/26042201.html
Traceback (most recent call last):
  File "D:\Computational_Physics\My Projects\edital\CORE\loader.py", line 844, in inserir_ou_atualizar_conteudo
    res = supabase.table(table_name).upsert(row, on_conflict="link").execute()
          ^^^^^^^^^^^^^^^^^^^^^^^^^^^^^^^^^^^^^^^^^^^^^^^^^^^^^^^^^^^^^^^^^^^^
  File "D:\Computational_Physics\My Projects\edital\CORE\.venv\Lib\site-packages\postgrest\_sync\request_builder.py", line 53, in execute
    raise APIError(dict(json_obj))
postgrest.exceptions.APIError: {'message': "Could not find the 'orgao' column of 'noticia' in the schema cache", 'code': 'PGRST204', 'hint': None, 'details': None}
2026-05-09 02:48:16,003 | ERROR | loader | Erro no upsert de noticia link=https://www.mhi.com/news/26042202.html
Traceback (most recent call last):
  File "D:\Computational_Physics\My Projects\edital\CORE\loader.py", line 844, in inserir_ou_atualizar_conteudo
    res = supabase.table(table_name).upsert(row, on_conflict="link").execute()
          ^^^^^^^^^^^^^^^^^^^^^^^^^^^^^^^^^^^^^^^^^^^^^^^^^^^^^^^^^^^^^^^^^^^^
  File "D:\Computational_Physics\My Projects\edital\CORE\.venv\Lib\site-packages\postgrest\_sync\request_builder.py", line 53, in execute
    raise APIError(dict(json_obj))
postgrest.exceptions.APIError: {'message': "Could not find the 'orgao' column of 'noticia' in the schema cache", 'code': 'PGRST204', 'hint': None, 'details': None}
2026-05-09 02:48:16,200 | ERROR | loader | Erro no upsert de noticia link=https://www.mhi.com/news/260418.html
Traceback (most recent call last):
  File "D:\Computational_Physics\My Projects\edital\CORE\loader.py", line 844, in inserir_ou_atualizar_conteudo
    res = supabase.table(table_name).upsert(row, on_conflict="link").execute()
          ^^^^^^^^^^^^^^^^^^^^^^^^^^^^^^^^^^^^^^^^^^^^^^^^^^^^^^^^^^^^^^^^^^^^
  File "D:\Computational_Physics\My Projects\edital\CORE\.venv\Lib\site-packages\postgrest\_sync\request_builder.py", line 53, in execute
    raise APIError(dict(json_obj))
postgrest.exceptions.APIError: {'message': "Could not find the 'orgao' column of 'noticia' in the schema cache", 'code': 'PGRST204', 'hint': None, 'details': None}
2026-05-09 02:48:16,507 | ERROR | loader | Erro no upsert de noticia link=https://www.mhi.com/news/260407.html
Traceback (most recent call last):
  File "D:\Computational_Physics\My Projects\edital\CORE\loader.py", line 844, in inserir_ou_atualizar_conteudo
    res = supabase.table(table_name).upsert(row, on_conflict="link").execute()
          ^^^^^^^^^^^^^^^^^^^^^^^^^^^^^^^^^^^^^^^^^^^^^^^^^^^^^^^^^^^^^^^^^^^^
  File "D:\Computational_Physics\My Projects\edital\CORE\.venv\Lib\site-packages\postgrest\_sync\request_builder.py", line 53, in execute
    raise APIError(dict(json_obj))
postgrest.exceptions.APIError: {'message': "Could not find the 'orgao' column of 'noticia' in the schema cache", 'code': 'PGRST204', 'hint': None, 'details': None}
2026-05-09 02:48:16,718 | ERROR | loader | Erro no upsert de noticia link=https://www.mhi.com/news/260402.html
Traceback (most recent call last):
  File "D:\Computational_Physics\My Projects\edital\CORE\loader.py", line 844, in inserir_ou_atualizar_conteudo
    res = supabase.table(table_name).upsert(row, on_conflict="link").execute()
          ^^^^^^^^^^^^^^^^^^^^^^^^^^^^^^^^^^^^^^^^^^^^^^^^^^^^^^^^^^^^^^^^^^^^
  File "D:\Computational_Physics\My Projects\edital\CORE\.venv\Lib\site-packages\postgrest\_sync\request_builder.py", line 53, in execute
    raise APIError(dict(json_obj))
postgrest.exceptions.APIError: {'message': "Could not find the 'orgao' column of 'noticia' in the schema cache", 'code': 'PGRST204', 'hint': None, 'details': None}
2026-05-09 02:48:17,020 | ERROR | loader | Erro no upsert de noticia link=https://www.mod.go.jp/en/
Traceback (most recent call last):
  File "D:\Computational_Physics\My Projects\edital\CORE\loader.py", line 844, in inserir_ou_atualizar_conteudo
    res = supabase.table(table_name).upsert(row, on_conflict="link").execute()
          ^^^^^^^^^^^^^^^^^^^^^^^^^^^^^^^^^^^^^^^^^^^^^^^^^^^^^^^^^^^^^^^^^^^^
  File "D:\Computational_Physics\My Projects\edital\CORE\.venv\Lib\site-packages\postgrest\_sync\request_builder.py", line 53, in execute
    raise APIError(dict(json_obj))
postgrest.exceptions.APIError: {'message': "Could not find the 'orgao' column of 'noticia' in the schema cache", 'code': 'PGRST204', 'hint': None, 'details': None}
2026-05-09 02:48:17,231 | ERROR | loader | Erro no upsert de noticia link=https://www.mod.go.jp/en/press-release/
Traceback (most recent call last):
  File "D:\Computational_Physics\My Projects\edital\CORE\loader.py", line 844, in inserir_ou_atualizar_conteudo
    res = supabase.table(table_name).upsert(row, on_conflict="link").execute()
          ^^^^^^^^^^^^^^^^^^^^^^^^^^^^^^^^^^^^^^^^^^^^^^^^^^^^^^^^^^^^^^^^^^^^
  File "D:\Computational_Physics\My Projects\edital\CORE\.venv\Lib\site-packages\postgrest\_sync\request_builder.py", line 53, in execute
    raise APIError(dict(json_obj))
postgrest.exceptions.APIError: {'message': "Could not find the 'orgao' column of 'noticia' in the schema cache", 'code': 'PGRST204', 'hint': None, 'details': None}
2026-05-09 02:48:17,419 | ERROR | loader | Erro no upsert de noticia link=https://www.mod.go.jp/en/d_policy/index.html
Traceback (most recent call last):
  File "D:\Computational_Physics\My Projects\edital\CORE\loader.py", line 844, in inserir_ou_atualizar_conteudo
    res = supabase.table(table_name).upsert(row, on_conflict="link").execute()
          ^^^^^^^^^^^^^^^^^^^^^^^^^^^^^^^^^^^^^^^^^^^^^^^^^^^^^^^^^^^^^^^^^^^^
  File "D:\Computational_Physics\My Projects\edital\CORE\.venv\Lib\site-packages\postgrest\_sync\request_builder.py", line 53, in execute
    raise APIError(dict(json_obj))
postgrest.exceptions.APIError: {'message': "Could not find the 'orgao' column of 'noticia' in the schema cache", 'code': 'PGRST204', 'hint': None, 'details': None}
2026-05-09 02:48:17,598 | ERROR | loader | Erro no upsert de noticia link=https://www.mod.go.jp/en/d_policy/basis/index.html
Traceback (most recent call last):
  File "D:\Computational_Physics\My Projects\edital\CORE\loader.py", line 844, in inserir_ou_atualizar_conteudo
    res = supabase.table(table_name).upsert(row, on_conflict="link").execute()
          ^^^^^^^^^^^^^^^^^^^^^^^^^^^^^^^^^^^^^^^^^^^^^^^^^^^^^^^^^^^^^^^^^^^^
  File "D:\Computational_Physics\My Projects\edital\CORE\.venv\Lib\site-packages\postgrest\_sync\request_builder.py", line 53, in execute
    raise APIError(dict(json_obj))
postgrest.exceptions.APIError: {'message': "Could not find the 'orgao' column of 'noticia' in the schema cache", 'code': 'PGRST204', 'hint': None, 'details': None}
2026-05-09 02:48:17,792 | ERROR | loader | Erro no upsert de noticia link=https://www.mod.go.jp/en/d_policy/defense-capability-transformation/index.html
Traceback (most recent call last):
  File "D:\Computational_Physics\My Projects\edital\CORE\loader.py", line 844, in inserir_ou_atualizar_conteudo
    res = supabase.table(table_name).upsert(row, on_conflict="link").execute()
          ^^^^^^^^^^^^^^^^^^^^^^^^^^^^^^^^^^^^^^^^^^^^^^^^^^^^^^^^^^^^^^^^^^^^
  File "D:\Computational_Physics\My Projects\edital\CORE\.venv\Lib\site-packages\postgrest\_sync\request_builder.py", line 53, in execute
    raise APIError(dict(json_obj))
postgrest.exceptions.APIError: {'message': "Could not find the 'orgao' column of 'noticia' in the schema cache", 'code': 'PGRST204', 'hint': None, 'details': None}
2026-05-09 02:48:17,982 | ERROR | loader | Erro no upsert de noticia link=https://www.mod.go.jp/en/d_act/d_budget/index.html
Traceback (most recent call last):
  File "D:\Computational_Physics\My Projects\edital\CORE\loader.py", line 844, in inserir_ou_atualizar_conteudo
    res = supabase.table(table_name).upsert(row, on_conflict="link").execute()
          ^^^^^^^^^^^^^^^^^^^^^^^^^^^^^^^^^^^^^^^^^^^^^^^^^^^^^^^^^^^^^^^^^^^^
  File "D:\Computational_Physics\My Projects\edital\CORE\.venv\Lib\site-packages\postgrest\_sync\request_builder.py", line 53, in execute
    raise APIError(dict(json_obj))
postgrest.exceptions.APIError: {'message': "Could not find the 'orgao' column of 'noticia' in the schema cache", 'code': 'PGRST204', 'hint': None, 'details': None}
2026-05-09 02:48:28,290 | ERROR | loader | Erro no upsert de noticia link=https://www.mod.go.jp/en/d_architecture/index.html
Traceback (most recent call last):
  File "D:\Computational_Physics\My Projects\edital\CORE\loader.py", line 844, in inserir_ou_atualizar_conteudo
    res = supabase.table(table_name).upsert(row, on_conflict="link").execute()
          ^^^^^^^^^^^^^^^^^^^^^^^^^^^^^^^^^^^^^^^^^^^^^^^^^^^^^^^^^^^^^^^^^^^^
  File "D:\Computational_Physics\My Projects\edital\CORE\.venv\Lib\site-packages\postgrest\_sync\request_builder.py", line 53, in execute
    raise APIError(dict(json_obj))
postgrest.exceptions.APIError: {'message': "Could not find the 'orgao' column of 'noticia' in the schema cache", 'code': 'PGRST204', 'hint': None, 'details': None}
2026-05-09 02:48:28,494 | ERROR | loader | Erro no upsert de noticia link=https://www.mod.go.jp/en/d_architecture/missile_defense/index.html
Traceback (most recent call last):
  File "D:\Computational_Physics\My Projects\edital\CORE\loader.py", line 844, in inserir_ou_atualizar_conteudo
    res = supabase.table(table_name).upsert(row, on_conflict="link").execute()
          ^^^^^^^^^^^^^^^^^^^^^^^^^^^^^^^^^^^^^^^^^^^^^^^^^^^^^^^^^^^^^^^^^^^^
  File "D:\Computational_Physics\My Projects\edital\CORE\.venv\Lib\site-packages\postgrest\_sync\request_builder.py", line 53, in execute
    raise APIError(dict(json_obj))
postgrest.exceptions.APIError: {'message': "Could not find the 'orgao' column of 'noticia' in the schema cache", 'code': 'PGRST204', 'hint': None, 'details': None}
2026-05-09 02:48:28,696 | ERROR | loader | Erro no upsert de noticia link=https://www.mod.go.jp/en/j-us-alliance/guidelines/index.html
Traceback (most recent call last):
  File "D:\Computational_Physics\My Projects\edital\CORE\loader.py", line 844, in inserir_ou_atualizar_conteudo
    res = supabase.table(table_name).upsert(row, on_conflict="link").execute()
          ^^^^^^^^^^^^^^^^^^^^^^^^^^^^^^^^^^^^^^^^^^^^^^^^^^^^^^^^^^^^^^^^^^^^
  File "D:\Computational_Physics\My Projects\edital\CORE\.venv\Lib\site-packages\postgrest\_sync\request_builder.py", line 53, in execute
    raise APIError(dict(json_obj))
postgrest.exceptions.APIError: {'message': "Could not find the 'orgao' column of 'noticia' in the schema cache", 'code': 'PGRST204', 'hint': None, 'details': None}
2026-05-09 02:48:28,876 | ERROR | loader | Erro no upsert de noticia link=https://www.mod.go.jp/en/sec-cooperation/
Traceback (most recent call last):
  File "D:\Computational_Physics\My Projects\edital\CORE\loader.py", line 844, in inserir_ou_atualizar_conteudo
    res = supabase.table(table_name).upsert(row, on_conflict="link").execute()
          ^^^^^^^^^^^^^^^^^^^^^^^^^^^^^^^^^^^^^^^^^^^^^^^^^^^^^^^^^^^^^^^^^^^^
  File "D:\Computational_Physics\My Projects\edital\CORE\.venv\Lib\site-packages\postgrest\_sync\request_builder.py", line 53, in execute
    raise APIError(dict(json_obj))
postgrest.exceptions.APIError: {'message': "Could not find the 'orgao' column of 'noticia' in the schema cache", 'code': 'PGRST204', 'hint': None, 'details': None}
2026-05-09 02:48:29,105 | ERROR | loader | Erro no upsert de noticia link=https://www.mod.go.jp/en/press-conference/
Traceback (most recent call last):
  File "D:\Computational_Physics\My Projects\edital\CORE\loader.py", line 844, in inserir_ou_atualizar_conteudo
    res = supabase.table(table_name).upsert(row, on_conflict="link").execute()
          ^^^^^^^^^^^^^^^^^^^^^^^^^^^^^^^^^^^^^^^^^^^^^^^^^^^^^^^^^^^^^^^^^^^^
  File "D:\Computational_Physics\My Projects\edital\CORE\.venv\Lib\site-packages\postgrest\_sync\request_builder.py", line 53, in execute
    raise APIError(dict(json_obj))
postgrest.exceptions.APIError: {'message': "Could not find the 'orgao' column of 'noticia' in the schema cache", 'code': 'PGRST204', 'hint': None, 'details': None}
2026-05-09 02:48:39,972 | ERROR | loader | Erro no upsert de noticia link=https://www.mod.go.jp/en/article/2026/05/c0c40bde5f7dfd22210039ff144e499272bb5a28.html
Traceback (most recent call last):
  File "D:\Computational_Physics\My Projects\edital\CORE\loader.py", line 844, in inserir_ou_atualizar_conteudo
    res = supabase.table(table_name).upsert(row, on_conflict="link").execute()
          ^^^^^^^^^^^^^^^^^^^^^^^^^^^^^^^^^^^^^^^^^^^^^^^^^^^^^^^^^^^^^^^^^^^^
  File "D:\Computational_Physics\My Projects\edital\CORE\.venv\Lib\site-packages\postgrest\_sync\request_builder.py", line 53, in execute
    raise APIError(dict(json_obj))
postgrest.exceptions.APIError: {'message': "Could not find the 'orgao' column of 'noticia' in the schema cache", 'code': 'PGRST204', 'hint': None, 'details': None}
2026-05-09 02:48:40,163 | ERROR | loader | Erro no upsert de noticia link=https://www.mod.go.jp/en/d_act/exc/india_pacific/india_pacific-en.html
Traceback (most recent call last):
  File "D:\Computational_Physics\My Projects\edital\CORE\loader.py", line 844, in inserir_ou_atualizar_conteudo
    res = supabase.table(table_name).upsert(row, on_conflict="link").execute()
          ^^^^^^^^^^^^^^^^^^^^^^^^^^^^^^^^^^^^^^^^^^^^^^^^^^^^^^^^^^^^^^^^^^^^
  File "D:\Computational_Physics\My Projects\edital\CORE\.venv\Lib\site-packages\postgrest\_sync\request_builder.py", line 53, in execute
    raise APIError(dict(json_obj))
postgrest.exceptions.APIError: {'message': "Could not find the 'orgao' column of 'noticia' in the schema cache", 'code': 'PGRST204', 'hint': None, 'details': None}
2026-05-09 02:48:40,372 | ERROR | loader | Erro no upsert de noticia link=https://www.mod.go.jp/en/article/2026/05/49e7807f22f0fbb80e0a0d8198c50d015e19d961.html
Traceback (most recent call last):
  File "D:\Computational_Physics\My Projects\edital\CORE\loader.py", line 844, in inserir_ou_atualizar_conteudo
    res = supabase.table(table_name).upsert(row, on_conflict="link").execute()
          ^^^^^^^^^^^^^^^^^^^^^^^^^^^^^^^^^^^^^^^^^^^^^^^^^^^^^^^^^^^^^^^^^^^^
  File "D:\Computational_Physics\My Projects\edital\CORE\.venv\Lib\site-packages\postgrest\_sync\request_builder.py", line 53, in execute
    raise APIError(dict(json_obj))
postgrest.exceptions.APIError: {'message': "Could not find the 'orgao' column of 'noticia' in the schema cache", 'code': 'PGRST204', 'hint': None, 'details': None}
2026-05-09 02:48:40,576 | ERROR | loader | Erro no upsert de noticia link=https://www.mod.go.jp/en/article/2026/05/cf9394791bb3bde5ba53822fbc1bf5dfa7bbd635.html
Traceback (most recent call last):
  File "D:\Computational_Physics\My Projects\edital\CORE\loader.py", line 844, in inserir_ou_atualizar_conteudo
    res = supabase.table(table_name).upsert(row, on_conflict="link").execute()
          ^^^^^^^^^^^^^^^^^^^^^^^^^^^^^^^^^^^^^^^^^^^^^^^^^^^^^^^^^^^^^^^^^^^^
  File "D:\Computational_Physics\My Projects\edital\CORE\.venv\Lib\site-packages\postgrest\_sync\request_builder.py", line 53, in execute
    raise APIError(dict(json_obj))
postgrest.exceptions.APIError: {'message': "Could not find the 'orgao' column of 'noticia' in the schema cache", 'code': 'PGRST204', 'hint': None, 'details': None}
2026-05-09 02:48:40,764 | ERROR | loader | Erro no upsert de noticia link=https://www.mod.go.jp/en/article/2026/04/69815e120b68bba49fa49b7d2cb7f307f22abd3f.html
Traceback (most recent call last):
  File "D:\Computational_Physics\My Projects\edital\CORE\loader.py", line 844, in inserir_ou_atualizar_conteudo
    res = supabase.table(table_name).upsert(row, on_conflict="link").execute()
          ^^^^^^^^^^^^^^^^^^^^^^^^^^^^^^^^^^^^^^^^^^^^^^^^^^^^^^^^^^^^^^^^^^^^
  File "D:\Computational_Physics\My Projects\edital\CORE\.venv\Lib\site-packages\postgrest\_sync\request_builder.py", line 53, in execute
    raise APIError(dict(json_obj))
postgrest.exceptions.APIError: {'message': "Could not find the 'orgao' column of 'noticia' in the schema cache", 'code': 'PGRST204', 'hint': None, 'details': None}
2026-05-09 02:48:40,959 | ERROR | loader | Erro no upsert de noticia link=https://www.mod.go.jp/en/d_act/exc/vientianevision/index.html
Traceback (most recent call last):
  File "D:\Computational_Physics\My Projects\edital\CORE\loader.py", line 844, in inserir_ou_atualizar_conteudo
    res = supabase.table(table_name).upsert(row, on_conflict="link").execute()
          ^^^^^^^^^^^^^^^^^^^^^^^^^^^^^^^^^^^^^^^^^^^^^^^^^^^^^^^^^^^^^^^^^^^^
  File "D:\Computational_Physics\My Projects\edital\CORE\.venv\Lib\site-packages\postgrest\_sync\request_builder.py", line 53, in execute
    raise APIError(dict(json_obj))
postgrest.exceptions.APIError: {'message': "Could not find the 'orgao' column of 'noticia' in the schema cache", 'code': 'PGRST204', 'hint': None, 'details': None}
2026-05-09 02:48:41,192 | ERROR | loader | Erro no upsert de noticia link=https://www.mod.go.jp/en/d_act/exc/admm/index.html
Traceback (most recent call last):
  File "D:\Computational_Physics\My Projects\edital\CORE\loader.py", line 844, in inserir_ou_atualizar_conteudo
    res = supabase.table(table_name).upsert(row, on_conflict="link").execute()
          ^^^^^^^^^^^^^^^^^^^^^^^^^^^^^^^^^^^^^^^^^^^^^^^^^^^^^^^^^^^^^^^^^^^^
  File "D:\Computational_Physics\My Projects\edital\CORE\.venv\Lib\site-packages\postgrest\_sync\request_builder.py", line 53, in execute
    raise APIError(dict(json_obj))
postgrest.exceptions.APIError: {'message': "Could not find the 'orgao' column of 'noticia' in the schema cache", 'code': 'PGRST204', 'hint': None, 'details': None}
2026-05-09 02:53:48,491 | WARNING | loader | Falha ao inserir extra 'instituicao' do edital 1381: <ConnectionTerminated error_code:0, last_stream_id:19999, additional_data:None>
2026-05-09 02:54:25,970 | ERROR | loader | Erro no upsert de pesquisa link=https://www.riken.jp/en/research/pilist/
Traceback (most recent call last):
  File "D:\Computational_Physics\My Projects\edital\CORE\loader.py", line 844, in inserir_ou_atualizar_conteudo
    res = supabase.table(table_name).upsert(row, on_conflict="link").execute()
          ^^^^^^^^^^^^^^^^^^^^^^^^^^^^^^^^^^^^^^^^^^^^^^^^^^^^^^^^^^^^^^^^^^^^
  File "D:\Computational_Physics\My Projects\edital\CORE\.venv\Lib\site-packages\postgrest\_sync\request_builder.py", line 53, in execute
    raise APIError(dict(json_obj))
postgrest.exceptions.APIError: {'message': "Could not find the 'orgao' column of 'pesquisa' in the schema cache", 'code': 'PGRST204', 'hint': None, 'details': None}
2026-05-09 02:54:35,497 | ERROR | loader | Erro no upsert de pesquisa link=https://www.riken.jp/en/research/labs/trip/core/
Traceback (most recent call last):
  File "D:\Computational_Physics\My Projects\edital\CORE\loader.py", line 844, in inserir_ou_atualizar_conteudo
    res = supabase.table(table_name).upsert(row, on_conflict="link").execute()
          ^^^^^^^^^^^^^^^^^^^^^^^^^^^^^^^^^^^^^^^^^^^^^^^^^^^^^^^^^^^^^^^^^^^^
  File "D:\Computational_Physics\My Projects\edital\CORE\.venv\Lib\site-packages\postgrest\_sync\request_builder.py", line 53, in execute
    raise APIError(dict(json_obj))
postgrest.exceptions.APIError: {'message': "Could not find the 'orgao' column of 'pesquisa' in the schema cache", 'code': 'PGRST204', 'hint': None, 'details': None}
2026-05-09 02:56:15,950 | ERROR | loader | Erro no upsert de noticia link=https://www.riken.jp/en/news_pubs/research_news/
Traceback (most recent call last):
  File "D:\Computational_Physics\My Projects\edital\CORE\loader.py", line 844, in inserir_ou_atualizar_conteudo
    res = supabase.table(table_name).upsert(row, on_conflict="link").execute()
          ^^^^^^^^^^^^^^^^^^^^^^^^^^^^^^^^^^^^^^^^^^^^^^^^^^^^^^^^^^^^^^^^^^^^
  File "D:\Computational_Physics\My Projects\edital\CORE\.venv\Lib\site-packages\postgrest\_sync\request_builder.py", line 53, in execute
    raise APIError(dict(json_obj))
postgrest.exceptions.APIError: {'message': "Could not find the 'orgao' column of 'noticia' in the schema cache", 'code': 'PGRST204', 'hint': None, 'details': None}
2026-05-09 02:58:21,804 | ERROR | loader | Erro no upsert de pesquisa link=https://www.lockheedmartin.com/en-us/suppliers/sustainable-supply-chain.html
Traceback (most recent call last):
  File "D:\Computational_Physics\My Projects\edital\CORE\loader.py", line 844, in inserir_ou_atualizar_conteudo
    res = supabase.table(table_name).upsert(row, on_conflict="link").execute()
          ^^^^^^^^^^^^^^^^^^^^^^^^^^^^^^^^^^^^^^^^^^^^^^^^^^^^^^^^^^^^^^^^^^^^
  File "D:\Computational_Physics\My Projects\edital\CORE\.venv\Lib\site-packages\postgrest\_sync\request_builder.py", line 53, in execute
    raise APIError(dict(json_obj))
postgrest.exceptions.APIError: {'message': "Could not find the 'orgao' column of 'pesquisa' in the schema cache", 'code': 'PGRST204', 'hint': None, 'details': None}
2026-05-09 02:58:22,065 | ERROR | loader | Erro no upsert de pesquisa link=https://www.lockheedmartin.com/en-us/suppliers/faqs.html
Traceback (most recent call last):
  File "D:\Computational_Physics\My Projects\edital\CORE\loader.py", line 844, in inserir_ou_atualizar_conteudo
    res = supabase.table(table_name).upsert(row, on_conflict="link").execute()
          ^^^^^^^^^^^^^^^^^^^^^^^^^^^^^^^^^^^^^^^^^^^^^^^^^^^^^^^^^^^^^^^^^^^^
  File "D:\Computational_Physics\My Projects\edital\CORE\.venv\Lib\site-packages\postgrest\_sync\request_builder.py", line 53, in execute
    raise APIError(dict(json_obj))
postgrest.exceptions.APIError: {'message': "Could not find the 'orgao' column of 'pesquisa' in the schema cache", 'code': 'PGRST204', 'hint': None, 'details': None}
2026-05-09 02:58:41,053 | ERROR | loader | Erro no upsert de noticia link=https://www.lockheedmartin.com/en-us/suppliers/news/features.html
Traceback (most recent call last):
  File "D:\Computational_Physics\My Projects\edital\CORE\loader.py", line 844, in inserir_ou_atualizar_conteudo
    res = supabase.table(table_name).upsert(row, on_conflict="link").execute()
          ^^^^^^^^^^^^^^^^^^^^^^^^^^^^^^^^^^^^^^^^^^^^^^^^^^^^^^^^^^^^^^^^^^^^
  File "D:\Computational_Physics\My Projects\edital\CORE\.venv\Lib\site-packages\postgrest\_sync\request_builder.py", line 53, in execute
    raise APIError(dict(json_obj))
postgrest.exceptions.APIError: {'message': "Could not find the 'orgao' column of 'noticia' in the schema cache", 'code': 'PGRST204', 'hint': None, 'details': None}
2026-05-09 03:05:46,016 | ERROR | loader | Erro no upsert de edital link=https://pncp.gov.br/app/editais/27136980000100-1-000010/2026
Traceback (most recent call last):
  File "D:\Computational_Physics\My Projects\edital\CORE\loader.py", line 820, in inserir_ou_atualizar_edital
    res = supabase.table("edital").upsert(edital, on_conflict="link").execute()
          ^^^^^^^^^^^^^^^^^^^^^^^^^^^^^^^^^^^^^^^^^^^^^^^^^^^^^^^^^^^^^^^^^^^^^
  File "D:\Computational_Physics\My Projects\edital\CORE\.venv\Lib\site-packages\postgrest\_sync\request_builder.py", line 53, in execute
    raise APIError(dict(json_obj))
postgrest.exceptions.APIError: {'message': 'invalid input syntax for type double precision: ""', 'code': '22P02', 'hint': None, 'details': None}
2026-05-09 03:05:46,424 | ERROR | loader | Erro no upsert de edital link=http://www.transparencia.pr.gov.br/
Traceback (most recent call last):
  File "D:\Computational_Physics\My Projects\edital\CORE\loader.py", line 820, in inserir_ou_atualizar_edital
    res = supabase.table("edital").upsert(edital, on_conflict="link").execute()
          ^^^^^^^^^^^^^^^^^^^^^^^^^^^^^^^^^^^^^^^^^^^^^^^^^^^^^^^^^^^^^^^^^^^^^
  File "D:\Computational_Physics\My Projects\edital\CORE\.venv\Lib\site-packages\postgrest\_sync\request_builder.py", line 53, in execute
    raise APIError(dict(json_obj))
postgrest.exceptions.APIError: {'message': 'invalid input syntax for type double precision: ""', 'code': '22P02', 'hint': None, 'details': None}
2026-05-09 03:05:46,827 | ERROR | loader | Erro no upsert de edital link=http://www.transparencia.pr.gov.br/
Traceback (most recent call last):
  File "D:\Computational_Physics\My Projects\edital\CORE\loader.py", line 820, in inserir_ou_atualizar_edital
    res = supabase.table("edital").upsert(edital, on_conflict="link").execute()
          ^^^^^^^^^^^^^^^^^^^^^^^^^^^^^^^^^^^^^^^^^^^^^^^^^^^^^^^^^^^^^^^^^^^^^
  File "D:\Computational_Physics\My Projects\edital\CORE\.venv\Lib\site-packages\postgrest\_sync\request_builder.py", line 53, in execute
    raise APIError(dict(json_obj))
postgrest.exceptions.APIError: {'message': 'invalid input syntax for type double precision: ""', 'code': '22P02', 'hint': None, 'details': None}
2026-05-09 03:05:47,244 | ERROR | loader | Erro no upsert de edital link=https://pncp.gov.br/app/editais/10404184000109-1-000354/2026
Traceback (most recent call last):
  File "D:\Computational_Physics\My Projects\edital\CORE\loader.py", line 820, in inserir_ou_atualizar_edital
    res = supabase.table("edital").upsert(edital, on_conflict="link").execute()
          ^^^^^^^^^^^^^^^^^^^^^^^^^^^^^^^^^^^^^^^^^^^^^^^^^^^^^^^^^^^^^^^^^^^^^
  File "D:\Computational_Physics\My Projects\edital\CORE\.venv\Lib\site-packages\postgrest\_sync\request_builder.py", line 53, in execute
    raise APIError(dict(json_obj))
postgrest.exceptions.APIError: {'message': 'invalid input syntax for type double precision: ""', 'code': '22P02', 'hint': None, 'details': None}
2026-05-09 03:05:47,656 | ERROR | loader | Erro no upsert de edital link=https://pmroseira.geosiap.net.br:8443/portal-transparencia/licitacoes/processo/30298
Traceback (most recent call last):
  File "D:\Computational_Physics\My Projects\edital\CORE\loader.py", line 820, in inserir_ou_atualizar_edital
    res = supabase.table("edital").upsert(edital, on_conflict="link").execute()
          ^^^^^^^^^^^^^^^^^^^^^^^^^^^^^^^^^^^^^^^^^^^^^^^^^^^^^^^^^^^^^^^^^^^^^
  File "D:\Computational_Physics\My Projects\edital\CORE\.venv\Lib\site-packages\postgrest\_sync\request_builder.py", line 53, in execute
    raise APIError(dict(json_obj))
postgrest.exceptions.APIError: {'message': 'invalid input syntax for type double precision: ""', 'code': '22P02', 'hint': None, 'details': None}
2026-05-09 03:05:48,065 | ERROR | loader | Erro no upsert de edital link=https://pmroseira.geosiap.net.br:8443/portal-transparencia/licitacoes/processo/30313
Traceback (most recent call last):
  File "D:\Computational_Physics\My Projects\edital\CORE\loader.py", line 820, in inserir_ou_atualizar_edital
    res = supabase.table("edital").upsert(edital, on_conflict="link").execute()
          ^^^^^^^^^^^^^^^^^^^^^^^^^^^^^^^^^^^^^^^^^^^^^^^^^^^^^^^^^^^^^^^^^^^^^
  File "D:\Computational_Physics\My Projects\edital\CORE\.venv\Lib\site-packages\postgrest\_sync\request_builder.py", line 53, in execute
    raise APIError(dict(json_obj))
postgrest.exceptions.APIError: {'message': 'invalid input syntax for type double precision: ""', 'code': '22P02', 'hint': None, 'details': None}
2026-05-09 03:05:48,476 | ERROR | loader | Erro no upsert de edital link=https://pmroseira.geosiap.net.br:8443/portal-transparencia/licitacoes/processo/30323
Traceback (most recent call last):
  File "D:\Computational_Physics\My Projects\edital\CORE\loader.py", line 820, in inserir_ou_atualizar_edital
    res = supabase.table("edital").upsert(edital, on_conflict="link").execute()
          ^^^^^^^^^^^^^^^^^^^^^^^^^^^^^^^^^^^^^^^^^^^^^^^^^^^^^^^^^^^^^^^^^^^^^
  File "D:\Computational_Physics\My Projects\edital\CORE\.venv\Lib\site-packages\postgrest\_sync\request_builder.py", line 53, in execute
    raise APIError(dict(json_obj))
postgrest.exceptions.APIError: {'message': 'invalid input syntax for type double precision: ""', 'code': '22P02', 'hint': None, 'details': None}
2026-05-09 03:05:48,835 | ERROR | loader | Erro no upsert de edital link=https://pncp.gov.br/app/editais/07954480000179-1-012022/2026
Traceback (most recent call last):
  File "D:\Computational_Physics\My Projects\edital\CORE\loader.py", line 820, in inserir_ou_atualizar_edital
    res = supabase.table("edital").upsert(edital, on_conflict="link").execute()
          ^^^^^^^^^^^^^^^^^^^^^^^^^^^^^^^^^^^^^^^^^^^^^^^^^^^^^^^^^^^^^^^^^^^^^
  File "D:\Computational_Physics\My Projects\edital\CORE\.venv\Lib\site-packages\postgrest\_sync\request_builder.py", line 53, in execute
    raise APIError(dict(json_obj))
postgrest.exceptions.APIError: {'message': 'invalid input syntax for type double precision: ""', 'code': '22P02', 'hint': None, 'details': None}
2026-05-09 03:05:49,194 | ERROR | loader | Erro no upsert de edital link=https://pncp.gov.br/app/editais/07954480000179-1-012023/2026
Traceback (most recent call last):
  File "D:\Computational_Physics\My Projects\edital\CORE\loader.py", line 820, in inserir_ou_atualizar_edital
    res = supabase.table("edital").upsert(edital, on_conflict="link").execute()
          ^^^^^^^^^^^^^^^^^^^^^^^^^^^^^^^^^^^^^^^^^^^^^^^^^^^^^^^^^^^^^^^^^^^^^
  File "D:\Computational_Physics\My Projects\edital\CORE\.venv\Lib\site-packages\postgrest\_sync\request_builder.py", line 53, in execute
    raise APIError(dict(json_obj))
postgrest.exceptions.APIError: {'message': 'invalid input syntax for type double precision: ""', 'code': '22P02', 'hint': None, 'details': None}
2026-05-09 03:05:49,562 | ERROR | loader | Erro no upsert de edital link=https://pncp.gov.br/app/editais/07954480000179-1-012024/2026
Traceback (most recent call last):
  File "D:\Computational_Physics\My Projects\edital\CORE\loader.py", line 820, in inserir_ou_atualizar_edital
    res = supabase.table("edital").upsert(edital, on_conflict="link").execute()
          ^^^^^^^^^^^^^^^^^^^^^^^^^^^^^^^^^^^^^^^^^^^^^^^^^^^^^^^^^^^^^^^^^^^^^
  File "D:\Computational_Physics\My Projects\edital\CORE\.venv\Lib\site-packages\postgrest\_sync\request_builder.py", line 53, in execute
    raise APIError(dict(json_obj))
postgrest.exceptions.APIError: {'message': 'invalid input syntax for type double precision: ""', 'code': '22P02', 'hint': None, 'details': None}
2026-05-09 03:05:49,924 | ERROR | loader | Erro no upsert de edital link=https://pncp.gov.br/app/editais/29138294000102-1-000505/2026
Traceback (most recent call last):
  File "D:\Computational_Physics\My Projects\edital\CORE\loader.py", line 820, in inserir_ou_atualizar_edital
    res = supabase.table("edital").upsert(edital, on_conflict="link").execute()
          ^^^^^^^^^^^^^^^^^^^^^^^^^^^^^^^^^^^^^^^^^^^^^^^^^^^^^^^^^^^^^^^^^^^^^
  File "D:\Computational_Physics\My Projects\edital\CORE\.venv\Lib\site-packages\postgrest\_sync\request_builder.py", line 53, in execute
    raise APIError(dict(json_obj))
postgrest.exceptions.APIError: {'message': 'invalid input syntax for type double precision: ""', 'code': '22P02', 'hint': None, 'details': None}
2026-05-09 03:05:50,289 | ERROR | loader | Erro no upsert de edital link=https://pncp.gov.br/app/editais/29138294000102-1-000506/2026
Traceback (most recent call last):
  File "D:\Computational_Physics\My Projects\edital\CORE\loader.py", line 820, in inserir_ou_atualizar_edital
    res = supabase.table("edital").upsert(edital, on_conflict="link").execute()
          ^^^^^^^^^^^^^^^^^^^^^^^^^^^^^^^^^^^^^^^^^^^^^^^^^^^^^^^^^^^^^^^^^^^^^
  File "D:\Computational_Physics\My Projects\edital\CORE\.venv\Lib\site-packages\postgrest\_sync\request_builder.py", line 53, in execute
    raise APIError(dict(json_obj))
postgrest.exceptions.APIError: {'message': 'invalid input syntax for type double precision: ""', 'code': '22P02', 'hint': None, 'details': None}
2026-05-09 03:05:50,650 | ERROR | loader | Erro no upsert de edital link=https://licitanet.com.br/sessao/183828
Traceback (most recent call last):
  File "D:\Computational_Physics\My Projects\edital\CORE\loader.py", line 820, in inserir_ou_atualizar_edital
    res = supabase.table("edital").upsert(edital, on_conflict="link").execute()
          ^^^^^^^^^^^^^^^^^^^^^^^^^^^^^^^^^^^^^^^^^^^^^^^^^^^^^^^^^^^^^^^^^^^^^
  File "D:\Computational_Physics\My Projects\edital\CORE\.venv\Lib\site-packages\postgrest\_sync\request_builder.py", line 53, in execute
    raise APIError(dict(json_obj))
postgrest.exceptions.APIError: {'message': 'invalid input syntax for type double precision: ""', 'code': '22P02', 'hint': None, 'details': None}
2026-05-09 03:05:51,020 | ERROR | loader | Erro no upsert de edital link=https://pncp.gov.br/app/editais/23765175000195-1-000010/2026
Traceback (most recent call last):
  File "D:\Computational_Physics\My Projects\edital\CORE\loader.py", line 820, in inserir_ou_atualizar_edital
    res = supabase.table("edital").upsert(edital, on_conflict="link").execute()
          ^^^^^^^^^^^^^^^^^^^^^^^^^^^^^^^^^^^^^^^^^^^^^^^^^^^^^^^^^^^^^^^^^^^^^
  File "D:\Computational_Physics\My Projects\edital\CORE\.venv\Lib\site-packages\postgrest\_sync\request_builder.py", line 53, in execute
    raise APIError(dict(json_obj))
postgrest.exceptions.APIError: {'message': 'invalid input syntax for type double precision: ""', 'code': '22P02', 'hint': None, 'details': None}
2026-05-09 03:05:51,376 | ERROR | loader | Erro no upsert de edital link=https://pncp.gov.br/app/editais/15305546000128-1-000003/2026
Traceback (most recent call last):
  File "D:\Computational_Physics\My Projects\edital\CORE\loader.py", line 820, in inserir_ou_atualizar_edital
    res = supabase.table("edital").upsert(edital, on_conflict="link").execute()
          ^^^^^^^^^^^^^^^^^^^^^^^^^^^^^^^^^^^^^^^^^^^^^^^^^^^^^^^^^^^^^^^^^^^^^
  File "D:\Computational_Physics\My Projects\edital\CORE\.venv\Lib\site-packages\postgrest\_sync\request_builder.py", line 53, in execute
    raise APIError(dict(json_obj))
postgrest.exceptions.APIError: {'message': 'invalid input syntax for type double precision: ""', 'code': '22P02', 'hint': None, 'details': None}
2026-05-09 03:05:51,736 | ERROR | loader | Erro no upsert de edital link=https://pncp.gov.br/app/editais/24530545000178-1-000017/2026
Traceback (most recent call last):
  File "D:\Computational_Physics\My Projects\edital\CORE\loader.py", line 820, in inserir_ou_atualizar_edital
    res = supabase.table("edital").upsert(edital, on_conflict="link").execute()
          ^^^^^^^^^^^^^^^^^^^^^^^^^^^^^^^^^^^^^^^^^^^^^^^^^^^^^^^^^^^^^^^^^^^^^
  File "D:\Computational_Physics\My Projects\edital\CORE\.venv\Lib\site-packages\postgrest\_sync\request_builder.py", line 53, in execute
    raise APIError(dict(json_obj))
postgrest.exceptions.APIError: {'message': 'invalid input syntax for type double precision: ""', 'code': '22P02', 'hint': None, 'details': None}
2026-05-09 03:05:52,094 | ERROR | loader | Erro no upsert de edital link=https://pncp.gov.br/app/editais/76206606000140-1-000199/2026
Traceback (most recent call last):
  File "D:\Computational_Physics\My Projects\edital\CORE\loader.py", line 820, in inserir_ou_atualizar_edital
    res = supabase.table("edital").upsert(edital, on_conflict="link").execute()
          ^^^^^^^^^^^^^^^^^^^^^^^^^^^^^^^^^^^^^^^^^^^^^^^^^^^^^^^^^^^^^^^^^^^^^
  File "D:\Computational_Physics\My Projects\edital\CORE\.venv\Lib\site-packages\postgrest\_sync\request_builder.py", line 53, in execute
    raise APIError(dict(json_obj))
postgrest.exceptions.APIError: {'message': 'invalid input syntax for type double precision: ""', 'code': '22P02', 'hint': None, 'details': None}
2026-05-09 03:05:52,458 | ERROR | loader | Erro no upsert de edital link=https://pncp.gov.br/app/editais/06553671000166-1-000033/2026
Traceback (most recent call last):
  File "D:\Computational_Physics\My Projects\edital\CORE\loader.py", line 820, in inserir_ou_atualizar_edital
    res = supabase.table("edital").upsert(edital, on_conflict="link").execute()
          ^^^^^^^^^^^^^^^^^^^^^^^^^^^^^^^^^^^^^^^^^^^^^^^^^^^^^^^^^^^^^^^^^^^^^
  File "D:\Computational_Physics\My Projects\edital\CORE\.venv\Lib\site-packages\postgrest\_sync\request_builder.py", line 53, in execute
    raise APIError(dict(json_obj))
postgrest.exceptions.APIError: {'message': 'invalid input syntax for type double precision: ""', 'code': '22P02', 'hint': None, 'details': None}
2026-05-09 03:05:52,813 | ERROR | loader | Erro no upsert de edital link=https://pncp.gov.br/app/editais/18008870000172-1-000114/2026
Traceback (most recent call last):
  File "D:\Computational_Physics\My Projects\edital\CORE\loader.py", line 820, in inserir_ou_atualizar_edital
    res = supabase.table("edital").upsert(edital, on_conflict="link").execute()
          ^^^^^^^^^^^^^^^^^^^^^^^^^^^^^^^^^^^^^^^^^^^^^^^^^^^^^^^^^^^^^^^^^^^^^
  File "D:\Computational_Physics\My Projects\edital\CORE\.venv\Lib\site-packages\postgrest\_sync\request_builder.py", line 53, in execute
    raise APIError(dict(json_obj))
postgrest.exceptions.APIError: {'message': 'invalid input syntax for type double precision: ""', 'code': '22P02', 'hint': None, 'details': None}
2026-05-09 03:05:53,181 | ERROR | loader | Erro no upsert de edital link=https://pncp.gov.br/app/editais/00038166000105-1-000280/2026
Traceback (most recent call last):
  File "D:\Computational_Physics\My Projects\edital\CORE\loader.py", line 820, in inserir_ou_atualizar_edital
    res = supabase.table("edital").upsert(edital, on_conflict="link").execute()
          ^^^^^^^^^^^^^^^^^^^^^^^^^^^^^^^^^^^^^^^^^^^^^^^^^^^^^^^^^^^^^^^^^^^^^
  File "D:\Computational_Physics\My Projects\edital\CORE\.venv\Lib\site-packages\postgrest\_sync\request_builder.py", line 53, in execute
    raise APIError(dict(json_obj))
postgrest.exceptions.APIError: {'message': 'invalid input syntax for type double precision: ""', 'code': '22P02', 'hint': None, 'details': None}
2026-05-09 03:05:53,544 | ERROR | loader | Erro no upsert de edital link=https://portaldecompraspublicas.com.br/processos/TO/Associacao-Comunidade-Educacional-da-Escola-Municipal-Maria-Veronica-Alves-de-Sousa-4553/DE-001-2026-2026-476774
Traceback (most recent call last):
  File "D:\Computational_Physics\My Projects\edital\CORE\loader.py", line 820, in inserir_ou_atualizar_edital
    res = supabase.table("edital").upsert(edital, on_conflict="link").execute()
          ^^^^^^^^^^^^^^^^^^^^^^^^^^^^^^^^^^^^^^^^^^^^^^^^^^^^^^^^^^^^^^^^^^^^^
  File "D:\Computational_Physics\My Projects\edital\CORE\.venv\Lib\site-packages\postgrest\_sync\request_builder.py", line 53, in execute
    raise APIError(dict(json_obj))
postgrest.exceptions.APIError: {'message': 'invalid input syntax for type double precision: ""', 'code': '22P02', 'hint': None, 'details': None}
2026-05-09 03:05:53,904 | ERROR | loader | Erro no upsert de edital link=https://pncp.gov.br/app/editais/00694699000137-1-000001/2026
Traceback (most recent call last):
  File "D:\Computational_Physics\My Projects\edital\CORE\loader.py", line 820, in inserir_ou_atualizar_edital
    res = supabase.table("edital").upsert(edital, on_conflict="link").execute()
          ^^^^^^^^^^^^^^^^^^^^^^^^^^^^^^^^^^^^^^^^^^^^^^^^^^^^^^^^^^^^^^^^^^^^^
  File "D:\Computational_Physics\My Projects\edital\CORE\.venv\Lib\site-packages\postgrest\_sync\request_builder.py", line 53, in execute
    raise APIError(dict(json_obj))
postgrest.exceptions.APIError: {'message': 'invalid input syntax for type double precision: ""', 'code': '22P02', 'hint': None, 'details': None}
2026-05-09 03:05:54,259 | ERROR | loader | Erro no upsert de edital link=http://compras.m2atecnologia.com.br/processos/publicacao/fa6a4359f00949b1bbd1c01edec112db/contratacao-de-empresa-especializada-para-execucao
Traceback (most recent call last):
  File "D:\Computational_Physics\My Projects\edital\CORE\loader.py", line 820, in inserir_ou_atualizar_edital
    res = supabase.table("edital").upsert(edital, on_conflict="link").execute()
          ^^^^^^^^^^^^^^^^^^^^^^^^^^^^^^^^^^^^^^^^^^^^^^^^^^^^^^^^^^^^^^^^^^^^^
  File "D:\Computational_Physics\My Projects\edital\CORE\.venv\Lib\site-packages\postgrest\_sync\request_builder.py", line 53, in execute
    raise APIError(dict(json_obj))
postgrest.exceptions.APIError: {'message': 'invalid input syntax for type double precision: ""', 'code': '22P02', 'hint': None, 'details': None}
2026-05-09 03:05:54,616 | ERROR | loader | Erro no upsert de edital link=https://pncp.gov.br/app/editais/05472936000139-1-000077/2026
Traceback (most recent call last):
  File "D:\Computational_Physics\My Projects\edital\CORE\loader.py", line 820, in inserir_ou_atualizar_edital
    res = supabase.table("edital").upsert(edital, on_conflict="link").execute()
          ^^^^^^^^^^^^^^^^^^^^^^^^^^^^^^^^^^^^^^^^^^^^^^^^^^^^^^^^^^^^^^^^^^^^^
  File "D:\Computational_Physics\My Projects\edital\CORE\.venv\Lib\site-packages\postgrest\_sync\request_builder.py", line 53, in execute
    raise APIError(dict(json_obj))
postgrest.exceptions.APIError: {'message': 'invalid input syntax for type double precision: ""', 'code': '22P02', 'hint': None, 'details': None}
2026-05-09 03:05:54,977 | ERROR | loader | Erro no upsert de edital link=https://bllcompras.com/DirectBuy/DirectBuyView?param1=[gkz]VxGtRMhOsUR8vbJVjLIsI6NtQEi0aT4EP7T3KH9P_i1DTPACk42N0dZU1GO8bAbLgwe6g6iTimLcrGq39N_F_FJLPhGFb9fUGVCgEiy_P2g=
Traceback (most recent call last):
  File "D:\Computational_Physics\My Projects\edital\CORE\loader.py", line 820, in inserir_ou_atualizar_edital
    res = supabase.table("edital").upsert(edital, on_conflict="link").execute()
          ^^^^^^^^^^^^^^^^^^^^^^^^^^^^^^^^^^^^^^^^^^^^^^^^^^^^^^^^^^^^^^^^^^^^^
  File "D:\Computational_Physics\My Projects\edital\CORE\.venv\Lib\site-packages\postgrest\_sync\request_builder.py", line 53, in execute
    raise APIError(dict(json_obj))
postgrest.exceptions.APIError: {'message': 'invalid input syntax for type double precision: ""', 'code': '22P02', 'hint': None, 'details': None}
2026-05-09 03:05:55,336 | ERROR | loader | Erro no upsert de edital link=https://pregaobanrisul.com.br/editais/0042_2026/350475
Traceback (most recent call last):
  File "D:\Computational_Physics\My Projects\edital\CORE\loader.py", line 820, in inserir_ou_atualizar_edital
    res = supabase.table("edital").upsert(edital, on_conflict="link").execute()
          ^^^^^^^^^^^^^^^^^^^^^^^^^^^^^^^^^^^^^^^^^^^^^^^^^^^^^^^^^^^^^^^^^^^^^
  File "D:\Computational_Physics\My Projects\edital\CORE\.venv\Lib\site-packages\postgrest\_sync\request_builder.py", line 53, in execute
    raise APIError(dict(json_obj))
postgrest.exceptions.APIError: {'message': 'invalid input syntax for type double precision: ""', 'code': '22P02', 'hint': None, 'details': None}
2026-05-09 03:05:55,698 | ERROR | loader | Erro no upsert de edital link=https://pncp.gov.br/app/editais/29138294000102-1-000497/2026
Traceback (most recent call last):
  File "D:\Computational_Physics\My Projects\edital\CORE\loader.py", line 820, in inserir_ou_atualizar_edital
    res = supabase.table("edital").upsert(edital, on_conflict="link").execute()
          ^^^^^^^^^^^^^^^^^^^^^^^^^^^^^^^^^^^^^^^^^^^^^^^^^^^^^^^^^^^^^^^^^^^^^
  File "D:\Computational_Physics\My Projects\edital\CORE\.venv\Lib\site-packages\postgrest\_sync\request_builder.py", line 53, in execute
    raise APIError(dict(json_obj))
postgrest.exceptions.APIError: {'message': 'invalid input syntax for type double precision: ""', 'code': '22P02', 'hint': None, 'details': None}
2026-05-09 03:05:56,057 | ERROR | loader | Erro no upsert de edital link=https://pncp.gov.br/app/editais/29138294000102-1-000498/2026
Traceback (most recent call last):
  File "D:\Computational_Physics\My Projects\edital\CORE\loader.py", line 820, in inserir_ou_atualizar_edital
    res = supabase.table("edital").upsert(edital, on_conflict="link").execute()
          ^^^^^^^^^^^^^^^^^^^^^^^^^^^^^^^^^^^^^^^^^^^^^^^^^^^^^^^^^^^^^^^^^^^^^
  File "D:\Computational_Physics\My Projects\edital\CORE\.venv\Lib\site-packages\postgrest\_sync\request_builder.py", line 53, in execute
    raise APIError(dict(json_obj))
postgrest.exceptions.APIError: {'message': 'invalid input syntax for type double precision: ""', 'code': '22P02', 'hint': None, 'details': None}
2026-05-09 03:05:56,413 | ERROR | loader | Erro no upsert de edital link=https://pncp.gov.br/app/editais/29138294000102-1-000499/2026
Traceback (most recent call last):
  File "D:\Computational_Physics\My Projects\edital\CORE\loader.py", line 820, in inserir_ou_atualizar_edital
    res = supabase.table("edital").upsert(edital, on_conflict="link").execute()
          ^^^^^^^^^^^^^^^^^^^^^^^^^^^^^^^^^^^^^^^^^^^^^^^^^^^^^^^^^^^^^^^^^^^^^
  File "D:\Computational_Physics\My Projects\edital\CORE\.venv\Lib\site-packages\postgrest\_sync\request_builder.py", line 53, in execute
    raise APIError(dict(json_obj))
postgrest.exceptions.APIError: {'message': 'invalid input syntax for type double precision: ""', 'code': '22P02', 'hint': None, 'details': None}
2026-05-09 03:05:56,772 | ERROR | loader | Erro no upsert de edital link=https://pncp.gov.br/app/editais/07954480000179-1-011375/2026
Traceback (most recent call last):
  File "D:\Computational_Physics\My Projects\edital\CORE\loader.py", line 820, in inserir_ou_atualizar_edital
    res = supabase.table("edital").upsert(edital, on_conflict="link").execute()
          ^^^^^^^^^^^^^^^^^^^^^^^^^^^^^^^^^^^^^^^^^^^^^^^^^^^^^^^^^^^^^^^^^^^^^
  File "D:\Computational_Physics\My Projects\edital\CORE\.venv\Lib\site-packages\postgrest\_sync\request_builder.py", line 53, in execute
    raise APIError(dict(json_obj))
postgrest.exceptions.APIError: {'message': 'invalid input syntax for type double precision: ""', 'code': '22P02', 'hint': None, 'details': None}
2026-05-09 03:05:57,138 | ERROR | loader | Erro no upsert de edital link=https://pncp.gov.br/app/editais/18017384000110-1-000135/2026
Traceback (most recent call last):
  File "D:\Computational_Physics\My Projects\edital\CORE\loader.py", line 820, in inserir_ou_atualizar_edital
    res = supabase.table("edital").upsert(edital, on_conflict="link").execute()
          ^^^^^^^^^^^^^^^^^^^^^^^^^^^^^^^^^^^^^^^^^^^^^^^^^^^^^^^^^^^^^^^^^^^^^
  File "D:\Computational_Physics\My Projects\edital\CORE\.venv\Lib\site-packages\postgrest\_sync\request_builder.py", line 53, in execute
    raise APIError(dict(json_obj))
postgrest.exceptions.APIError: {'message': 'invalid input syntax for type double precision: ""', 'code': '22P02', 'hint': None, 'details': None}
2026-05-09 03:05:57,510 | ERROR | loader | Erro no upsert de edital link=https://pregaobanrisul.com.br/editais/0020_2025/334972
Traceback (most recent call last):
  File "D:\Computational_Physics\My Projects\edital\CORE\loader.py", line 820, in inserir_ou_atualizar_edital
    res = supabase.table("edital").upsert(edital, on_conflict="link").execute()
          ^^^^^^^^^^^^^^^^^^^^^^^^^^^^^^^^^^^^^^^^^^^^^^^^^^^^^^^^^^^^^^^^^^^^^
  File "D:\Computational_Physics\My Projects\edital\CORE\.venv\Lib\site-packages\postgrest\_sync\request_builder.py", line 53, in execute
    raise APIError(dict(json_obj))
postgrest.exceptions.APIError: {'message': 'invalid input syntax for type double precision: ""', 'code': '22P02', 'hint': None, 'details': None}
2026-05-09 03:05:57,878 | ERROR | loader | Erro no upsert de edital link=https://pregaobanrisul.com.br/editais/0041_2025/334975
Traceback (most recent call last):
  File "D:\Computational_Physics\My Projects\edital\CORE\loader.py", line 820, in inserir_ou_atualizar_edital
    res = supabase.table("edital").upsert(edital, on_conflict="link").execute()
          ^^^^^^^^^^^^^^^^^^^^^^^^^^^^^^^^^^^^^^^^^^^^^^^^^^^^^^^^^^^^^^^^^^^^^
  File "D:\Computational_Physics\My Projects\edital\CORE\.venv\Lib\site-packages\postgrest\_sync\request_builder.py", line 53, in execute
    raise APIError(dict(json_obj))
postgrest.exceptions.APIError: {'message': 'invalid input syntax for type double precision: ""', 'code': '22P02', 'hint': None, 'details': None}
2026-05-09 03:05:58,238 | ERROR | loader | Erro no upsert de edital link=https://portal.licitanet.com.br/acesso-visitante/Wkpha2xKaWc=
Traceback (most recent call last):
  File "D:\Computational_Physics\My Projects\edital\CORE\loader.py", line 820, in inserir_ou_atualizar_edital
    res = supabase.table("edital").upsert(edital, on_conflict="link").execute()
          ^^^^^^^^^^^^^^^^^^^^^^^^^^^^^^^^^^^^^^^^^^^^^^^^^^^^^^^^^^^^^^^^^^^^^
  File "D:\Computational_Physics\My Projects\edital\CORE\.venv\Lib\site-packages\postgrest\_sync\request_builder.py", line 53, in execute
    raise APIError(dict(json_obj))
postgrest.exceptions.APIError: {'message': 'invalid input syntax for type double precision: ""', 'code': '22P02', 'hint': None, 'details': None}
2026-05-09 03:05:58,596 | ERROR | loader | Erro no upsert de edital link=https://pncp.gov.br/app/editais/06553671000166-1-000041/2025
Traceback (most recent call last):
  File "D:\Computational_Physics\My Projects\edital\CORE\loader.py", line 820, in inserir_ou_atualizar_edital
    res = supabase.table("edital").upsert(edital, on_conflict="link").execute()
          ^^^^^^^^^^^^^^^^^^^^^^^^^^^^^^^^^^^^^^^^^^^^^^^^^^^^^^^^^^^^^^^^^^^^^
  File "D:\Computational_Physics\My Projects\edital\CORE\.venv\Lib\site-packages\postgrest\_sync\request_builder.py", line 53, in execute
    raise APIError(dict(json_obj))
postgrest.exceptions.APIError: {'message': 'invalid input syntax for type double precision: ""', 'code': '22P02', 'hint': None, 'details': None}
2026-05-09 03:05:58,951 | ERROR | loader | Erro no upsert de edital link=https://emunicipio.com.br/itiuba/modalidade/index.php
Traceback (most recent call last):
  File "D:\Computational_Physics\My Projects\edital\CORE\loader.py", line 820, in inserir_ou_atualizar_edital
    res = supabase.table("edital").upsert(edital, on_conflict="link").execute()
          ^^^^^^^^^^^^^^^^^^^^^^^^^^^^^^^^^^^^^^^^^^^^^^^^^^^^^^^^^^^^^^^^^^^^^
  File "D:\Computational_Physics\My Projects\edital\CORE\.venv\Lib\site-packages\postgrest\_sync\request_builder.py", line 53, in execute
    raise APIError(dict(json_obj))
postgrest.exceptions.APIError: {'message': 'invalid input syntax for type double precision: ""', 'code': '22P02', 'hint': None, 'details': None}
2026-05-09 03:05:59,318 | ERROR | loader | Erro no upsert de edital link=https://pncp.gov.br/app/editais/06553671000166-1-000042/2025
Traceback (most recent call last):
  File "D:\Computational_Physics\My Projects\edital\CORE\loader.py", line 820, in inserir_ou_atualizar_edital
    res = supabase.table("edital").upsert(edital, on_conflict="link").execute()
          ^^^^^^^^^^^^^^^^^^^^^^^^^^^^^^^^^^^^^^^^^^^^^^^^^^^^^^^^^^^^^^^^^^^^^
  File "D:\Computational_Physics\My Projects\edital\CORE\.venv\Lib\site-packages\postgrest\_sync\request_builder.py", line 53, in execute
    raise APIError(dict(json_obj))
postgrest.exceptions.APIError: {'message': 'invalid input syntax for type double precision: ""', 'code': '22P02', 'hint': None, 'details': None}
2026-05-09 03:05:59,679 | ERROR | loader | Erro no upsert de edital link=https://portaldecompraspublicas.com.br/processos/RN/Prefeitura-Municipal-de-Gov-Dix-Sept-Rosado-1151/PE-004-2025-2025-370064
Traceback (most recent call last):
  File "D:\Computational_Physics\My Projects\edital\CORE\loader.py", line 820, in inserir_ou_atualizar_edital
    res = supabase.table("edital").upsert(edital, on_conflict="link").execute()
          ^^^^^^^^^^^^^^^^^^^^^^^^^^^^^^^^^^^^^^^^^^^^^^^^^^^^^^^^^^^^^^^^^^^^^
  File "D:\Computational_Physics\My Projects\edital\CORE\.venv\Lib\site-packages\postgrest\_sync\request_builder.py", line 53, in execute
    raise APIError(dict(json_obj))
postgrest.exceptions.APIError: {'message': 'invalid input syntax for type double precision: ""', 'code': '22P02', 'hint': None, 'details': None}
2026-05-09 03:06:00,043 | ERROR | loader | Erro no upsert de edital link=https://go.centi.com.br/itumbiara/portalfornecedor
Traceback (most recent call last):
  File "D:\Computational_Physics\My Projects\edital\CORE\loader.py", line 820, in inserir_ou_atualizar_edital
    res = supabase.table("edital").upsert(edital, on_conflict="link").execute()
          ^^^^^^^^^^^^^^^^^^^^^^^^^^^^^^^^^^^^^^^^^^^^^^^^^^^^^^^^^^^^^^^^^^^^^
  File "D:\Computational_Physics\My Projects\edital\CORE\.venv\Lib\site-packages\postgrest\_sync\request_builder.py", line 53, in execute
    raise APIError(dict(json_obj))
postgrest.exceptions.APIError: {'message': 'invalid input syntax for type double precision: ""', 'code': '22P02', 'hint': None, 'details': None}
2026-05-09 03:06:00,405 | ERROR | loader | Erro no upsert de edital link=https://portaldecompraspublicas.com.br/processos/PA/Prefeitura-Municipal-de-Xinguara-1100/PEP-0073-2025-2025-386302
Traceback (most recent call last):
  File "D:\Computational_Physics\My Projects\edital\CORE\loader.py", line 820, in inserir_ou_atualizar_edital
    res = supabase.table("edital").upsert(edital, on_conflict="link").execute()
          ^^^^^^^^^^^^^^^^^^^^^^^^^^^^^^^^^^^^^^^^^^^^^^^^^^^^^^^^^^^^^^^^^^^^^
  File "D:\Computational_Physics\My Projects\edital\CORE\.venv\Lib\site-packages\postgrest\_sync\request_builder.py", line 53, in execute
    raise APIError(dict(json_obj))
postgrest.exceptions.APIError: {'message': 'invalid input syntax for type double precision: ""', 'code': '22P02', 'hint': None, 'details': None}
2026-05-09 03:06:00,777 | ERROR | loader | Erro no upsert de edital link=https://www.portaldecompraspublicas.com.br/processos/PB/Prefeitura-Municipal-de-Varzea-3560/PE-00021-2025-2025-386701
Traceback (most recent call last):
  File "D:\Computational_Physics\My Projects\edital\CORE\loader.py", line 820, in inserir_ou_atualizar_edital
    res = supabase.table("edital").upsert(edital, on_conflict="link").execute()
          ^^^^^^^^^^^^^^^^^^^^^^^^^^^^^^^^^^^^^^^^^^^^^^^^^^^^^^^^^^^^^^^^^^^^^
  File "D:\Computational_Physics\My Projects\edital\CORE\.venv\Lib\site-packages\postgrest\_sync\request_builder.py", line 53, in execute
    raise APIError(dict(json_obj))
postgrest.exceptions.APIError: {'message': 'invalid input syntax for type double precision: ""', 'code': '22P02', 'hint': None, 'details': None}
2026-05-09 03:06:01,144 | ERROR | loader | Erro no upsert de edital link=https://portaldecompraspublicas.com.br/processos/RS/Prefeitura-Municipal-de-Charqueadas-1056/PE-009-2025-2025-385647
Traceback (most recent call last):
  File "D:\Computational_Physics\My Projects\edital\CORE\loader.py", line 820, in inserir_ou_atualizar_edital
    res = supabase.table("edital").upsert(edital, on_conflict="link").execute()
          ^^^^^^^^^^^^^^^^^^^^^^^^^^^^^^^^^^^^^^^^^^^^^^^^^^^^^^^^^^^^^^^^^^^^^
  File "D:\Computational_Physics\My Projects\edital\CORE\.venv\Lib\site-packages\postgrest\_sync\request_builder.py", line 53, in execute
    raise APIError(dict(json_obj))
postgrest.exceptions.APIError: {'message': 'invalid input syntax for type double precision: ""', 'code': '22P02', 'hint': None, 'details': None}
2026-05-09 03:06:01,511 | ERROR | loader | Erro no upsert de edital link=https://aramina.sp.gov.br/licitacao-dispensa.html
Traceback (most recent call last):
  File "D:\Computational_Physics\My Projects\edital\CORE\loader.py", line 820, in inserir_ou_atualizar_edital
    res = supabase.table("edital").upsert(edital, on_conflict="link").execute()
          ^^^^^^^^^^^^^^^^^^^^^^^^^^^^^^^^^^^^^^^^^^^^^^^^^^^^^^^^^^^^^^^^^^^^^
  File "D:\Computational_Physics\My Projects\edital\CORE\.venv\Lib\site-packages\postgrest\_sync\request_builder.py", line 53, in execute
    raise APIError(dict(json_obj))
postgrest.exceptions.APIError: {'message': 'invalid input syntax for type double precision: ""', 'code': '22P02', 'hint': None, 'details': None}
2026-05-09 03:06:01,874 | ERROR | loader | Erro no upsert de edital link=https://portaldecompraspublicas.com.br/processos/TO/Prefeitura-Municipal-de-Nazare-312/RPE-009-2025-2025-386706
Traceback (most recent call last):
  File "D:\Computational_Physics\My Projects\edital\CORE\loader.py", line 820, in inserir_ou_atualizar_edital
    res = supabase.table("edital").upsert(edital, on_conflict="link").execute()
          ^^^^^^^^^^^^^^^^^^^^^^^^^^^^^^^^^^^^^^^^^^^^^^^^^^^^^^^^^^^^^^^^^^^^^
  File "D:\Computational_Physics\My Projects\edital\CORE\.venv\Lib\site-packages\postgrest\_sync\request_builder.py", line 53, in execute
    raise APIError(dict(json_obj))
postgrest.exceptions.APIError: {'message': 'invalid input syntax for type double precision: ""', 'code': '22P02', 'hint': None, 'details': None}
2026-05-09 03:06:02,249 | ERROR | loader | Erro no upsert de edital link=https://portaldecompraspublicas.com.br/processos/MG/Fundacao-Hospitalar-do-Municipio-de-Varginha-3328/PE-51-2025-2025-386438
Traceback (most recent call last):
  File "D:\Computational_Physics\My Projects\edital\CORE\loader.py", line 820, in inserir_ou_atualizar_edital
    res = supabase.table("edital").upsert(edital, on_conflict="link").execute()
          ^^^^^^^^^^^^^^^^^^^^^^^^^^^^^^^^^^^^^^^^^^^^^^^^^^^^^^^^^^^^^^^^^^^^^
  File "D:\Computational_Physics\My Projects\edital\CORE\.venv\Lib\site-packages\postgrest\_sync\request_builder.py", line 53, in execute
    raise APIError(dict(json_obj))
postgrest.exceptions.APIError: {'message': 'invalid input syntax for type double precision: ""', 'code': '22P02', 'hint': None, 'details': None}
2026-05-09 03:06:02,610 | ERROR | loader | Erro no upsert de edital link=https://pncp.gov.br/app/editais/18659334000137-1-000288/2025
Traceback (most recent call last):
  File "D:\Computational_Physics\My Projects\edital\CORE\loader.py", line 820, in inserir_ou_atualizar_edital
    res = supabase.table("edital").upsert(edital, on_conflict="link").execute()
          ^^^^^^^^^^^^^^^^^^^^^^^^^^^^^^^^^^^^^^^^^^^^^^^^^^^^^^^^^^^^^^^^^^^^^
  File "D:\Computational_Physics\My Projects\edital\CORE\.venv\Lib\site-packages\postgrest\_sync\request_builder.py", line 53, in execute
    raise APIError(dict(json_obj))
postgrest.exceptions.APIError: {'message': 'invalid input syntax for type double precision: ""', 'code': '22P02', 'hint': None, 'details': None}
2026-05-09 03:06:02,966 | ERROR | loader | Erro no upsert de edital link=https://cnetmobile.estaleiro.serpro.gov.br/comprasnet-web/public/landing
Traceback (most recent call last):
  File "D:\Computational_Physics\My Projects\edital\CORE\loader.py", line 820, in inserir_ou_atualizar_edital
    res = supabase.table("edital").upsert(edital, on_conflict="link").execute()
          ^^^^^^^^^^^^^^^^^^^^^^^^^^^^^^^^^^^^^^^^^^^^^^^^^^^^^^^^^^^^^^^^^^^^^
  File "D:\Computational_Physics\My Projects\edital\CORE\.venv\Lib\site-packages\postgrest\_sync\request_builder.py", line 53, in execute
    raise APIError(dict(json_obj))
postgrest.exceptions.APIError: {'message': 'invalid input syntax for type double precision: ""', 'code': '22P02', 'hint': None, 'details': None}
2026-05-09 03:06:03,330 | ERROR | loader | Erro no upsert de edital link=https://portal.licitanet.com.br/acesso-visitante/Wkpham5ZJTJCaQ==
Traceback (most recent call last):
  File "D:\Computational_Physics\My Projects\edital\CORE\loader.py", line 820, in inserir_ou_atualizar_edital
    res = supabase.table("edital").upsert(edital, on_conflict="link").execute()
          ^^^^^^^^^^^^^^^^^^^^^^^^^^^^^^^^^^^^^^^^^^^^^^^^^^^^^^^^^^^^^^^^^^^^^
  File "D:\Computational_Physics\My Projects\edital\CORE\.venv\Lib\site-packages\postgrest\_sync\request_builder.py", line 53, in execute
    raise APIError(dict(json_obj))
postgrest.exceptions.APIError: {'message': 'invalid input syntax for type double precision: ""', 'code': '22P02', 'hint': None, 'details': None}
2026-05-09 03:06:03,694 | ERROR | loader | Erro no upsert de edital link=https://pncp.gov.br/app/editais/18671271000134-1-000092/2025
Traceback (most recent call last):
  File "D:\Computational_Physics\My Projects\edital\CORE\loader.py", line 820, in inserir_ou_atualizar_edital
    res = supabase.table("edital").upsert(edital, on_conflict="link").execute()
          ^^^^^^^^^^^^^^^^^^^^^^^^^^^^^^^^^^^^^^^^^^^^^^^^^^^^^^^^^^^^^^^^^^^^^
  File "D:\Computational_Physics\My Projects\edital\CORE\.venv\Lib\site-packages\postgrest\_sync\request_builder.py", line 53, in execute
    raise APIError(dict(json_obj))
postgrest.exceptions.APIError: {'message': 'invalid input syntax for type double precision: ""', 'code': '22P02', 'hint': None, 'details': None}
2026-05-09 03:06:04,051 | ERROR | loader | Erro no upsert de edital link=https://portaldecompraspublicas.com.br/processos/MG/Fundacao-Hospitalar-do-Municipio-de-Varginha-3328/RPE-50-2025-2025-386545
Traceback (most recent call last):
  File "D:\Computational_Physics\My Projects\edital\CORE\loader.py", line 820, in inserir_ou_atualizar_edital
    res = supabase.table("edital").upsert(edital, on_conflict="link").execute()
          ^^^^^^^^^^^^^^^^^^^^^^^^^^^^^^^^^^^^^^^^^^^^^^^^^^^^^^^^^^^^^^^^^^^^^
  File "D:\Computational_Physics\My Projects\edital\CORE\.venv\Lib\site-packages\postgrest\_sync\request_builder.py", line 53, in execute
    raise APIError(dict(json_obj))
postgrest.exceptions.APIError: {'message': 'invalid input syntax for type double precision: ""', 'code': '22P02', 'hint': None, 'details': None}
2026-05-09 03:06:04,414 | ERROR | loader | Erro no upsert de edital link=https://online.saovicente.sp.gov.br/portal-transparencia/licitacoes/processo/47551323
Traceback (most recent call last):
  File "D:\Computational_Physics\My Projects\edital\CORE\loader.py", line 820, in inserir_ou_atualizar_edital
    res = supabase.table("edital").upsert(edital, on_conflict="link").execute()
          ^^^^^^^^^^^^^^^^^^^^^^^^^^^^^^^^^^^^^^^^^^^^^^^^^^^^^^^^^^^^^^^^^^^^^
  File "D:\Computational_Physics\My Projects\edital\CORE\.venv\Lib\site-packages\postgrest\_sync\request_builder.py", line 53, in execute
    raise APIError(dict(json_obj))
postgrest.exceptions.APIError: {'message': 'invalid input syntax for type double precision: ""', 'code': '22P02', 'hint': None, 'details': None}
2026-05-09 03:06:04,777 | ERROR | loader | Erro no upsert de edital link=https://bllcompras.com/Process/ProcessView
Traceback (most recent call last):
  File "D:\Computational_Physics\My Projects\edital\CORE\loader.py", line 820, in inserir_ou_atualizar_edital
    res = supabase.table("edital").upsert(edital, on_conflict="link").execute()
          ^^^^^^^^^^^^^^^^^^^^^^^^^^^^^^^^^^^^^^^^^^^^^^^^^^^^^^^^^^^^^^^^^^^^^
  File "D:\Computational_Physics\My Projects\edital\CORE\.venv\Lib\site-packages\postgrest\_sync\request_builder.py", line 53, in execute
    raise APIError(dict(json_obj))
postgrest.exceptions.APIError: {'message': 'invalid input syntax for type double precision: ""', 'code': '22P02', 'hint': None, 'details': None}
2026-05-09 03:06:05,137 | ERROR | loader | Erro no upsert de edital link=https://pncp.gov.br/app/editais/45781176000166-1-000403/2025
Traceback (most recent call last):
  File "D:\Computational_Physics\My Projects\edital\CORE\loader.py", line 820, in inserir_ou_atualizar_edital
    res = supabase.table("edital").upsert(edital, on_conflict="link").execute()
          ^^^^^^^^^^^^^^^^^^^^^^^^^^^^^^^^^^^^^^^^^^^^^^^^^^^^^^^^^^^^^^^^^^^^^
  File "D:\Computational_Physics\My Projects\edital\CORE\.venv\Lib\site-packages\postgrest\_sync\request_builder.py", line 53, in execute
    raise APIError(dict(json_obj))
postgrest.exceptions.APIError: {'message': 'invalid input syntax for type double precision: ""', 'code': '22P02', 'hint': None, 'details': None}
2026-05-09 03:06:05,498 | ERROR | loader | Erro no upsert de edital link=https://pncp.gov.br/app/editais/83102756000179-1-000036/2025
Traceback (most recent call last):
  File "D:\Computational_Physics\My Projects\edital\CORE\loader.py", line 820, in inserir_ou_atualizar_edital
    res = supabase.table("edital").upsert(edital, on_conflict="link").execute()
          ^^^^^^^^^^^^^^^^^^^^^^^^^^^^^^^^^^^^^^^^^^^^^^^^^^^^^^^^^^^^^^^^^^^^^
  File "D:\Computational_Physics\My Projects\edital\CORE\.venv\Lib\site-packages\postgrest\_sync\request_builder.py", line 53, in execute
    raise APIError(dict(json_obj))
postgrest.exceptions.APIError: {'message': 'invalid input syntax for type double precision: ""', 'code': '22P02', 'hint': None, 'details': None}
2026-05-09 10:30:18,538 | INFO | transformer | Transformer: excluido pelo opportunity_gate (Pagina de login ou autenticacao): https://eurekanetwork.org//programmes/eurostars/eurostars-resource-library/
2026-05-09 10:30:45,785 | INFO | loader | Tabela opcional disponível: edital_anexo
2026-05-09 10:30:46,020 | INFO | loader | Tabela opcional disponível: edital_extra_campo
2026-05-09 10:30:46,230 | INFO | loader | Tabela opcional disponível: noticia
2026-05-09 10:30:46,432 | INFO | loader | Tabela opcional disponível: pesquisa
2026-05-09 10:30:46,658 | INFO | loader | Usando organização ID: 11
2026-05-09 10:32:17,795 | INFO | transformer | Transformer: excluido pelo opportunity_gate (Pagina de login ou autenticacao): https://eurekanetwork.org//programmes/eurostars/eurostars-resource-library/
2026-05-09 10:32:37,320 | INFO | loader | Tabela opcional disponível: edital_anexo
2026-05-09 10:32:37,590 | INFO | loader | Tabela opcional disponível: edital_extra_campo
2026-05-09 10:32:37,823 | INFO | loader | Tabela opcional disponível: noticia
2026-05-09 10:32:38,031 | INFO | loader | Tabela opcional disponível: pesquisa
2026-05-09 10:32:38,264 | INFO | loader | Usando organização ID: 11
2026-05-09 10:42:37,950 | INFO | transformer | Transformer: excluido pelo opportunity_gate (Pagina de login ou autenticacao): https://eurekanetwork.org//programmes/eurostars/eurostars-resource-library/
2026-05-09 10:43:02,953 | INFO | loader | Tabela opcional disponível: edital_anexo
2026-05-09 10:43:03,142 | INFO | loader | Tabela opcional disponível: edital_extra_campo
2026-05-09 10:43:03,344 | INFO | loader | Tabela opcional disponível: noticia
2026-05-09 10:43:03,548 | INFO | loader | Tabela opcional disponível: pesquisa
2026-05-09 10:43:03,735 | INFO | loader | Usando organização ID: 11
2026-05-09 10:45:34,938 | INFO | transformer | Transformer: excluido pelo opportunity_gate (Pontuacao abaixo do minimo (oportunidade nao evidenciada)): https://www.abdi.com.br/
2026-05-09 10:45:34,988 | INFO | transformer | Transformer: excluido pelo opportunity_gate (Relevancia limite: poucos sinais de oportunidade): https://afwerx.com/divisions/sbir-sttr/previously-recorded-webinars/
2026-05-09 10:45:35,135 | INFO | transformer | Transformer: excluido pelo opportunity_gate (Noticia ou pagina generica sem chamada evidenciada): https://www.amazul.mar.mil.br/acesso-a-informacao/licitacoes-e-contratos/dispensa-de-licitacao-032024
2026-05-09 10:45:35,339 | INFO | transformer | Transformer: excluido pelo opportunity_gate (Pontuacao abaixo do minimo (oportunidade nao evidenciada)): https://apexbrasil.com.br/content/apexbrasil/br/pt/conteudo/capacitacoes/qualifica.html
2026-05-09 10:45:36,007 | INFO | transformer | Transformer: excluido pelo opportunity_gate (Pontuacao abaixo do minimo (oportunidade nao evidenciada)): https://www.brde.com.br/linhas-de-financiamento/
2026-05-09 10:45:36,112 | INFO | transformer | Transformer: excluido pelo opportunity_gate (Acesso restrito (IP/campus/intranet)): https://www.gov.br/cbpf/pt-br
2026-05-09 10:45:36,519 | INFO | transformer | Transformer: excluido pelo opportunity_gate (Relevancia limite: poucos sinais de oportunidade): https://www.cas.cn/tz/
2026-05-09 10:45:36,776 | INFO | transformer | Transformer: excluido pelo opportunity_gate (Relevancia limite: poucos sinais de oportunidade): https://www.cgnpc.com.cn/cgn/c101036/rsfs.shtml
2026-05-09 10:45:36,777 | INFO | transformer | Transformer: excluido pelo opportunity_gate (Relevancia limite: poucos sinais de oportunidade): https://www.cgnpc.com.cn/cgn/c101049/four_lm_tt.shtml
2026-05-09 10:45:36,778 | INFO | transformer | Transformer: excluido pelo opportunity_gate (Relevancia limite: poucos sinais de oportunidade): https://www.cgnpc.com.cn/cgn/c101051/four_lm_tt.shtml
2026-05-09 10:45:37,346 | INFO | transformer | Transformer: excluido pelo opportunity_gate (Relevancia limite: poucos sinais de oportunidade): https://www.most.gov.cn/tztg/202604/t20260417_196434.html
2026-05-09 10:45:37,359 | INFO | transformer | Transformer: excluido pelo opportunity_gate (Pontuacao abaixo do minimo (oportunidade nao evidenciada)): https://www.most.gov.cn/tztg/202601/t20260128_195811.html
2026-05-09 10:45:37,379 | INFO | transformer | Transformer: excluido pelo opportunity_gate (Relevancia limite: poucos sinais de oportunidade): https://www.most.gov.cn/tztg/202511/t20251125_195259.html
2026-05-09 10:45:37,436 | INFO | transformer | Transformer: excluido pelo opportunity_gate (Relevancia limite: poucos sinais de oportunidade): https://www.most.gov.cn/kjbgz/202604/t20260420_196444.html
2026-05-09 10:45:37,442 | INFO | transformer | Transformer: excluido pelo opportunity_gate (Relevancia limite: poucos sinais de oportunidade): https://www.most.gov.cn/kjbgz/202604/t20260416_196420.html
2026-05-09 10:45:37,487 | INFO | transformer | Transformer: excluido pelo opportunity_gate (Relevancia limite: poucos sinais de oportunidade): https://www.most.gov.cn/kjbgz/202604/t20260401_196331.html
2026-05-09 10:45:37,509 | INFO | transformer | Transformer: excluido pelo opportunity_gate (Relevancia limite: poucos sinais de oportunidade): https://www.most.gov.cn/kjbgz/202603/t20260327_196302.html
2026-05-09 10:45:37,719 | INFO | transformer | Transformer: excluido pelo opportunity_gate (Relevancia limite: poucos sinais de oportunidade): http://jdwyh.nsfc.gov.cn/
2026-05-09 10:45:38,368 | INFO | transformer | Transformer: excluido pelo opportunity_gate (Relevancia limite: poucos sinais de oportunidade): https://www.darpa.mil/research/programs
2026-05-09 10:45:38,401 | INFO | transformer | Transformer: excluido pelo opportunity_gate (Relevancia limite: poucos sinais de oportunidade): https://www.darpa.mil/rss/opportunities.xml
2026-05-09 10:45:38,402 | INFO | transformer | Transformer: excluido pelo opportunity_gate (Relevancia limite: poucos sinais de oportunidade): https://www.darpa.mil/about/innovation-timeline
2026-05-09 10:45:38,403 | INFO | transformer | Transformer: excluido pelo opportunity_gate (Relevancia limite: poucos sinais de oportunidade): https://www.darpa.mil/about/darpaconnect
2026-05-09 10:45:38,432 | INFO | transformer | Transformer: excluido pelo opportunity_gate (Relevancia limite: poucos sinais de oportunidade): https://www.darpa.mil/research/challenges
2026-05-09 10:45:38,461 | INFO | transformer | Transformer: excluido pelo opportunity_gate (Relevancia limite: poucos sinais de oportunidade): https://www.darpa.mil/about/offices/bto
2026-05-09 10:45:38,473 | INFO | transformer | Transformer: excluido pelo opportunity_gate (Relevancia limite: poucos sinais de oportunidade): https://www.darpa.mil/about/offices/i2o
2026-05-09 10:45:38,488 | INFO | transformer | Transformer: excluido pelo opportunity_gate (Relevancia limite: poucos sinais de oportunidade): https://www.darpa.mil/about/offices/sto
2026-05-09 10:45:38,491 | INFO | transformer | Transformer: excluido pelo opportunity_gate (Relevancia limite: poucos sinais de oportunidade): https://www.darpa.mil/about/offices/tto
2026-05-09 10:45:38,492 | INFO | transformer | Transformer: excluido pelo opportunity_gate (Pontuacao abaixo do minimo (oportunidade nao evidenciada)): https://www.darpa.mil/news/resources/high-res
2026-05-09 10:45:38,495 | INFO | transformer | Transformer: excluido pelo opportunity_gate (Relevancia limite: poucos sinais de oportunidade): https://www.darpa.mil/events
2026-05-09 10:45:38,496 | INFO | transformer | Transformer: excluido pelo opportunity_gate (Relevancia limite: poucos sinais de oportunidade): https://www.darpa.mil/about/program-managers
2026-05-09 10:45:38,515 | INFO | transformer | Transformer: excluido pelo opportunity_gate (Pontuacao abaixo do minimo (oportunidade nao evidenciada)): https://www.darpa.mil/sitemap.xml
2026-05-09 10:45:38,630 | INFO | transformer | Transformer: excluido pelo opportunity_gate (Pontuacao abaixo do minimo (oportunidade nao evidenciada)): https://www.gov.br/pt-br/servicos/listar_servicos_segmento?segmento=publico_alvo_orgaos
2026-05-09 10:45:38,650 | INFO | transformer | Transformer: excluido pelo opportunity_gate (Pagina de login ou autenticacao): https://www.diu.mil/work-with-us/open-solicitations
2026-05-09 10:45:38,946 | INFO | transformer | Transformer: excluido pelo opportunity_gate (Relevancia limite: poucos sinais de oportunidade): https://www.sbir.gov/data-resources/data-dictionary
2026-05-09 10:45:39,027 | INFO | transformer | Transformer: excluido pelo opportunity_gate (Relevancia limite: poucos sinais de oportunidade): https://www.sbir.gov/community/gafc
2026-05-09 10:45:39,027 | INFO | transformer | Transformer: excluido pelo opportunity_gate (Pontuacao abaixo do minimo (oportunidade nao evidenciada)): https://www.sbir.gov/topics/1012279
2026-05-09 10:45:39,029 | INFO | transformer | Transformer: excluido pelo opportunity_gate (Pontuacao abaixo do minimo (oportunidade nao evidenciada)): https://www.sbir.gov/topics/1012281
2026-05-09 10:45:39,030 | INFO | transformer | Transformer: excluido pelo opportunity_gate (Pontuacao abaixo do minimo (oportunidade nao evidenciada)): https://www.sbir.gov/topics/1012286
2026-05-09 10:45:39,031 | INFO | transformer | Transformer: excluido pelo opportunity_gate (Pontuacao abaixo do minimo (oportunidade nao evidenciada)): https://www.sbir.gov/topics/1012233
2026-05-09 10:45:39,032 | INFO | transformer | Transformer: excluido pelo opportunity_gate (Pontuacao abaixo do minimo (oportunidade nao evidenciada)): https://www.sbir.gov/topics/1012236
2026-05-09 10:45:39,033 | INFO | transformer | Transformer: excluido pelo opportunity_gate (Pontuacao abaixo do minimo (oportunidade nao evidenciada)): https://www.sbir.gov/topics/1012237
2026-05-09 10:45:39,033 | INFO | transformer | Transformer: excluido pelo opportunity_gate (Pontuacao abaixo do minimo (oportunidade nao evidenciada)): https://www.sbir.gov/topics/1012239
2026-05-09 10:45:39,035 | INFO | transformer | Transformer: excluido pelo opportunity_gate (Pontuacao abaixo do minimo (oportunidade nao evidenciada)): https://www.sbir.gov/topics/1012269
2026-05-09 10:45:40,354 | INFO | transformer | Transformer: excluido pelo opportunity_gate (Pagina de login ou autenticacao): https://eurekanetwork.org//programmes/eurostars/eurostars-resource-library/
2026-05-09 10:45:40,412 | INFO | transformer | Transformer: excluido pelo opportunity_gate (Pagina de login ou autenticacao): https://defence-industry-space.ec.europa.eu/eu-defence-industry/european-defence-fund-edf-official-webpage-european-commission_bg
2026-05-09 10:45:40,430 | INFO | transformer | Transformer: excluido pelo opportunity_gate (Pagina de login ou autenticacao): https://defence-industry-space.ec.europa.eu/eu-defence-industry/european-defence-fund-edf-official-webpage-european-commission_el
2026-05-09 10:45:40,434 | INFO | transformer | Transformer: excluido pelo opportunity_gate (Pagina de login ou autenticacao): https://defence-industry-space.ec.europa.eu/eu-defence-industry/european-defence-fund-edf-official-webpage-european-commission_en
2026-05-09 10:45:40,441 | INFO | transformer | Transformer: excluido pelo opportunity_gate (Pagina de login ou autenticacao): https://defence-industry-space.ec.europa.eu/eu-defence-industry/european-defence-fund-edf-official-webpage-european-commission_ga
2026-05-09 10:45:40,444 | INFO | transformer | Transformer: excluido pelo opportunity_gate (Pagina de login ou autenticacao): https://defence-industry-space.ec.europa.eu/eu-defence-industry/european-defence-fund-edf-official-webpage-european-commission_hr
2026-05-09 10:45:40,466 | INFO | transformer | Transformer: excluido pelo opportunity_gate (Pagina de login ou autenticacao): https://defence-industry-space.ec.europa.eu/eu-defence-industry/european-defence-fund-edf-official-webpage-european-commission_pt
2026-05-09 10:45:40,472 | INFO | transformer | Transformer: excluido pelo opportunity_gate (Pagina de login ou autenticacao): https://defence-industry-space.ec.europa.eu/eu-defence-industry/european-defence-fund-edf-official-webpage-european-commission_sk
2026-05-09 10:45:40,478 | INFO | transformer | Transformer: excluido pelo opportunity_gate (Pagina de login ou autenticacao): https://defence-industry-space.ec.europa.eu/eu-defence-industry/european-defence-fund-edf-official-webpage-european-commission_fi
2026-05-09 10:45:40,480 | INFO | transformer | Transformer: excluido pelo opportunity_gate (Pagina de login ou autenticacao): https://defence-industry-space.ec.europa.eu/eu-defence-industry/european-defence-fund-edf-official-webpage-european-commission_sv
2026-05-09 10:45:40,587 | INFO | transformer | Transformer: excluido pelo opportunity_gate (Pagina de login ou autenticacao): https://defence-industry-space.ec.europa.eu/eu-space/galileo-satellite-navigation_en
2026-05-09 10:45:40,777 | INFO | transformer | Transformer: excluido pelo opportunity_gate (Pagina de login ou autenticacao): https://defence-industry-space.ec.europa.eu/eu-defence-industry/edip-forging-europes-defence_en
2026-05-09 10:45:40,882 | INFO | transformer | Transformer: excluido pelo opportunity_gate (Pontuacao abaixo do minimo (oportunidade nao evidenciada)): https://fapemig.br/oportunidades
2026-05-09 10:45:40,885 | INFO | transformer | Transformer: excluido pelo opportunity_gate (Relevancia limite: poucos sinais de oportunidade): https://fapemig.br/difusao-do-conhecimento
2026-05-09 10:45:40,886 | INFO | transformer | Transformer: excluido pelo opportunity_gate (Pontuacao abaixo do minimo (oportunidade nao evidenciada)): https://fapemig.br/central-de-ajuda
2026-05-09 10:45:40,886 | INFO | transformer | Transformer: excluido pelo opportunity_gate (Pontuacao abaixo do minimo (oportunidade nao evidenciada)): https://fapemig.br/oportunidades/chamadas-e-editais?status=aberta
2026-05-09 10:45:40,907 | INFO | transformer | Transformer: excluido pelo opportunity_gate (Pagina de login ou autenticacao): https://fapemig.br/central-de-ajuda/guias-passo-a-passo/4912
2026-05-09 10:45:40,916 | INFO | transformer | Transformer: excluido pelo opportunity_gate (Relevancia limite: poucos sinais de oportunidade): https://fapemig.br/central-de-ajuda/guias-passo-a-passo/4905
2026-05-09 10:45:40,937 | INFO | transformer | Transformer: excluido pelo opportunity_gate (Relevancia limite: poucos sinais de oportunidade): https://fapemig.br/central-de-ajuda/guias-passo-a-passo/4909
2026-05-09 10:45:40,981 | INFO | transformer | Transformer: excluido pelo opportunity_gate (Pontuacao abaixo do minimo (oportunidade nao evidenciada)): https://fapemig.br/central-de-ajuda/perguntas-frequentes
2026-05-09 10:45:41,210 | INFO | transformer | Transformer: excluido pelo opportunity_gate (Pontuacao abaixo do minimo (oportunidade nao evidenciada)): https://fapesp.br/chamadas/
2026-05-09 10:45:42,006 | INFO | transformer | Transformer: excluido pelo opportunity_gate (Pontuacao abaixo do minimo (oportunidade nao evidenciada)): https://www.gd.com/our-businesses/aerospace
2026-05-09 10:45:42,154 | INFO | transformer | Transformer: excluido pelo opportunity_gate (Relevancia limite: poucos sinais de oportunidade): https://www.gdls.com/wp-content/uploads/2025/12/Eng-SCM-MANUALSCM046-rev11.pdf
2026-05-09 10:45:42,156 | INFO | transformer | Transformer: excluido pelo opportunity_gate (Pontuacao abaixo do minimo (oportunidade nao evidenciada)): https://app.gdls.com/supplieronboarding/index.jsp
2026-05-09 10:45:42,157 | INFO | transformer | Transformer: excluido pelo opportunity_gate (Pontuacao abaixo do minimo (oportunidade nao evidenciada)): https://www.gdls.com/cdn-cgi/l/email-protection
2026-05-09 10:45:42,691 | INFO | transformer | Transformer: excluido pelo opportunity_gate (Pontuacao abaixo do minimo (oportunidade nao evidenciada)): https://impa.br/wp-content/uploads/2022/06/Edital-010-2022-1.pdf
2026-05-09 10:45:42,692 | INFO | transformer | Transformer: excluido pelo opportunity_gate (Pontuacao abaixo do minimo (oportunidade nao evidenciada)): https://impa.br/wp-content/uploads/2022/06/Edital-011-2022-1.pdf
2026-05-09 10:45:42,692 | INFO | transformer | Transformer: excluido pelo opportunity_gate (Pontuacao abaixo do minimo (oportunidade nao evidenciada)): https://impa.br/wp-content/uploads/2022/06/Edital-012-2022-1.pdf
2026-05-09 10:45:42,697 | INFO | transformer | Transformer: excluido pelo opportunity_gate (Relevancia limite: poucos sinais de oportunidade): http://planomedico.inb.gov.br
2026-05-09 10:45:42,749 | INFO | transformer | Transformer: excluido pelo opportunity_gate (Relevancia limite: poucos sinais de oportunidade): https://www.gov.br/ipen/pt-br/inovacao-e-tecnologia/projetos-de-p-d
2026-05-09 10:45:42,770 | INFO | transformer | Transformer: excluido pelo opportunity_gate (Pontuacao abaixo do minimo (oportunidade nao evidenciada)): https://www.gov.br/ipen/pt-br/pesquisa-e-desenvolvimento/areas-de-pesquisa/copy_of_saude
2026-05-09 10:45:43,553 | INFO | transformer | Transformer: excluido pelo opportunity_gate (Pontuacao abaixo do minimo (oportunidade nao evidenciada)): https://www.aist.go.jp/aist_j/information/index.html
2026-05-09 10:45:43,555 | INFO | transformer | Transformer: excluido pelo opportunity_gate (Relevancia limite: poucos sinais de oportunidade): https://www.aist.go.jp/aist_j/information/about_aist.html
2026-05-09 10:45:43,558 | INFO | transformer | Transformer: excluido pelo opportunity_gate (Relevancia limite: poucos sinais de oportunidade): https://www.aist.go.jp/aist_j/information/aist_vision.html
2026-05-09 10:45:43,560 | INFO | transformer | Transformer: excluido pelo opportunity_gate (Relevancia limite: poucos sinais de oportunidade): https://www.aist.go.jp/aist_j/information/standard/index.html
2026-05-09 10:45:43,562 | INFO | transformer | Transformer: excluido pelo opportunity_gate (Relevancia limite: poucos sinais de oportunidade): https://www.aist.go.jp/aist_j/information/compliance/index.html
2026-05-09 10:45:43,563 | INFO | transformer | Transformer: excluido pelo opportunity_gate (Relevancia limite: poucos sinais de oportunidade): https://www.aist.go.jp/aist_j/information/info_sec_policy/index.html
2026-05-09 10:45:43,566 | INFO | transformer | Transformer: excluido pelo opportunity_gate (Relevancia limite: poucos sinais de oportunidade): https://www.aist.go.jp/aist_j/information/shougai/index.html
2026-05-09 10:45:43,568 | INFO | transformer | Transformer: excluido pelo opportunity_gate (Pontuacao abaixo do minimo (oportunidade nao evidenciada)): https://www.aist.go.jp/aist_j/information/conflicts_of_interest/index.html
2026-05-09 10:45:43,582 | INFO | transformer | Transformer: excluido pelo opportunity_gate (Relevancia limite: poucos sinais de oportunidade): https://www.aist.go.jp/aist_j/information/sdgs.html
2026-05-09 10:45:43,583 | INFO | transformer | Transformer: excluido pelo opportunity_gate (Relevancia limite: poucos sinais de oportunidade): https://www.aist.go.jp/aist_j/information/organization/director/director_main.html
2026-05-09 10:45:43,586 | INFO | transformer | Transformer: excluido pelo opportunity_gate (Relevancia limite: poucos sinais de oportunidade): https://www.aist.go.jp/aist_j/information/organization/aist_fellow/aist_fellow_main.html
2026-05-09 10:45:43,588 | INFO | transformer | Transformer: excluido pelo opportunity_gate (Pontuacao abaixo do minimo (oportunidade nao evidenciada)): https://www.aist.go.jp/aist_j/information/organization/research_units/index.html
2026-05-09 10:45:43,590 | INFO | transformer | Transformer: excluido pelo opportunity_gate (Relevancia limite: poucos sinais de oportunidade): https://www.aist.go.jp/aist_j/information/organization/oil/index.html
2026-05-09 10:45:43,592 | INFO | transformer | Transformer: excluido pelo opportunity_gate (Pontuacao abaixo do minimo (oportunidade nao evidenciada)): https://www.aist.go.jp/aist_j/information/organization/kammuri_lab/index.html
2026-05-09 10:45:43,594 | INFO | transformer | Transformer: excluido pelo opportunity_gate (Relevancia limite: poucos sinais de oportunidade): https://www.aist.go.jp/aist_j/information/organization/bil/index.html
2026-05-09 10:45:43,596 | INFO | transformer | Transformer: excluido pelo opportunity_gate (Pontuacao abaixo do minimo (oportunidade nao evidenciada)): https://www.aist.go.jp/aist_j/information/organization/senior_principal_researcher/index.html
2026-05-09 10:45:43,609 | INFO | transformer | Transformer: excluido pelo opportunity_gate (Pontuacao abaixo do minimo (oportunidade nao evidenciada)): https://www.aist.go.jp/aist_j/information/research_bases/kashiwa/index.html
2026-05-09 10:45:43,706 | INFO | transformer | Transformer: excluido pelo opportunity_gate (Pontuacao abaixo do minimo (oportunidade nao evidenciada)): https://www.aist.go.jp/aist_j/information/outline/index.html
2026-05-09 10:45:43,708 | INFO | transformer | Transformer: excluido pelo opportunity_gate (Pontuacao abaixo do minimo (oportunidade nao evidenciada)): https://www.aist.go.jp/aist_j/information/outline/evaluation/index.html
2026-05-09 10:45:43,710 | INFO | transformer | Transformer: excluido pelo opportunity_gate (Relevancia limite: poucos sinais de oportunidade): https://www.aist.go.jp/aist_j/information/report/aist_report/intent.html
2026-05-09 10:45:43,713 | INFO | transformer | Transformer: excluido pelo opportunity_gate (Relevancia limite: poucos sinais de oportunidade): https://www.aist.go.jp/aist_j/information/report/entrust/index.html
2026-05-09 10:45:43,816 | INFO | transformer | Transformer: excluido pelo opportunity_gate (Relevancia limite: poucos sinais de oportunidade): https://www.mod.go.jp/atla/choukan.html
2026-05-09 10:45:43,824 | INFO | transformer | Transformer: excluido pelo opportunity_gate (Relevancia limite: poucos sinais de oportunidade): https://www.mod.go.jp/atla/soubichou_gaiyou.html
2026-05-09 10:45:43,825 | INFO | transformer | Transformer: excluido pelo opportunity_gate (Relevancia limite: poucos sinais de oportunidade): https://www.mod.go.jp/atla/kenkyuu.html
2026-05-09 10:45:43,826 | INFO | transformer | Transformer: excluido pelo opportunity_gate (Relevancia limite: poucos sinais de oportunidade): https://www.mod.go.jp/atla/choutatsu.html
2026-05-09 10:45:43,826 | INFO | transformer | Transformer: excluido pelo opportunity_gate (Relevancia limite: poucos sinais de oportunidade): https://www.mod.go.jp/atla/soubiseisaku.html
2026-05-09 10:45:43,853 | INFO | transformer | Transformer: excluido pelo opportunity_gate (Relevancia limite: poucos sinais de oportunidade): https://www.mod.go.jp/atla/funding/seika.html
2026-05-09 10:45:44,277 | INFO | transformer | Transformer: excluido pelo opportunity_gate (Pontuacao abaixo do minimo (oportunidade nao evidenciada)): https://www.jsps.go.jp/j-grantsinaid/index.html
2026-05-09 10:45:44,277 | INFO | transformer | Transformer: excluido pelo opportunity_gate (Pontuacao abaixo do minimo (oportunidade nao evidenciada)): https://www.jsps.go.jp/j-grantsinaid/21_renraku/index.html
2026-05-09 10:45:44,308 | INFO | transformer | Transformer: excluido pelo opportunity_gate (Relevancia limite: poucos sinais de oportunidade): https://www.jsps.go.jp/j-bottom/
2026-05-09 10:45:44,326 | INFO | transformer | Transformer: excluido pelo opportunity_gate (Pontuacao abaixo do minimo (oportunidade nao evidenciada)): https://www.jsps.go.jp/j-hirameki/
2026-05-09 10:45:44,356 | INFO | transformer | Transformer: excluido pelo opportunity_gate (Pontuacao abaixo do minimo (oportunidade nao evidenciada)): https://www.jsps.go.jp/j-grantsinaid/01_seido/01_shumoku/index.html
2026-05-09 10:45:44,366 | INFO | transformer | Transformer: excluido pelo opportunity_gate (Relevancia limite: poucos sinais de oportunidade): https://www.jsps.go.jp/j-grantsinaid/40_kaikaku/index.html
2026-05-09 10:45:44,730 | INFO | transformer | Transformer: excluido pelo opportunity_gate (Pontuacao abaixo do minimo (oportunidade nao evidenciada)): https://www.jsps.go.jp/j-grantsinaid/22_startup_support/index.html
2026-05-09 10:45:44,730 | INFO | transformer | Transformer: excluido pelo opportunity_gate (Pontuacao abaixo do minimo (oportunidade nao evidenciada)): https://www.jsps.go.jp/j-grantsinaid/11_shourei/index.html
2026-05-09 10:45:44,769 | INFO | transformer | Transformer: excluido pelo opportunity_gate (Relevancia limite: poucos sinais de oportunidade): https://www.jsps.go.jp/j-grantsinaid/16_rule/shiyourule.html
2026-05-09 10:45:44,898 | INFO | transformer | Transformer: excluido pelo opportunity_gate (Relevancia limite: poucos sinais de oportunidade): https://www.jsps.go.jp/j-grantsinaid/01_seido/08_openaccess/index.html
2026-05-09 10:45:44,986 | INFO | transformer | Transformer: excluido pelo opportunity_gate (Relevancia limite: poucos sinais de oportunidade): https://www.jsps.go.jp/j-bottom/
2026-05-09 10:45:45,011 | INFO | transformer | Transformer: excluido pelo opportunity_gate (Pontuacao abaixo do minimo (oportunidade nao evidenciada)): https://www.jsps.go.jp/j-hirameki/
2026-05-09 10:45:45,042 | INFO | transformer | Transformer: excluido pelo opportunity_gate (Pontuacao abaixo do minimo (oportunidade nao evidenciada)): https://www.jsps.go.jp/j-grantsinaid/01_seido/01_shumoku/index.html
2026-05-09 10:45:45,051 | INFO | transformer | Transformer: excluido pelo opportunity_gate (Relevancia limite: poucos sinais de oportunidade): https://www.jsps.go.jp/j-grantsinaid/40_kaikaku/index.html
2026-05-09 10:45:45,523 | INFO | transformer | Transformer: excluido pelo opportunity_gate (Relevancia limite: poucos sinais de oportunidade): https://www.kek.jp/en/what-is-an-accelerator
2026-05-09 10:45:46,147 | INFO | transformer | Transformer: excluido pelo opportunity_gate (Pagina de login ou autenticacao): https://www.mhi.com/company/procurement/coupa/index.html
2026-05-09 10:45:46,293 | INFO | transformer | Transformer: excluido pelo opportunity_gate (Pagina de login ou autenticacao): https://www.mhi.com/company/procurement/coupa
2026-05-09 10:45:46,885 | INFO | transformer | Transformer: excluido pelo opportunity_gate (Relevancia limite: poucos sinais de oportunidade): https://www.nedo.go.jp/english/whatsnew_00357.html
2026-05-09 10:45:46,887 | INFO | transformer | Transformer: excluido pelo opportunity_gate (Relevancia limite: poucos sinais de oportunidade): https://www.nedo.go.jp/english/events/ZZpage_100181.html
2026-05-09 10:45:46,890 | INFO | transformer | Transformer: excluido pelo opportunity_gate (Relevancia limite: poucos sinais de oportunidade): https://www.nedo.go.jp/english/ZZKH_100021.html
2026-05-09 10:45:46,891 | INFO | transformer | Transformer: excluido pelo opportunity_gate (Relevancia limite: poucos sinais de oportunidade): https://www.nedo.go.jp/saiyou/saiyoulist.html
2026-05-09 10:45:46,986 | INFO | transformer | Transformer: excluido pelo opportunity_gate (Relevancia limite: poucos sinais de oportunidade): https://www.nedo.go.jp/itaku-gyomu/shisan.html
2026-05-09 10:45:47,023 | INFO | transformer | Transformer: excluido pelo opportunity_gate (Pontuacao abaixo do minimo (oportunidade nao evidenciada)): https://www.nedo.go.jp/jyouhoukoukai/index.html
2026-05-09 10:45:47,186 | INFO | transformer | Transformer: excluido pelo opportunity_gate (Relevancia limite: poucos sinais de oportunidade): https://www.nims.go.jp/eng/research/scientific-information/index.html
2026-05-09 10:45:47,263 | INFO | transformer | Transformer: excluido pelo opportunity_gate (Pontuacao abaixo do minimo (oportunidade nao evidenciada)): https://www.nims.go.jp/researcher/index.html
2026-05-09 10:45:47,345 | INFO | transformer | Transformer: excluido pelo opportunity_gate (Relevancia limite: poucos sinais de oportunidade): https://www.nims.go.jp/eng/employment/technical/permanent-researcher.html
2026-05-09 10:45:47,358 | INFO | transformer | Transformer: excluido pelo opportunity_gate (Relevancia limite: poucos sinais de oportunidade): https://www.nims.go.jp/eng/hr-development/index.html
2026-05-09 10:45:47,392 | INFO | transformer | Transformer: excluido pelo opportunity_gate (Pontuacao abaixo do minimo (oportunidade nao evidenciada)): https://www.qst.go.jp/site/news/moqn.html
2026-05-09 10:45:47,398 | INFO | transformer | Transformer: excluido pelo opportunity_gate (Pontuacao abaixo do minimo (oportunidade nao evidenciada)): https://www.qst.go.jp/site/news/plasma-prediction.html
2026-05-09 10:45:47,467 | INFO | transformer | Transformer: excluido pelo opportunity_gate (Pontuacao abaixo do minimo (oportunidade nao evidenciada)): https://www.qst.go.jp/site/news/20251011-2.html
2026-05-09 10:45:47,469 | INFO | transformer | Transformer: excluido pelo opportunity_gate (Pontuacao abaixo do minimo (oportunidade nao evidenciada)): https://www.qst.go.jp/site/news/20251011-1.html
2026-05-09 10:45:47,473 | INFO | transformer | Transformer: excluido pelo opportunity_gate (Pontuacao abaixo do minimo (oportunidade nao evidenciada)): https://www.qst.go.jp/site/news/prototype-divertor.html
2026-05-09 10:45:47,476 | INFO | transformer | Transformer: excluido pelo opportunity_gate (Pontuacao abaixo do minimo (oportunidade nao evidenciada)): https://www.qst.go.jp/site/news/complete-decomposition.html
2026-05-09 10:45:47,478 | INFO | transformer | Transformer: excluido pelo opportunity_gate (Pontuacao abaixo do minimo (oportunidade nao evidenciada)): https://www.qst.go.jp/site/news/monolayer-sns.html
2026-05-09 10:45:47,482 | INFO | transformer | Transformer: excluido pelo opportunity_gate (Pontuacao abaixo do minimo (oportunidade nao evidenciada)): https://www.qst.go.jp/site/news/ai-confinement.html
2026-05-09 10:45:47,482 | INFO | transformer | Transformer: excluido pelo opportunity_gate (Pontuacao abaixo do minimo (oportunidade nao evidenciada)): https://www.qst.go.jp/site/news/entangle-moment-en.html
2026-05-09 10:45:47,486 | INFO | transformer | Transformer: excluido pelo opportunity_gate (Pontuacao abaixo do minimo (oportunidade nao evidenciada)): https://www.qst.go.jp/site/news/20231221.html
2026-05-09 10:45:47,851 | INFO | transformer | Transformer: excluido pelo opportunity_gate (Relevancia limite: poucos sinais de oportunidade): https://www.lockheedmartin.com/en-us/capabilities/space.html
2026-05-09 10:45:48,198 | INFO | transformer | Transformer: excluido pelo opportunity_gate (Pagina de login ou autenticacao): https://www.grants.gov/register
2026-05-09 10:45:48,246 | INFO | transformer | Transformer: excluido pelo opportunity_gate (Pagina de login ou autenticacao): https://www.grants.gov/privacy-policy
2026-05-09 10:45:48,276 | INFO | transformer | Transformer: excluido pelo opportunity_gate (Relevancia limite: poucos sinais de oportunidade): https://grants-portal.psc.gov/
2026-05-09 10:45:49,485 | INFO | transformer | Transformer: excluido pelo opportunity_gate (Relevancia limite: poucos sinais de oportunidade): https://www.thalesgroup.com/sites/default/files/2025-06/87212869-ACQ-GRP-EN-006%20-%20Matrice%20EGAPE%20-%20GRAEP%20Matrix%20%283%29.pdf
2026-05-09 10:45:49,488 | INFO | transformer | Transformer: excluido pelo opportunity_gate (Pontuacao abaixo do minimo (oportunidade nao evidenciada)): https://www.thalesgroup.com/sites/default/files/2025-09/THALES%20GENERAL%20TERMS%20AND%20CONDITIONS%20OF%20PURCHASE%20-%2005.05.2025%20%282%29.pdf
2026-05-09 10:45:49,559 | INFO | transformer | Transformer: excluido pelo opportunity_gate (Pagina de login ou autenticacao): https://funding.wellcome.org
2026-05-09 10:45:49,563 | INFO | transformer | Transformer: excluido pelo opportunity_gate (Pagina de login ou autenticacao): https://login-funding.wellcome.org/s/login/
2026-05-09 10:45:53,738 | INFO | transformer | Transformer: excluido pelo opportunity_gate (Pontuacao abaixo do minimo (oportunidade nao evidenciada)): https://www.abdi.com.br/
2026-05-09 10:45:53,796 | INFO | transformer | Transformer: excluido pelo opportunity_gate (Relevancia limite: poucos sinais de oportunidade): https://afwerx.com/divisions/sbir-sttr/previously-recorded-webinars/
2026-05-09 10:45:53,848 | INFO | transformer | Transformer: excluido pelo opportunity_gate (Noticia ou pagina generica sem chamada evidenciada): https://www.amazul.mar.mil.br/acesso-a-informacao/licitacoes-e-contratos/dispensa-de-licitacao-032024
2026-05-09 10:45:54,046 | INFO | transformer | Transformer: excluido pelo opportunity_gate (Pontuacao abaixo do minimo (oportunidade nao evidenciada)): https://apexbrasil.com.br/content/apexbrasil/br/pt/conteudo/capacitacoes/qualifica.html
2026-05-09 10:45:54,666 | INFO | transformer | Transformer: excluido pelo opportunity_gate (Pontuacao abaixo do minimo (oportunidade nao evidenciada)): https://www.brde.com.br/linhas-de-financiamento/
2026-05-09 10:45:54,675 | INFO | transformer | Transformer: excluido pelo opportunity_gate (Acesso restrito (IP/campus/intranet)): https://www.gov.br/cbpf/pt-br
2026-05-09 10:45:55,001 | INFO | transformer | Transformer: excluido pelo opportunity_gate (Relevancia limite: poucos sinais de oportunidade): https://www.cas.cn/tz/
2026-05-09 10:45:55,081 | INFO | transformer | Transformer: excluido pelo opportunity_gate (Relevancia limite: poucos sinais de oportunidade): https://www.cgnpc.com.cn/cgn/c101036/rsfs.shtml
2026-05-09 10:45:55,083 | INFO | transformer | Transformer: excluido pelo opportunity_gate (Relevancia limite: poucos sinais de oportunidade): https://www.cgnpc.com.cn/cgn/c101049/four_lm_tt.shtml
2026-05-09 10:45:55,085 | INFO | transformer | Transformer: excluido pelo opportunity_gate (Relevancia limite: poucos sinais de oportunidade): https://www.cgnpc.com.cn/cgn/c101051/four_lm_tt.shtml
2026-05-09 10:45:55,461 | INFO | transformer | Transformer: excluido pelo opportunity_gate (Relevancia limite: poucos sinais de oportunidade): https://www.most.gov.cn/tztg/202604/t20260417_196434.html
2026-05-09 10:45:55,491 | INFO | transformer | Transformer: excluido pelo opportunity_gate (Pontuacao abaixo do minimo (oportunidade nao evidenciada)): https://www.most.gov.cn/tztg/202601/t20260128_195811.html
2026-05-09 10:45:55,506 | INFO | transformer | Transformer: excluido pelo opportunity_gate (Relevancia limite: poucos sinais de oportunidade): https://www.most.gov.cn/tztg/202511/t20251125_195259.html
2026-05-09 10:45:55,554 | INFO | transformer | Transformer: excluido pelo opportunity_gate (Relevancia limite: poucos sinais de oportunidade): https://www.most.gov.cn/kjbgz/202604/t20260420_196444.html
2026-05-09 10:45:55,565 | INFO | transformer | Transformer: excluido pelo opportunity_gate (Relevancia limite: poucos sinais de oportunidade): https://www.most.gov.cn/kjbgz/202604/t20260416_196420.html
2026-05-09 10:45:55,624 | INFO | transformer | Transformer: excluido pelo opportunity_gate (Relevancia limite: poucos sinais de oportunidade): https://www.most.gov.cn/kjbgz/202604/t20260401_196331.html
2026-05-09 10:45:55,659 | INFO | transformer | Transformer: excluido pelo opportunity_gate (Relevancia limite: poucos sinais de oportunidade): https://www.most.gov.cn/kjbgz/202603/t20260327_196302.html
2026-05-09 10:45:55,954 | INFO | transformer | Transformer: excluido pelo opportunity_gate (Relevancia limite: poucos sinais de oportunidade): http://jdwyh.nsfc.gov.cn/
2026-05-09 10:45:56,307 | INFO | transformer | Transformer: excluido pelo opportunity_gate (Relevancia limite: poucos sinais de oportunidade): https://www.darpa.mil/research/programs
2026-05-09 10:45:56,335 | INFO | transformer | Transformer: excluido pelo opportunity_gate (Relevancia limite: poucos sinais de oportunidade): https://www.darpa.mil/rss/opportunities.xml
2026-05-09 10:45:56,337 | INFO | transformer | Transformer: excluido pelo opportunity_gate (Relevancia limite: poucos sinais de oportunidade): https://www.darpa.mil/about/innovation-timeline
2026-05-09 10:45:56,338 | INFO | transformer | Transformer: excluido pelo opportunity_gate (Relevancia limite: poucos sinais de oportunidade): https://www.darpa.mil/about/darpaconnect
2026-05-09 10:45:56,367 | INFO | transformer | Transformer: excluido pelo opportunity_gate (Relevancia limite: poucos sinais de oportunidade): https://www.darpa.mil/research/challenges
2026-05-09 10:45:56,399 | INFO | transformer | Transformer: excluido pelo opportunity_gate (Relevancia limite: poucos sinais de oportunidade): https://www.darpa.mil/about/offices/bto
2026-05-09 10:45:56,413 | INFO | transformer | Transformer: excluido pelo opportunity_gate (Relevancia limite: poucos sinais de oportunidade): https://www.darpa.mil/about/offices/i2o
2026-05-09 10:45:56,427 | INFO | transformer | Transformer: excluido pelo opportunity_gate (Relevancia limite: poucos sinais de oportunidade): https://www.darpa.mil/about/offices/sto
2026-05-09 10:45:56,427 | INFO | transformer | Transformer: excluido pelo opportunity_gate (Relevancia limite: poucos sinais de oportunidade): https://www.darpa.mil/about/offices/tto
2026-05-09 10:45:56,435 | INFO | transformer | Transformer: excluido pelo opportunity_gate (Pontuacao abaixo do minimo (oportunidade nao evidenciada)): https://www.darpa.mil/news/resources/high-res
2026-05-09 10:45:56,436 | INFO | transformer | Transformer: excluido pelo opportunity_gate (Relevancia limite: poucos sinais de oportunidade): https://www.darpa.mil/events
2026-05-09 10:45:56,437 | INFO | transformer | Transformer: excluido pelo opportunity_gate (Relevancia limite: poucos sinais de oportunidade): https://www.darpa.mil/about/program-managers
2026-05-09 10:45:56,456 | INFO | transformer | Transformer: excluido pelo opportunity_gate (Pontuacao abaixo do minimo (oportunidade nao evidenciada)): https://www.darpa.mil/sitemap.xml
2026-05-09 10:45:56,538 | INFO | transformer | Transformer: excluido pelo opportunity_gate (Pontuacao abaixo do minimo (oportunidade nao evidenciada)): https://www.gov.br/pt-br/servicos/listar_servicos_segmento?segmento=publico_alvo_orgaos
2026-05-09 10:45:56,542 | INFO | transformer | Transformer: excluido pelo opportunity_gate (Pagina de login ou autenticacao): https://www.diu.mil/work-with-us/open-solicitations
2026-05-09 10:45:56,797 | INFO | transformer | Transformer: excluido pelo opportunity_gate (Relevancia limite: poucos sinais de oportunidade): https://www.sbir.gov/data-resources/data-dictionary
2026-05-09 10:45:56,849 | INFO | transformer | Transformer: excluido pelo opportunity_gate (Relevancia limite: poucos sinais de oportunidade): https://www.sbir.gov/community/gafc
2026-05-09 10:45:56,851 | INFO | transformer | Transformer: excluido pelo opportunity_gate (Pontuacao abaixo do minimo (oportunidade nao evidenciada)): https://www.sbir.gov/topics/1012279
2026-05-09 10:45:56,852 | INFO | transformer | Transformer: excluido pelo opportunity_gate (Pontuacao abaixo do minimo (oportunidade nao evidenciada)): https://www.sbir.gov/topics/1012281
2026-05-09 10:45:56,853 | INFO | transformer | Transformer: excluido pelo opportunity_gate (Pontuacao abaixo do minimo (oportunidade nao evidenciada)): https://www.sbir.gov/topics/1012286
2026-05-09 10:45:56,854 | INFO | transformer | Transformer: excluido pelo opportunity_gate (Pontuacao abaixo do minimo (oportunidade nao evidenciada)): https://www.sbir.gov/topics/1012233
2026-05-09 10:45:56,854 | INFO | transformer | Transformer: excluido pelo opportunity_gate (Pontuacao abaixo do minimo (oportunidade nao evidenciada)): https://www.sbir.gov/topics/1012236
2026-05-09 10:45:56,854 | INFO | transformer | Transformer: excluido pelo opportunity_gate (Pontuacao abaixo do minimo (oportunidade nao evidenciada)): https://www.sbir.gov/topics/1012237
2026-05-09 10:45:56,855 | INFO | transformer | Transformer: excluido pelo opportunity_gate (Pontuacao abaixo do minimo (oportunidade nao evidenciada)): https://www.sbir.gov/topics/1012239
2026-05-09 10:45:56,856 | INFO | transformer | Transformer: excluido pelo opportunity_gate (Pontuacao abaixo do minimo (oportunidade nao evidenciada)): https://www.sbir.gov/topics/1012269
2026-05-09 10:45:57,938 | INFO | transformer | Transformer: excluido pelo opportunity_gate (Pagina de login ou autenticacao): https://eurekanetwork.org//programmes/eurostars/eurostars-resource-library/
2026-05-09 10:45:57,972 | INFO | transformer | Transformer: excluido pelo opportunity_gate (Pagina de login ou autenticacao): https://defence-industry-space.ec.europa.eu/eu-defence-industry/european-defence-fund-edf-official-webpage-european-commission_bg
2026-05-09 10:45:57,992 | INFO | transformer | Transformer: excluido pelo opportunity_gate (Pagina de login ou autenticacao): https://defence-industry-space.ec.europa.eu/eu-defence-industry/european-defence-fund-edf-official-webpage-european-commission_el
2026-05-09 10:45:57,996 | INFO | transformer | Transformer: excluido pelo opportunity_gate (Pagina de login ou autenticacao): https://defence-industry-space.ec.europa.eu/eu-defence-industry/european-defence-fund-edf-official-webpage-european-commission_en
2026-05-09 10:45:58,002 | INFO | transformer | Transformer: excluido pelo opportunity_gate (Pagina de login ou autenticacao): https://defence-industry-space.ec.europa.eu/eu-defence-industry/european-defence-fund-edf-official-webpage-european-commission_ga
2026-05-09 10:45:58,006 | INFO | transformer | Transformer: excluido pelo opportunity_gate (Pagina de login ou autenticacao): https://defence-industry-space.ec.europa.eu/eu-defence-industry/european-defence-fund-edf-official-webpage-european-commission_hr
2026-05-09 10:45:58,030 | INFO | transformer | Transformer: excluido pelo opportunity_gate (Pagina de login ou autenticacao): https://defence-industry-space.ec.europa.eu/eu-defence-industry/european-defence-fund-edf-official-webpage-european-commission_pt
2026-05-09 10:45:58,037 | INFO | transformer | Transformer: excluido pelo opportunity_gate (Pagina de login ou autenticacao): https://defence-industry-space.ec.europa.eu/eu-defence-industry/european-defence-fund-edf-official-webpage-european-commission_sk
2026-05-09 10:45:58,046 | INFO | transformer | Transformer: excluido pelo opportunity_gate (Pagina de login ou autenticacao): https://defence-industry-space.ec.europa.eu/eu-defence-industry/european-defence-fund-edf-official-webpage-european-commission_fi
2026-05-09 10:45:58,049 | INFO | transformer | Transformer: excluido pelo opportunity_gate (Pagina de login ou autenticacao): https://defence-industry-space.ec.europa.eu/eu-defence-industry/european-defence-fund-edf-official-webpage-european-commission_sv
2026-05-09 10:45:58,071 | INFO | transformer | Transformer: excluido pelo opportunity_gate (Pontuacao abaixo do minimo (oportunidade nao evidenciada)): https://fapemig.br/oportunidades
2026-05-09 10:45:58,072 | INFO | transformer | Transformer: excluido pelo opportunity_gate (Relevancia limite: poucos sinais de oportunidade): https://fapemig.br/difusao-do-conhecimento
2026-05-09 10:45:58,075 | INFO | transformer | Transformer: excluido pelo opportunity_gate (Pontuacao abaixo do minimo (oportunidade nao evidenciada)): https://fapemig.br/central-de-ajuda
2026-05-09 10:45:58,076 | INFO | transformer | Transformer: excluido pelo opportunity_gate (Pontuacao abaixo do minimo (oportunidade nao evidenciada)): https://fapemig.br/oportunidades/chamadas-e-editais?status=aberta
2026-05-09 10:45:58,094 | INFO | transformer | Transformer: excluido pelo opportunity_gate (Pagina de login ou autenticacao): https://fapemig.br/central-de-ajuda/guias-passo-a-passo/4912
2026-05-09 10:45:58,109 | INFO | transformer | Transformer: excluido pelo opportunity_gate (Relevancia limite: poucos sinais de oportunidade): https://fapemig.br/central-de-ajuda/guias-passo-a-passo/4905
2026-05-09 10:45:58,124 | INFO | transformer | Transformer: excluido pelo opportunity_gate (Relevancia limite: poucos sinais de oportunidade): https://fapemig.br/central-de-ajuda/guias-passo-a-passo/4909
2026-05-09 10:45:58,166 | INFO | transformer | Transformer: excluido pelo opportunity_gate (Pontuacao abaixo do minimo (oportunidade nao evidenciada)): https://fapemig.br/central-de-ajuda/perguntas-frequentes
2026-05-09 10:45:58,277 | INFO | transformer | Transformer: excluido pelo opportunity_gate (Pontuacao abaixo do minimo (oportunidade nao evidenciada)): https://fapesp.br/chamadas/
2026-05-09 10:45:58,477 | INFO | transformer | Transformer: excluido pelo opportunity_gate (Pontuacao abaixo do minimo (oportunidade nao evidenciada)): https://www.gd.com/our-businesses/aerospace
2026-05-09 10:45:58,612 | INFO | transformer | Transformer: excluido pelo opportunity_gate (Relevancia limite: poucos sinais de oportunidade): https://www.gdls.com/wp-content/uploads/2025/12/Eng-SCM-MANUALSCM046-rev11.pdf
2026-05-09 10:45:58,613 | INFO | transformer | Transformer: excluido pelo opportunity_gate (Pontuacao abaixo do minimo (oportunidade nao evidenciada)): https://app.gdls.com/supplieronboarding/index.jsp
2026-05-09 10:45:58,614 | INFO | transformer | Transformer: excluido pelo opportunity_gate (Pontuacao abaixo do minimo (oportunidade nao evidenciada)): https://www.gdls.com/cdn-cgi/l/email-protection
2026-05-09 10:45:58,778 | INFO | transformer | Transformer: excluido pelo opportunity_gate (Pontuacao abaixo do minimo (oportunidade nao evidenciada)): https://impa.br/wp-content/uploads/2022/06/Edital-010-2022-1.pdf
2026-05-09 10:45:58,779 | INFO | transformer | Transformer: excluido pelo opportunity_gate (Pontuacao abaixo do minimo (oportunidade nao evidenciada)): https://impa.br/wp-content/uploads/2022/06/Edital-011-2022-1.pdf
2026-05-09 10:45:58,779 | INFO | transformer | Transformer: excluido pelo opportunity_gate (Pontuacao abaixo do minimo (oportunidade nao evidenciada)): https://impa.br/wp-content/uploads/2022/06/Edital-012-2022-1.pdf
2026-05-09 10:45:58,780 | INFO | transformer | Transformer: excluido pelo opportunity_gate (Relevancia limite: poucos sinais de oportunidade): http://planomedico.inb.gov.br
2026-05-09 10:45:58,820 | INFO | transformer | Transformer: excluido pelo opportunity_gate (Relevancia limite: poucos sinais de oportunidade): https://www.gov.br/ipen/pt-br/inovacao-e-tecnologia/projetos-de-p-d
2026-05-09 10:45:58,836 | INFO | transformer | Transformer: excluido pelo opportunity_gate (Pontuacao abaixo do minimo (oportunidade nao evidenciada)): https://www.gov.br/ipen/pt-br/pesquisa-e-desenvolvimento/areas-de-pesquisa/copy_of_saude
2026-05-09 10:45:58,887 | INFO | transformer | Transformer: excluido pelo opportunity_gate (Pontuacao abaixo do minimo (oportunidade nao evidenciada)): https://www.aist.go.jp/aist_j/information/index.html
2026-05-09 10:45:58,889 | INFO | transformer | Transformer: excluido pelo opportunity_gate (Relevancia limite: poucos sinais de oportunidade): https://www.aist.go.jp/aist_j/information/about_aist.html
2026-05-09 10:45:58,892 | INFO | transformer | Transformer: excluido pelo opportunity_gate (Relevancia limite: poucos sinais de oportunidade): https://www.aist.go.jp/aist_j/information/aist_vision.html
2026-05-09 10:45:58,892 | INFO | transformer | Transformer: excluido pelo opportunity_gate (Relevancia limite: poucos sinais de oportunidade): https://www.aist.go.jp/aist_j/information/standard/index.html
2026-05-09 10:45:58,896 | INFO | transformer | Transformer: excluido pelo opportunity_gate (Relevancia limite: poucos sinais de oportunidade): https://www.aist.go.jp/aist_j/information/compliance/index.html
2026-05-09 10:45:58,897 | INFO | transformer | Transformer: excluido pelo opportunity_gate (Relevancia limite: poucos sinais de oportunidade): https://www.aist.go.jp/aist_j/information/info_sec_policy/index.html
2026-05-09 10:45:58,897 | INFO | transformer | Transformer: excluido pelo opportunity_gate (Relevancia limite: poucos sinais de oportunidade): https://www.aist.go.jp/aist_j/information/shougai/index.html
2026-05-09 10:45:58,897 | INFO | transformer | Transformer: excluido pelo opportunity_gate (Pontuacao abaixo do minimo (oportunidade nao evidenciada)): https://www.aist.go.jp/aist_j/information/conflicts_of_interest/index.html
2026-05-09 10:45:58,918 | INFO | transformer | Transformer: excluido pelo opportunity_gate (Relevancia limite: poucos sinais de oportunidade): https://www.aist.go.jp/aist_j/information/sdgs.html
2026-05-09 10:45:58,921 | INFO | transformer | Transformer: excluido pelo opportunity_gate (Relevancia limite: poucos sinais de oportunidade): https://www.aist.go.jp/aist_j/information/organization/director/director_main.html
2026-05-09 10:45:58,923 | INFO | transformer | Transformer: excluido pelo opportunity_gate (Relevancia limite: poucos sinais de oportunidade): https://www.aist.go.jp/aist_j/information/organization/aist_fellow/aist_fellow_main.html
2026-05-09 10:45:58,925 | INFO | transformer | Transformer: excluido pelo opportunity_gate (Pontuacao abaixo do minimo (oportunidade nao evidenciada)): https://www.aist.go.jp/aist_j/information/organization/research_units/index.html
2026-05-09 10:45:58,927 | INFO | transformer | Transformer: excluido pelo opportunity_gate (Relevancia limite: poucos sinais de oportunidade): https://www.aist.go.jp/aist_j/information/organization/oil/index.html
2026-05-09 10:45:58,928 | INFO | transformer | Transformer: excluido pelo opportunity_gate (Pontuacao abaixo do minimo (oportunidade nao evidenciada)): https://www.aist.go.jp/aist_j/information/organization/kammuri_lab/index.html
2026-05-09 10:45:58,930 | INFO | transformer | Transformer: excluido pelo opportunity_gate (Relevancia limite: poucos sinais de oportunidade): https://www.aist.go.jp/aist_j/information/organization/bil/index.html
2026-05-09 10:45:58,933 | INFO | transformer | Transformer: excluido pelo opportunity_gate (Pontuacao abaixo do minimo (oportunidade nao evidenciada)): https://www.aist.go.jp/aist_j/information/organization/senior_principal_researcher/index.html
2026-05-09 10:45:58,948 | INFO | transformer | Transformer: excluido pelo opportunity_gate (Pontuacao abaixo do minimo (oportunidade nao evidenciada)): https://www.aist.go.jp/aist_j/information/research_bases/kashiwa/index.html
2026-05-09 10:45:59,117 | INFO | transformer | Transformer: excluido pelo opportunity_gate (Relevancia limite: poucos sinais de oportunidade): https://www.mod.go.jp/atla/choukan.html
2026-05-09 10:45:59,117 | INFO | transformer | Transformer: excluido pelo opportunity_gate (Relevancia limite: poucos sinais de oportunidade): https://www.mod.go.jp/atla/soubichou_gaiyou.html
2026-05-09 10:45:59,117 | INFO | transformer | Transformer: excluido pelo opportunity_gate (Relevancia limite: poucos sinais de oportunidade): https://www.mod.go.jp/atla/kenkyuu.html
2026-05-09 10:45:59,117 | INFO | transformer | Transformer: excluido pelo opportunity_gate (Relevancia limite: poucos sinais de oportunidade): https://www.mod.go.jp/atla/choutatsu.html
2026-05-09 10:45:59,117 | INFO | transformer | Transformer: excluido pelo opportunity_gate (Relevancia limite: poucos sinais de oportunidade): https://www.mod.go.jp/atla/soubiseisaku.html
2026-05-09 10:45:59,155 | INFO | transformer | Transformer: excluido pelo opportunity_gate (Relevancia limite: poucos sinais de oportunidade): https://www.mod.go.jp/atla/funding/seika.html
2026-05-09 10:45:59,527 | INFO | transformer | Transformer: excluido pelo opportunity_gate (Pontuacao abaixo do minimo (oportunidade nao evidenciada)): https://www.jsps.go.jp/j-grantsinaid/index.html
2026-05-09 10:45:59,529 | INFO | transformer | Transformer: excluido pelo opportunity_gate (Pontuacao abaixo do minimo (oportunidade nao evidenciada)): https://www.jsps.go.jp/j-grantsinaid/21_renraku/index.html
2026-05-09 10:45:59,556 | INFO | transformer | Transformer: excluido pelo opportunity_gate (Relevancia limite: poucos sinais de oportunidade): https://www.jsps.go.jp/j-bottom/
2026-05-09 10:45:59,576 | INFO | transformer | Transformer: excluido pelo opportunity_gate (Pontuacao abaixo do minimo (oportunidade nao evidenciada)): https://www.jsps.go.jp/j-hirameki/
2026-05-09 10:45:59,608 | INFO | transformer | Transformer: excluido pelo opportunity_gate (Pontuacao abaixo do minimo (oportunidade nao evidenciada)): https://www.jsps.go.jp/j-grantsinaid/01_seido/01_shumoku/index.html
2026-05-09 10:45:59,620 | INFO | transformer | Transformer: excluido pelo opportunity_gate (Relevancia limite: poucos sinais de oportunidade): https://www.jsps.go.jp/j-grantsinaid/40_kaikaku/index.html
2026-05-09 10:45:59,877 | INFO | transformer | Transformer: excluido pelo opportunity_gate (Relevancia limite: poucos sinais de oportunidade): https://www.jsps.go.jp/j-bottom/
2026-05-09 10:45:59,896 | INFO | transformer | Transformer: excluido pelo opportunity_gate (Pontuacao abaixo do minimo (oportunidade nao evidenciada)): https://www.jsps.go.jp/j-hirameki/
2026-05-09 10:45:59,927 | INFO | transformer | Transformer: excluido pelo opportunity_gate (Pontuacao abaixo do minimo (oportunidade nao evidenciada)): https://www.jsps.go.jp/j-grantsinaid/01_seido/01_shumoku/index.html
2026-05-09 10:45:59,938 | INFO | transformer | Transformer: excluido pelo opportunity_gate (Relevancia limite: poucos sinais de oportunidade): https://www.jsps.go.jp/j-grantsinaid/40_kaikaku/index.html
2026-05-09 10:46:00,289 | INFO | transformer | Transformer: excluido pelo opportunity_gate (Relevancia limite: poucos sinais de oportunidade): https://www.kek.jp/en/what-is-an-accelerator
2026-05-09 10:46:00,786 | INFO | transformer | Transformer: excluido pelo opportunity_gate (Pagina de login ou autenticacao): https://www.mhi.com/company/procurement/coupa/index.html
2026-05-09 10:46:00,921 | INFO | transformer | Transformer: excluido pelo opportunity_gate (Pagina de login ou autenticacao): https://www.mhi.com/company/procurement/coupa
2026-05-09 10:46:01,443 | INFO | transformer | Transformer: excluido pelo opportunity_gate (Relevancia limite: poucos sinais de oportunidade): https://www.nedo.go.jp/english/whatsnew_00357.html
2026-05-09 10:46:01,446 | INFO | transformer | Transformer: excluido pelo opportunity_gate (Relevancia limite: poucos sinais de oportunidade): https://www.nedo.go.jp/english/events/ZZpage_100181.html
2026-05-09 10:46:01,449 | INFO | transformer | Transformer: excluido pelo opportunity_gate (Relevancia limite: poucos sinais de oportunidade): https://www.nedo.go.jp/english/ZZKH_100021.html
2026-05-09 10:46:01,450 | INFO | transformer | Transformer: excluido pelo opportunity_gate (Relevancia limite: poucos sinais de oportunidade): https://www.nedo.go.jp/saiyou/saiyoulist.html
2026-05-09 10:46:01,555 | INFO | transformer | Transformer: excluido pelo opportunity_gate (Relevancia limite: poucos sinais de oportunidade): https://www.nedo.go.jp/itaku-gyomu/shisan.html
2026-05-09 10:46:01,590 | INFO | transformer | Transformer: excluido pelo opportunity_gate (Pontuacao abaixo do minimo (oportunidade nao evidenciada)): https://www.nedo.go.jp/jyouhoukoukai/index.html
2026-05-09 10:46:01,727 | INFO | transformer | Transformer: excluido pelo opportunity_gate (Relevancia limite: poucos sinais de oportunidade): https://www.nims.go.jp/eng/research/scientific-information/index.html
2026-05-09 10:46:01,806 | INFO | transformer | Transformer: excluido pelo opportunity_gate (Pontuacao abaixo do minimo (oportunidade nao evidenciada)): https://www.nims.go.jp/researcher/index.html
2026-05-09 10:46:01,888 | INFO | transformer | Transformer: excluido pelo opportunity_gate (Relevancia limite: poucos sinais de oportunidade): https://www.nims.go.jp/eng/employment/technical/permanent-researcher.html
2026-05-09 10:46:01,906 | INFO | transformer | Transformer: excluido pelo opportunity_gate (Relevancia limite: poucos sinais de oportunidade): https://www.nims.go.jp/eng/hr-development/index.html
2026-05-09 10:46:01,925 | INFO | transformer | Transformer: excluido pelo opportunity_gate (Pontuacao abaixo do minimo (oportunidade nao evidenciada)): https://www.qst.go.jp/site/news/moqn.html
2026-05-09 10:46:01,928 | INFO | transformer | Transformer: excluido pelo opportunity_gate (Pontuacao abaixo do minimo (oportunidade nao evidenciada)): https://www.qst.go.jp/site/news/plasma-prediction.html
2026-05-09 10:46:01,999 | INFO | transformer | Transformer: excluido pelo opportunity_gate (Pontuacao abaixo do minimo (oportunidade nao evidenciada)): https://www.qst.go.jp/site/news/20251011-2.html
2026-05-09 10:46:02,000 | INFO | transformer | Transformer: excluido pelo opportunity_gate (Pontuacao abaixo do minimo (oportunidade nao evidenciada)): https://www.qst.go.jp/site/news/20251011-1.html
2026-05-09 10:46:02,006 | INFO | transformer | Transformer: excluido pelo opportunity_gate (Pontuacao abaixo do minimo (oportunidade nao evidenciada)): https://www.qst.go.jp/site/news/prototype-divertor.html
2026-05-09 10:46:02,009 | INFO | transformer | Transformer: excluido pelo opportunity_gate (Pontuacao abaixo do minimo (oportunidade nao evidenciada)): https://www.qst.go.jp/site/news/complete-decomposition.html
2026-05-09 10:46:02,012 | INFO | transformer | Transformer: excluido pelo opportunity_gate (Pontuacao abaixo do minimo (oportunidade nao evidenciada)): https://www.qst.go.jp/site/news/monolayer-sns.html
2026-05-09 10:46:02,017 | INFO | transformer | Transformer: excluido pelo opportunity_gate (Pontuacao abaixo do minimo (oportunidade nao evidenciada)): https://www.qst.go.jp/site/news/ai-confinement.html
2026-05-09 10:46:02,019 | INFO | transformer | Transformer: excluido pelo opportunity_gate (Pontuacao abaixo do minimo (oportunidade nao evidenciada)): https://www.qst.go.jp/site/news/entangle-moment-en.html
2026-05-09 10:46:02,022 | INFO | transformer | Transformer: excluido pelo opportunity_gate (Pontuacao abaixo do minimo (oportunidade nao evidenciada)): https://www.qst.go.jp/site/news/20231221.html
2026-05-09 10:46:02,335 | INFO | transformer | Transformer: excluido pelo opportunity_gate (Relevancia limite: poucos sinais de oportunidade): https://www.lockheedmartin.com/en-us/capabilities/space.html
2026-05-09 10:46:02,601 | INFO | transformer | Transformer: excluido pelo opportunity_gate (Pagina de login ou autenticacao): https://www.grants.gov/register
2026-05-09 10:46:02,637 | INFO | transformer | Transformer: excluido pelo opportunity_gate (Pagina de login ou autenticacao): https://www.grants.gov/privacy-policy
2026-05-09 10:46:02,666 | INFO | transformer | Transformer: excluido pelo opportunity_gate (Relevancia limite: poucos sinais de oportunidade): https://grants-portal.psc.gov/
2026-05-09 10:46:03,736 | INFO | transformer | Transformer: excluido pelo opportunity_gate (Relevancia limite: poucos sinais de oportunidade): https://www.thalesgroup.com/sites/default/files/2025-06/87212869-ACQ-GRP-EN-006%20-%20Matrice%20EGAPE%20-%20GRAEP%20Matrix%20%283%29.pdf
2026-05-09 10:46:03,736 | INFO | transformer | Transformer: excluido pelo opportunity_gate (Pontuacao abaixo do minimo (oportunidade nao evidenciada)): https://www.thalesgroup.com/sites/default/files/2025-09/THALES%20GENERAL%20TERMS%20AND%20CONDITIONS%20OF%20PURCHASE%20-%2005.05.2025%20%282%29.pdf
2026-05-09 10:46:03,805 | INFO | transformer | Transformer: excluido pelo opportunity_gate (Pagina de login ou autenticacao): https://funding.wellcome.org
2026-05-09 10:46:03,806 | INFO | transformer | Transformer: excluido pelo opportunity_gate (Pagina de login ou autenticacao): https://login-funding.wellcome.org/s/login/
2026-05-09 10:59:58,029 | INFO | loader | Tabela opcional disponível: edital_anexo
2026-05-09 10:59:58,231 | INFO | loader | Tabela opcional disponível: edital_extra_campo
2026-05-09 10:59:58,712 | INFO | loader | Tabela opcional disponível: noticia
2026-05-09 10:59:58,905 | INFO | loader | Tabela opcional disponível: pesquisa
2026-05-09 10:59:59,138 | INFO | loader | Usando organização ID: 11
2026-05-09 11:00:45,871 | INFO | loader | Tabela opcional disponível: edital_anexo
2026-05-09 11:00:46,144 | INFO | loader | Tabela opcional disponível: edital_extra_campo
2026-05-09 11:00:46,389 | INFO | loader | Tabela opcional disponível: noticia
2026-05-09 11:00:46,637 | INFO | loader | Tabela opcional disponível: pesquisa
2026-05-09 11:00:46,912 | INFO | loader | Usando organização ID: 11
2026-05-09 11:27:46,303 | INFO | loader | Tabela opcional disponível: edital_anexo
2026-05-09 11:27:46,478 | INFO | loader | Tabela opcional disponível: edital_extra_campo
2026-05-09 11:27:46,693 | INFO | loader | Tabela opcional disponível: noticia
2026-05-09 11:27:46,886 | INFO | loader | Tabela opcional disponível: pesquisa
2026-05-09 11:27:47,094 | INFO | loader | Usando organização ID: 11
2026-05-09 11:32:09,121 | WARNING | loader | Falha ao inserir extra 'validacao_status' do edital 1678: <ConnectionTerminated error_code:0, last_stream_id:19999, additional_data:None>
2026-05-09 11:33:09,622 | ERROR | loader | Erro no upsert de noticia link=https://www.caea.gov.cn/n6760338/n6760395/c10734460/content.html
Traceback (most recent call last):
  File "D:\Computational_Physics\My Projects\edital\CORE\loader.py", line 844, in inserir_ou_atualizar_conteudo
    res = supabase.table(table_name).upsert(row, on_conflict="link").execute()
          ^^^^^^^^^^^^^^^^^^^^^^^^^^^^^^^^^^^^^^^^^^^^^^^^^^^^^^^^^^^^^^^^^^^^
  File "D:\Computational_Physics\My Projects\edital\CORE\.venv\Lib\site-packages\postgrest\_sync\request_builder.py", line 53, in execute
    raise APIError(dict(json_obj))
postgrest.exceptions.APIError: {'message': "Could not find the 'orgao' column of 'noticia' in the schema cache", 'code': 'PGRST204', 'hint': None, 'details': None}
2026-05-09 11:33:09,805 | ERROR | loader | Erro no upsert de noticia link=https://www.caea.gov.cn/n6760338/n6760395/c10734360/content.html
Traceback (most recent call last):
  File "D:\Computational_Physics\My Projects\edital\CORE\loader.py", line 844, in inserir_ou_atualizar_conteudo
    res = supabase.table(table_name).upsert(row, on_conflict="link").execute()
          ^^^^^^^^^^^^^^^^^^^^^^^^^^^^^^^^^^^^^^^^^^^^^^^^^^^^^^^^^^^^^^^^^^^^
  File "D:\Computational_Physics\My Projects\edital\CORE\.venv\Lib\site-packages\postgrest\_sync\request_builder.py", line 53, in execute
    raise APIError(dict(json_obj))
postgrest.exceptions.APIError: {'message': "Could not find the 'orgao' column of 'noticia' in the schema cache", 'code': 'PGRST204', 'hint': None, 'details': None}
2026-05-09 11:33:09,971 | ERROR | loader | Erro no upsert de noticia link=https://www.caea.gov.cn/n6760338/n6760395/c10728700/content.html
Traceback (most recent call last):
  File "D:\Computational_Physics\My Projects\edital\CORE\loader.py", line 844, in inserir_ou_atualizar_conteudo
    res = supabase.table(table_name).upsert(row, on_conflict="link").execute()
          ^^^^^^^^^^^^^^^^^^^^^^^^^^^^^^^^^^^^^^^^^^^^^^^^^^^^^^^^^^^^^^^^^^^^
  File "D:\Computational_Physics\My Projects\edital\CORE\.venv\Lib\site-packages\postgrest\_sync\request_builder.py", line 53, in execute
    raise APIError(dict(json_obj))
postgrest.exceptions.APIError: {'message': "Could not find the 'orgao' column of 'noticia' in the schema cache", 'code': 'PGRST204', 'hint': None, 'details': None}
2026-05-09 11:33:10,137 | ERROR | loader | Erro no upsert de noticia link=https://www.caea.gov.cn/english/n6759365/n6759366/c6792805/content.html
Traceback (most recent call last):
  File "D:\Computational_Physics\My Projects\edital\CORE\loader.py", line 844, in inserir_ou_atualizar_conteudo
    res = supabase.table(table_name).upsert(row, on_conflict="link").execute()
          ^^^^^^^^^^^^^^^^^^^^^^^^^^^^^^^^^^^^^^^^^^^^^^^^^^^^^^^^^^^^^^^^^^^^
  File "D:\Computational_Physics\My Projects\edital\CORE\.venv\Lib\site-packages\postgrest\_sync\request_builder.py", line 53, in execute
    raise APIError(dict(json_obj))
postgrest.exceptions.APIError: {'message': "Could not find the 'orgao' column of 'noticia' in the schema cache", 'code': 'PGRST204', 'hint': None, 'details': None}
2026-05-09 11:33:10,316 | ERROR | loader | Erro no upsert de noticia link=https://www.caea.gov.cn/english/n6759365/n6759367/c6792803/content.html
Traceback (most recent call last):
  File "D:\Computational_Physics\My Projects\edital\CORE\loader.py", line 844, in inserir_ou_atualizar_conteudo
    res = supabase.table(table_name).upsert(row, on_conflict="link").execute()
          ^^^^^^^^^^^^^^^^^^^^^^^^^^^^^^^^^^^^^^^^^^^^^^^^^^^^^^^^^^^^^^^^^^^^
  File "D:\Computational_Physics\My Projects\edital\CORE\.venv\Lib\site-packages\postgrest\_sync\request_builder.py", line 53, in execute
    raise APIError(dict(json_obj))
postgrest.exceptions.APIError: {'message': "Could not find the 'orgao' column of 'noticia' in the schema cache", 'code': 'PGRST204', 'hint': None, 'details': None}
2026-05-09 11:33:10,489 | ERROR | loader | Erro no upsert de noticia link=https://www.caea.gov.cn/english/n6759365/n6759369/c6792804/content.html
Traceback (most recent call last):
  File "D:\Computational_Physics\My Projects\edital\CORE\loader.py", line 844, in inserir_ou_atualizar_conteudo
    res = supabase.table(table_name).upsert(row, on_conflict="link").execute()
          ^^^^^^^^^^^^^^^^^^^^^^^^^^^^^^^^^^^^^^^^^^^^^^^^^^^^^^^^^^^^^^^^^^^^
  File "D:\Computational_Physics\My Projects\edital\CORE\.venv\Lib\site-packages\postgrest\_sync\request_builder.py", line 53, in execute
    raise APIError(dict(json_obj))
postgrest.exceptions.APIError: {'message': "Could not find the 'orgao' column of 'noticia' in the schema cache", 'code': 'PGRST204', 'hint': None, 'details': None}
2026-05-09 11:33:10,661 | ERROR | loader | Erro no upsert de noticia link=https://www.caea.gov.cn/english/n6759365/n6759370/c6792806/content.html
Traceback (most recent call last):
  File "D:\Computational_Physics\My Projects\edital\CORE\loader.py", line 844, in inserir_ou_atualizar_conteudo
    res = supabase.table(table_name).upsert(row, on_conflict="link").execute()
          ^^^^^^^^^^^^^^^^^^^^^^^^^^^^^^^^^^^^^^^^^^^^^^^^^^^^^^^^^^^^^^^^^^^^
  File "D:\Computational_Physics\My Projects\edital\CORE\.venv\Lib\site-packages\postgrest\_sync\request_builder.py", line 53, in execute
    raise APIError(dict(json_obj))
postgrest.exceptions.APIError: {'message': "Could not find the 'orgao' column of 'noticia' in the schema cache", 'code': 'PGRST204', 'hint': None, 'details': None}
2026-05-09 11:33:10,831 | ERROR | loader | Erro no upsert de noticia link=https://www.caea.gov.cn/english/n6759365/n6759371/c6793476/content.html
Traceback (most recent call last):
  File "D:\Computational_Physics\My Projects\edital\CORE\loader.py", line 844, in inserir_ou_atualizar_conteudo
    res = supabase.table(table_name).upsert(row, on_conflict="link").execute()
          ^^^^^^^^^^^^^^^^^^^^^^^^^^^^^^^^^^^^^^^^^^^^^^^^^^^^^^^^^^^^^^^^^^^^
  File "D:\Computational_Physics\My Projects\edital\CORE\.venv\Lib\site-packages\postgrest\_sync\request_builder.py", line 53, in execute
    raise APIError(dict(json_obj))
postgrest.exceptions.APIError: {'message': "Could not find the 'orgao' column of 'noticia' in the schema cache", 'code': 'PGRST204', 'hint': None, 'details': None}
2026-05-09 11:33:10,993 | ERROR | loader | Erro no upsert de noticia link=https://www.caea.gov.cn/english/n6759365/n6759368/c6793479/content.html
Traceback (most recent call last):
  File "D:\Computational_Physics\My Projects\edital\CORE\loader.py", line 844, in inserir_ou_atualizar_conteudo
    res = supabase.table(table_name).upsert(row, on_conflict="link").execute()
          ^^^^^^^^^^^^^^^^^^^^^^^^^^^^^^^^^^^^^^^^^^^^^^^^^^^^^^^^^^^^^^^^^^^^
  File "D:\Computational_Physics\My Projects\edital\CORE\.venv\Lib\site-packages\postgrest\_sync\request_builder.py", line 53, in execute
    raise APIError(dict(json_obj))
postgrest.exceptions.APIError: {'message': "Could not find the 'orgao' column of 'noticia' in the schema cache", 'code': 'PGRST204', 'hint': None, 'details': None}
2026-05-09 11:33:11,162 | ERROR | loader | Erro no upsert de noticia link=https://www.caea.gov.cn/english/n6759361/n6759362/c10722560/content.html
Traceback (most recent call last):
  File "D:\Computational_Physics\My Projects\edital\CORE\loader.py", line 844, in inserir_ou_atualizar_conteudo
    res = supabase.table(table_name).upsert(row, on_conflict="link").execute()
          ^^^^^^^^^^^^^^^^^^^^^^^^^^^^^^^^^^^^^^^^^^^^^^^^^^^^^^^^^^^^^^^^^^^^
  File "D:\Computational_Physics\My Projects\edital\CORE\.venv\Lib\site-packages\postgrest\_sync\request_builder.py", line 53, in execute
    raise APIError(dict(json_obj))
postgrest.exceptions.APIError: {'message': "Could not find the 'orgao' column of 'noticia' in the schema cache", 'code': 'PGRST204', 'hint': None, 'details': None}
2026-05-09 11:33:11,326 | ERROR | loader | Erro no upsert de noticia link=https://www.caea.gov.cn/english/n6759361/n6759363/c10003708/content.html
Traceback (most recent call last):
  File "D:\Computational_Physics\My Projects\edital\CORE\loader.py", line 844, in inserir_ou_atualizar_conteudo
    res = supabase.table(table_name).upsert(row, on_conflict="link").execute()
          ^^^^^^^^^^^^^^^^^^^^^^^^^^^^^^^^^^^^^^^^^^^^^^^^^^^^^^^^^^^^^^^^^^^^
  File "D:\Computational_Physics\My Projects\edital\CORE\.venv\Lib\site-packages\postgrest\_sync\request_builder.py", line 53, in execute
    raise APIError(dict(json_obj))
postgrest.exceptions.APIError: {'message': "Could not find the 'orgao' column of 'noticia' in the schema cache", 'code': 'PGRST204', 'hint': None, 'details': None}
2026-05-09 11:33:11,509 | ERROR | loader | Erro no upsert de noticia link=https://www.caea.gov.cn/english/n6759361/n6759363/c6813199/content.html
Traceback (most recent call last):
  File "D:\Computational_Physics\My Projects\edital\CORE\loader.py", line 844, in inserir_ou_atualizar_conteudo
    res = supabase.table(table_name).upsert(row, on_conflict="link").execute()
          ^^^^^^^^^^^^^^^^^^^^^^^^^^^^^^^^^^^^^^^^^^^^^^^^^^^^^^^^^^^^^^^^^^^^
  File "D:\Computational_Physics\My Projects\edital\CORE\.venv\Lib\site-packages\postgrest\_sync\request_builder.py", line 53, in execute
    raise APIError(dict(json_obj))
postgrest.exceptions.APIError: {'message': "Could not find the 'orgao' column of 'noticia' in the schema cache", 'code': 'PGRST204', 'hint': None, 'details': None}
2026-05-09 11:33:11,669 | ERROR | loader | Erro no upsert de noticia link=https://www.caea.gov.cn/n6760338/n6760344/n10414651/n10414660/index.html
Traceback (most recent call last):
  File "D:\Computational_Physics\My Projects\edital\CORE\loader.py", line 844, in inserir_ou_atualizar_conteudo
    res = supabase.table(table_name).upsert(row, on_conflict="link").execute()
          ^^^^^^^^^^^^^^^^^^^^^^^^^^^^^^^^^^^^^^^^^^^^^^^^^^^^^^^^^^^^^^^^^^^^
  File "D:\Computational_Physics\My Projects\edital\CORE\.venv\Lib\site-packages\postgrest\_sync\request_builder.py", line 53, in execute
    raise APIError(dict(json_obj))
postgrest.exceptions.APIError: {'message': "Could not find the 'orgao' column of 'noticia' in the schema cache", 'code': 'PGRST204', 'hint': None, 'details': None}
2026-05-09 11:33:11,849 | ERROR | loader | Erro no upsert de noticia link=https://www.caea.gov.cn/english/n6759372/c6812939/content.html
Traceback (most recent call last):
  File "D:\Computational_Physics\My Projects\edital\CORE\loader.py", line 844, in inserir_ou_atualizar_conteudo
    res = supabase.table(table_name).upsert(row, on_conflict="link").execute()
          ^^^^^^^^^^^^^^^^^^^^^^^^^^^^^^^^^^^^^^^^^^^^^^^^^^^^^^^^^^^^^^^^^^^^
  File "D:\Computational_Physics\My Projects\edital\CORE\.venv\Lib\site-packages\postgrest\_sync\request_builder.py", line 53, in execute
    raise APIError(dict(json_obj))
postgrest.exceptions.APIError: {'message': "Could not find the 'orgao' column of 'noticia' in the schema cache", 'code': 'PGRST204', 'hint': None, 'details': None}
2026-05-09 11:33:12,016 | ERROR | loader | Erro no upsert de noticia link=https://www.caea.gov.cn/english/n6759372/c6812937/content.html
Traceback (most recent call last):
  File "D:\Computational_Physics\My Projects\edital\CORE\loader.py", line 844, in inserir_ou_atualizar_conteudo
    res = supabase.table(table_name).upsert(row, on_conflict="link").execute()
          ^^^^^^^^^^^^^^^^^^^^^^^^^^^^^^^^^^^^^^^^^^^^^^^^^^^^^^^^^^^^^^^^^^^^
  File "D:\Computational_Physics\My Projects\edital\CORE\.venv\Lib\site-packages\postgrest\_sync\request_builder.py", line 53, in execute
    raise APIError(dict(json_obj))
postgrest.exceptions.APIError: {'message': "Could not find the 'orgao' column of 'noticia' in the schema cache", 'code': 'PGRST204', 'hint': None, 'details': None}
2026-05-09 11:36:46,357 | ERROR | loader | Erro no upsert de pesquisa link=https://english.cas.cn/../../research/
Traceback (most recent call last):
  File "D:\Computational_Physics\My Projects\edital\CORE\loader.py", line 844, in inserir_ou_atualizar_conteudo
    res = supabase.table(table_name).upsert(row, on_conflict="link").execute()
          ^^^^^^^^^^^^^^^^^^^^^^^^^^^^^^^^^^^^^^^^^^^^^^^^^^^^^^^^^^^^^^^^^^^^
  File "D:\Computational_Physics\My Projects\edital\CORE\.venv\Lib\site-packages\postgrest\_sync\request_builder.py", line 53, in execute
    raise APIError(dict(json_obj))
postgrest.exceptions.APIError: {'message': "Could not find the 'orgao' column of 'pesquisa' in the schema cache", 'code': 'PGRST204', 'hint': None, 'details': None}
2026-05-09 11:36:46,537 | ERROR | loader | Erro no upsert de pesquisa link=https://english.cas.cn/../../research/trending-topics/
Traceback (most recent call last):
  File "D:\Computational_Physics\My Projects\edital\CORE\loader.py", line 844, in inserir_ou_atualizar_conteudo
    res = supabase.table(table_name).upsert(row, on_conflict="link").execute()
          ^^^^^^^^^^^^^^^^^^^^^^^^^^^^^^^^^^^^^^^^^^^^^^^^^^^^^^^^^^^^^^^^^^^^
  File "D:\Computational_Physics\My Projects\edital\CORE\.venv\Lib\site-packages\postgrest\_sync\request_builder.py", line 53, in execute
    raise APIError(dict(json_obj))
postgrest.exceptions.APIError: {'message': "Could not find the 'orgao' column of 'pesquisa' in the schema cache", 'code': 'PGRST204', 'hint': None, 'details': None}
2026-05-09 11:37:05,658 | ERROR | loader | Erro no upsert de pesquisa link=https://english.cas.cn/newsroom/headlines/202603/t20260309_1152131.shtml
Traceback (most recent call last):
  File "D:\Computational_Physics\My Projects\edital\CORE\loader.py", line 844, in inserir_ou_atualizar_conteudo
    res = supabase.table(table_name).upsert(row, on_conflict="link").execute()
          ^^^^^^^^^^^^^^^^^^^^^^^^^^^^^^^^^^^^^^^^^^^^^^^^^^^^^^^^^^^^^^^^^^^^
  File "D:\Computational_Physics\My Projects\edital\CORE\.venv\Lib\site-packages\postgrest\_sync\request_builder.py", line 53, in execute
    raise APIError(dict(json_obj))
postgrest.exceptions.APIError: {'message': "Could not find the 'orgao' column of 'pesquisa' in the schema cache", 'code': 'PGRST204', 'hint': None, 'details': None}
2026-05-09 11:37:05,829 | ERROR | loader | Erro no upsert de pesquisa link=https://english.cas.cn/newsroom/headlines/202603/t20260305_1151451.shtml
Traceback (most recent call last):
  File "D:\Computational_Physics\My Projects\edital\CORE\loader.py", line 844, in inserir_ou_atualizar_conteudo
    res = supabase.table(table_name).upsert(row, on_conflict="link").execute()
          ^^^^^^^^^^^^^^^^^^^^^^^^^^^^^^^^^^^^^^^^^^^^^^^^^^^^^^^^^^^^^^^^^^^^
  File "D:\Computational_Physics\My Projects\edital\CORE\.venv\Lib\site-packages\postgrest\_sync\request_builder.py", line 53, in execute
    raise APIError(dict(json_obj))
postgrest.exceptions.APIError: {'message': "Could not find the 'orgao' column of 'pesquisa' in the schema cache", 'code': 'PGRST204', 'hint': None, 'details': None}
2026-05-09 11:37:06,011 | ERROR | loader | Erro no upsert de pesquisa link=https://english.cas.cn/newsroom/headlines/202602/t20260212_1150828.shtml
Traceback (most recent call last):
  File "D:\Computational_Physics\My Projects\edital\CORE\loader.py", line 844, in inserir_ou_atualizar_conteudo
    res = supabase.table(table_name).upsert(row, on_conflict="link").execute()
          ^^^^^^^^^^^^^^^^^^^^^^^^^^^^^^^^^^^^^^^^^^^^^^^^^^^^^^^^^^^^^^^^^^^^
  File "D:\Computational_Physics\My Projects\edital\CORE\.venv\Lib\site-packages\postgrest\_sync\request_builder.py", line 53, in execute
    raise APIError(dict(json_obj))
postgrest.exceptions.APIError: {'message': "Could not find the 'orgao' column of 'pesquisa' in the schema cache", 'code': 'PGRST204', 'hint': None, 'details': None}
2026-05-09 11:37:15,283 | ERROR | loader | Erro no upsert de pesquisa link=https://english.cas.cn/newsroom/research-news/202605/t20260509_1158655.shtml
Traceback (most recent call last):
  File "D:\Computational_Physics\My Projects\edital\CORE\loader.py", line 844, in inserir_ou_atualizar_conteudo
    res = supabase.table(table_name).upsert(row, on_conflict="link").execute()
          ^^^^^^^^^^^^^^^^^^^^^^^^^^^^^^^^^^^^^^^^^^^^^^^^^^^^^^^^^^^^^^^^^^^^
  File "D:\Computational_Physics\My Projects\edital\CORE\.venv\Lib\site-packages\postgrest\_sync\request_builder.py", line 53, in execute
    raise APIError(dict(json_obj))
postgrest.exceptions.APIError: {'message': "Could not find the 'orgao' column of 'pesquisa' in the schema cache", 'code': 'PGRST204', 'hint': None, 'details': None}
2026-05-09 11:39:24,834 | ERROR | loader | Erro no upsert de noticia link=http://www.mod.gov.cn/gfbw/qwfb/16458028.html
Traceback (most recent call last):
  File "D:\Computational_Physics\My Projects\edital\CORE\loader.py", line 844, in inserir_ou_atualizar_conteudo
    res = supabase.table(table_name).upsert(row, on_conflict="link").execute()
          ^^^^^^^^^^^^^^^^^^^^^^^^^^^^^^^^^^^^^^^^^^^^^^^^^^^^^^^^^^^^^^^^^^^^
  File "D:\Computational_Physics\My Projects\edital\CORE\.venv\Lib\site-packages\postgrest\_sync\request_builder.py", line 53, in execute
    raise APIError(dict(json_obj))
postgrest.exceptions.APIError: {'message': "Could not find the 'orgao' column of 'noticia' in the schema cache", 'code': 'PGRST204', 'hint': None, 'details': None}
2026-05-09 11:39:34,368 | ERROR | loader | Erro no upsert de noticia link=http://www.mod.gov.cn/gfbw/jswj/16451809.html
Traceback (most recent call last):
  File "D:\Computational_Physics\My Projects\edital\CORE\loader.py", line 844, in inserir_ou_atualizar_conteudo
    res = supabase.table(table_name).upsert(row, on_conflict="link").execute()
          ^^^^^^^^^^^^^^^^^^^^^^^^^^^^^^^^^^^^^^^^^^^^^^^^^^^^^^^^^^^^^^^^^^^^
  File "D:\Computational_Physics\My Projects\edital\CORE\.venv\Lib\site-packages\postgrest\_sync\request_builder.py", line 53, in execute
    raise APIError(dict(json_obj))
postgrest.exceptions.APIError: {'message': "Could not find the 'orgao' column of 'noticia' in the schema cache", 'code': 'PGRST204', 'hint': None, 'details': None}
2026-05-09 11:39:34,555 | ERROR | loader | Erro no upsert de noticia link=http://www.mod.gov.cn/gfbw/gfjy_index/16457929.html
Traceback (most recent call last):
  File "D:\Computational_Physics\My Projects\edital\CORE\loader.py", line 844, in inserir_ou_atualizar_conteudo
    res = supabase.table(table_name).upsert(row, on_conflict="link").execute()
          ^^^^^^^^^^^^^^^^^^^^^^^^^^^^^^^^^^^^^^^^^^^^^^^^^^^^^^^^^^^^^^^^^^^^
  File "D:\Computational_Physics\My Projects\edital\CORE\.venv\Lib\site-packages\postgrest\_sync\request_builder.py", line 53, in execute
    raise APIError(dict(json_obj))
postgrest.exceptions.APIError: {'message': "Could not find the 'orgao' column of 'noticia' in the schema cache", 'code': 'PGRST204', 'hint': None, 'details': None}
2026-05-09 11:39:34,731 | ERROR | loader | Erro no upsert de pesquisa link=http://eng.mod.gov.cn/2025xb/P/index.html
Traceback (most recent call last):
  File "D:\Computational_Physics\My Projects\edital\CORE\loader.py", line 844, in inserir_ou_atualizar_conteudo
    res = supabase.table(table_name).upsert(row, on_conflict="link").execute()
          ^^^^^^^^^^^^^^^^^^^^^^^^^^^^^^^^^^^^^^^^^^^^^^^^^^^^^^^^^^^^^^^^^^^^
  File "D:\Computational_Physics\My Projects\edital\CORE\.venv\Lib\site-packages\postgrest\_sync\request_builder.py", line 53, in execute
    raise APIError(dict(json_obj))
postgrest.exceptions.APIError: {'message': "Could not find the 'orgao' column of 'pesquisa' in the schema cache", 'code': 'PGRST204', 'hint': None, 'details': None}
2026-05-09 11:39:34,905 | ERROR | loader | Erro no upsert de pesquisa link=http://eng.mod.gov.cn/2025xb/P/D_251802/index.html
Traceback (most recent call last):
  File "D:\Computational_Physics\My Projects\edital\CORE\loader.py", line 844, in inserir_ou_atualizar_conteudo
    res = supabase.table(table_name).upsert(row, on_conflict="link").execute()
          ^^^^^^^^^^^^^^^^^^^^^^^^^^^^^^^^^^^^^^^^^^^^^^^^^^^^^^^^^^^^^^^^^^^^
  File "D:\Computational_Physics\My Projects\edital\CORE\.venv\Lib\site-packages\postgrest\_sync\request_builder.py", line 53, in execute
    raise APIError(dict(json_obj))
postgrest.exceptions.APIError: {'message': "Could not find the 'orgao' column of 'pesquisa' in the schema cache", 'code': 'PGRST204', 'hint': None, 'details': None}
2026-05-09 11:39:35,089 | ERROR | loader | Erro no upsert de pesquisa link=http://eng.mod.gov.cn/2025xb/P/16459622.html
Traceback (most recent call last):
  File "D:\Computational_Physics\My Projects\edital\CORE\loader.py", line 844, in inserir_ou_atualizar_conteudo
    res = supabase.table(table_name).upsert(row, on_conflict="link").execute()
          ^^^^^^^^^^^^^^^^^^^^^^^^^^^^^^^^^^^^^^^^^^^^^^^^^^^^^^^^^^^^^^^^^^^^
  File "D:\Computational_Physics\My Projects\edital\CORE\.venv\Lib\site-packages\postgrest\_sync\request_builder.py", line 53, in execute
    raise APIError(dict(json_obj))
postgrest.exceptions.APIError: {'message': "Could not find the 'orgao' column of 'pesquisa' in the schema cache", 'code': 'PGRST204', 'hint': None, 'details': None}
2026-05-09 11:39:35,275 | ERROR | loader | Erro no upsert de pesquisa link=http://eng.mod.gov.cn/2025xb/P/16458381.html
Traceback (most recent call last):
  File "D:\Computational_Physics\My Projects\edital\CORE\loader.py", line 844, in inserir_ou_atualizar_conteudo
    res = supabase.table(table_name).upsert(row, on_conflict="link").execute()
          ^^^^^^^^^^^^^^^^^^^^^^^^^^^^^^^^^^^^^^^^^^^^^^^^^^^^^^^^^^^^^^^^^^^^
  File "D:\Computational_Physics\My Projects\edital\CORE\.venv\Lib\site-packages\postgrest\_sync\request_builder.py", line 53, in execute
    raise APIError(dict(json_obj))
postgrest.exceptions.APIError: {'message': "Could not find the 'orgao' column of 'pesquisa' in the schema cache", 'code': 'PGRST204', 'hint': None, 'details': None}
2026-05-09 11:39:35,455 | ERROR | loader | Erro no upsert de pesquisa link=http://eng.mod.gov.cn/2025xb/P/16455694.html
Traceback (most recent call last):
  File "D:\Computational_Physics\My Projects\edital\CORE\loader.py", line 844, in inserir_ou_atualizar_conteudo
    res = supabase.table(table_name).upsert(row, on_conflict="link").execute()
          ^^^^^^^^^^^^^^^^^^^^^^^^^^^^^^^^^^^^^^^^^^^^^^^^^^^^^^^^^^^^^^^^^^^^
  File "D:\Computational_Physics\My Projects\edital\CORE\.venv\Lib\site-packages\postgrest\_sync\request_builder.py", line 53, in execute
    raise APIError(dict(json_obj))
postgrest.exceptions.APIError: {'message': "Could not find the 'orgao' column of 'pesquisa' in the schema cache", 'code': 'PGRST204', 'hint': None, 'details': None}
2026-05-09 11:39:35,633 | ERROR | loader | Erro no upsert de pesquisa link=http://eng.mod.gov.cn/2025xb/P/16455696.html
Traceback (most recent call last):
  File "D:\Computational_Physics\My Projects\edital\CORE\loader.py", line 844, in inserir_ou_atualizar_conteudo
    res = supabase.table(table_name).upsert(row, on_conflict="link").execute()
          ^^^^^^^^^^^^^^^^^^^^^^^^^^^^^^^^^^^^^^^^^^^^^^^^^^^^^^^^^^^^^^^^^^^^
  File "D:\Computational_Physics\My Projects\edital\CORE\.venv\Lib\site-packages\postgrest\_sync\request_builder.py", line 53, in execute
    raise APIError(dict(json_obj))
postgrest.exceptions.APIError: {'message': "Could not find the 'orgao' column of 'pesquisa' in the schema cache", 'code': 'PGRST204', 'hint': None, 'details': None}
2026-05-09 11:39:35,829 | ERROR | loader | Erro no upsert de pesquisa link=http://eng.mod.gov.cn/2025xb/P/16455039.html
Traceback (most recent call last):
  File "D:\Computational_Physics\My Projects\edital\CORE\loader.py", line 844, in inserir_ou_atualizar_conteudo
    res = supabase.table(table_name).upsert(row, on_conflict="link").execute()
          ^^^^^^^^^^^^^^^^^^^^^^^^^^^^^^^^^^^^^^^^^^^^^^^^^^^^^^^^^^^^^^^^^^^^
  File "D:\Computational_Physics\My Projects\edital\CORE\.venv\Lib\site-packages\postgrest\_sync\request_builder.py", line 53, in execute
    raise APIError(dict(json_obj))
postgrest.exceptions.APIError: {'message': "Could not find the 'orgao' column of 'pesquisa' in the schema cache", 'code': 'PGRST204', 'hint': None, 'details': None}
2026-05-09 11:39:36,005 | ERROR | loader | Erro no upsert de pesquisa link=http://eng.mod.gov.cn/2025xb/N/T/16459197.html
Traceback (most recent call last):
  File "D:\Computational_Physics\My Projects\edital\CORE\loader.py", line 844, in inserir_ou_atualizar_conteudo
    res = supabase.table(table_name).upsert(row, on_conflict="link").execute()
          ^^^^^^^^^^^^^^^^^^^^^^^^^^^^^^^^^^^^^^^^^^^^^^^^^^^^^^^^^^^^^^^^^^^^
  File "D:\Computational_Physics\My Projects\edital\CORE\.venv\Lib\site-packages\postgrest\_sync\request_builder.py", line 53, in execute
    raise APIError(dict(json_obj))
postgrest.exceptions.APIError: {'message': "Could not find the 'orgao' column of 'pesquisa' in the schema cache", 'code': 'PGRST204', 'hint': None, 'details': None}
2026-05-09 12:01:57,893 | WARNING | loader | Falha ao inserir extra 'url_detalhe' do edital 755: <ConnectionTerminated error_code:0, last_stream_id:19999, additional_data:None>
2026-05-09 12:12:21,959 | INFO | transformer | Transformer: excluido pelo opportunity_gate (Pagina de login ou autenticacao): https://ideas.esa.int/core/servlet/hype/IMT?documentTableId=6134754942840509817&userAction=Browse&templateName=&documentId=b6ce0c6165cf7cc8a8c0ebdd09ca6813
2026-05-09 12:12:31,481 | INFO | transformer | Transformer: excluido pelo opportunity_gate (Pagina de login ou autenticacao): https://esastar-publication-ext.sso.esa.int
2026-05-09 12:13:23,165 | INFO | transformer | Transformer: excluido pelo opportunity_gate (Pagina de login ou autenticacao): https://esastar-publication-ext.sso.esa.int
2026-05-09 12:13:23,342 | INFO | transformer | Transformer: excluido pelo opportunity_gate (Pagina de login ou autenticacao): https://ideas.esa.int/core/servlet/hype/IMT?documentTableId=6134754942840509817&userAction=Browse&templateName=&documentId=b6ce0c6165cf7cc8a8c0ebdd09ca6813
2026-05-09 12:14:23,926 | WARNING | loader | Tabela opcional indisponível: edital_anexo ([WinError 10061] Nenhuma conexão pôde ser feita porque a máquina de destino as recusou ativamente)
2026-05-09 12:14:25,977 | WARNING | loader | Tabela opcional indisponível: edital_extra_campo ([WinError 10061] Nenhuma conexão pôde ser feita porque a máquina de destino as recusou ativamente)
2026-05-09 12:14:28,021 | WARNING | loader | Tabela opcional indisponível: noticia ([WinError 10061] Nenhuma conexão pôde ser feita porque a máquina de destino as recusou ativamente)
2026-05-09 12:14:30,068 | WARNING | loader | Tabela opcional indisponível: pesquisa ([WinError 10061] Nenhuma conexão pôde ser feita porque a máquina de destino as recusou ativamente)
2026-05-09 12:14:32,120 | WARNING | loader | Não foi possível buscar organização padrão: [WinError 10061] Nenhuma conexão pôde ser feita porque a máquina de destino as recusou ativamente
2026-05-09 12:14:34,158 | WARNING | loader | Não foi possível buscar organização padrão: [WinError 10061] Nenhuma conexão pôde ser feita porque a máquina de destino as recusou ativamente
2026-05-09 12:14:36,208 | WARNING | loader | Não foi possível buscar organização padrão: [WinError 10061] Nenhuma conexão pôde ser feita porque a máquina de destino as recusou ativamente
2026-05-09 12:14:38,259 | WARNING | loader | Não foi possível buscar organização padrão: [WinError 10061] Nenhuma conexão pôde ser feita porque a máquina de destino as recusou ativamente
2026-05-09 12:14:40,306 | WARNING | loader | Não foi possível buscar organização padrão: [WinError 10061] Nenhuma conexão pôde ser feita porque a máquina de destino as recusou ativamente
2026-05-09 12:14:42,347 | WARNING | loader | Não foi possível buscar organização padrão: [WinError 10061] Nenhuma conexão pôde ser feita porque a máquina de destino as recusou ativamente
2026-05-09 12:14:44,415 | WARNING | loader | Não foi possível buscar organização padrão: [WinError 10061] Nenhuma conexão pôde ser feita porque a máquina de destino as recusou ativamente
2026-05-09 12:14:46,465 | WARNING | loader | Não foi possível buscar organização padrão: [WinError 10061] Nenhuma conexão pôde ser feita porque a máquina de destino as recusou ativamente
2026-05-09 12:14:48,514 | WARNING | loader | Não foi possível buscar organização padrão: [WinError 10061] Nenhuma conexão pôde ser feita porque a máquina de destino as recusou ativamente
2026-05-09 12:14:50,558 | WARNING | loader | Não foi possível buscar organização padrão: [WinError 10061] Nenhuma conexão pôde ser feita porque a máquina de destino as recusou ativamente
2026-05-09 12:14:52,615 | WARNING | loader | Não foi possível buscar organização padrão: [WinError 10061] Nenhuma conexão pôde ser feita porque a máquina de destino as recusou ativamente
2026-05-09 12:14:54,664 | WARNING | loader | Não foi possível buscar organização padrão: [WinError 10061] Nenhuma conexão pôde ser feita porque a máquina de destino as recusou ativamente
2026-05-09 12:14:56,713 | WARNING | loader | Não foi possível buscar organização padrão: [WinError 10061] Nenhuma conexão pôde ser feita porque a máquina de destino as recusou ativamente
2026-05-09 12:14:58,765 | WARNING | loader | Não foi possível buscar organização padrão: [WinError 10061] Nenhuma conexão pôde ser feita porque a máquina de destino as recusou ativamente
2026-05-09 12:15:00,831 | WARNING | loader | Não foi possível buscar organização padrão: [WinError 10061] Nenhuma conexão pôde ser feita porque a máquina de destino as recusou ativamente
2026-05-09 12:15:02,881 | WARNING | loader | Não foi possível buscar organização padrão: [WinError 10061] Nenhuma conexão pôde ser feita porque a máquina de destino as recusou ativamente
2026-05-09 12:15:04,932 | WARNING | loader | Não foi possível buscar organização padrão: [WinError 10061] Nenhuma conexão pôde ser feita porque a máquina de destino as recusou ativamente
2026-05-09 12:15:06,988 | WARNING | loader | Não foi possível buscar organização padrão: [WinError 10061] Nenhuma conexão pôde ser feita porque a máquina de destino as recusou ativamente
2026-05-09 12:15:09,039 | WARNING | loader | Não foi possível buscar organização padrão: [WinError 10061] Nenhuma conexão pôde ser feita porque a máquina de destino as recusou ativamente
2026-05-09 12:15:11,085 | WARNING | loader | Não foi possível buscar organização padrão: [WinError 10061] Nenhuma conexão pôde ser feita porque a máquina de destino as recusou ativamente
2026-05-09 12:15:13,125 | WARNING | loader | Não foi possível buscar organização padrão: [WinError 10061] Nenhuma conexão pôde ser feita porque a máquina de destino as recusou ativamente
2026-05-09 12:15:15,166 | WARNING | loader | Não foi possível buscar organização padrão: [WinError 10061] Nenhuma conexão pôde ser feita porque a máquina de destino as recusou ativamente
2026-05-09 12:15:17,225 | WARNING | loader | Não foi possível buscar organização padrão: [WinError 10061] Nenhuma conexão pôde ser feita porque a máquina de destino as recusou ativamente
2026-05-09 12:15:19,263 | WARNING | loader | Não foi possível buscar organização padrão: [WinError 10061] Nenhuma conexão pôde ser feita porque a máquina de destino as recusou ativamente
2026-05-09 12:15:21,301 | WARNING | loader | Não foi possível buscar organização padrão: [WinError 10061] Nenhuma conexão pôde ser feita porque a máquina de destino as recusou ativamente
2026-05-09 12:15:23,352 | WARNING | loader | Não foi possível buscar organização padrão: [WinError 10061] Nenhuma conexão pôde ser feita porque a máquina de destino as recusou ativamente
2026-05-09 12:15:25,394 | WARNING | loader | Não foi possível buscar organização padrão: [WinError 10061] Nenhuma conexão pôde ser feita porque a máquina de destino as recusou ativamente
2026-05-09 12:15:27,441 | WARNING | loader | Não foi possível buscar organização padrão: [WinError 10061] Nenhuma conexão pôde ser feita porque a máquina de destino as recusou ativamente
2026-05-09 12:15:29,504 | WARNING | loader | Não foi possível buscar organização padrão: [WinError 10061] Nenhuma conexão pôde ser feita porque a máquina de destino as recusou ativamente
2026-05-09 12:15:31,542 | WARNING | loader | Não foi possível buscar organização padrão: [WinError 10061] Nenhuma conexão pôde ser feita porque a máquina de destino as recusou ativamente
2026-05-09 12:15:33,587 | WARNING | loader | Não foi possível buscar organização padrão: [WinError 10061] Nenhuma conexão pôde ser feita porque a máquina de destino as recusou ativamente
2026-05-09 12:15:35,630 | WARNING | loader | Não foi possível buscar organização padrão: [WinError 10061] Nenhuma conexão pôde ser feita porque a máquina de destino as recusou ativamente
2026-05-09 12:15:37,680 | WARNING | loader | Não foi possível buscar organização padrão: [WinError 10061] Nenhuma conexão pôde ser feita porque a máquina de destino as recusou ativamente
2026-05-09 12:15:39,738 | WARNING | loader | Não foi possível buscar organização padrão: [WinError 10061] Nenhuma conexão pôde ser feita porque a máquina de destino as recusou ativamente
2026-05-09 12:15:41,774 | WARNING | loader | Não foi possível buscar organização padrão: [WinError 10061] Nenhuma conexão pôde ser feita porque a máquina de destino as recusou ativamente
2026-05-09 12:15:43,824 | WARNING | loader | Não foi possível buscar organização padrão: [WinError 10061] Nenhuma conexão pôde ser feita porque a máquina de destino as recusou ativamente
2026-05-09 12:15:45,870 | WARNING | loader | Não foi possível buscar organização padrão: [WinError 10061] Nenhuma conexão pôde ser feita porque a máquina de destino as recusou ativamente
2026-05-09 12:15:47,922 | WARNING | loader | Não foi possível buscar organização padrão: [WinError 10061] Nenhuma conexão pôde ser feita porque a máquina de destino as recusou ativamente
2026-05-09 12:15:49,974 | WARNING | loader | Não foi possível buscar organização padrão: [WinError 10061] Nenhuma conexão pôde ser feita porque a máquina de destino as recusou ativamente
2026-05-09 12:15:52,020 | WARNING | loader | Não foi possível buscar organização padrão: [WinError 10061] Nenhuma conexão pôde ser feita porque a máquina de destino as recusou ativamente
2026-05-09 12:15:54,088 | WARNING | loader | Não foi possível buscar organização padrão: [WinError 10061] Nenhuma conexão pôde ser feita porque a máquina de destino as recusou ativamente
2026-05-09 12:15:56,121 | WARNING | loader | Não foi possível buscar organização padrão: [WinError 10061] Nenhuma conexão pôde ser feita porque a máquina de destino as recusou ativamente
2026-05-09 12:15:58,166 | WARNING | loader | Não foi possível buscar organização padrão: [WinError 10061] Nenhuma conexão pôde ser feita porque a máquina de destino as recusou ativamente
2026-05-09 12:16:00,205 | WARNING | loader | Não foi possível buscar organização padrão: [WinError 10061] Nenhuma conexão pôde ser feita porque a máquina de destino as recusou ativamente
2026-05-09 12:16:02,252 | WARNING | loader | Não foi possível buscar organização padrão: [WinError 10061] Nenhuma conexão pôde ser feita porque a máquina de destino as recusou ativamente
2026-05-09 12:16:04,312 | WARNING | loader | Não foi possível buscar organização padrão: [WinError 10061] Nenhuma conexão pôde ser feita porque a máquina de destino as recusou ativamente
2026-05-09 12:16:06,357 | WARNING | loader | Não foi possível buscar organização padrão: [WinError 10061] Nenhuma conexão pôde ser feita porque a máquina de destino as recusou ativamente
2026-05-09 12:16:08,382 | WARNING | loader | Não foi possível buscar organização padrão: [WinError 10061] Nenhuma conexão pôde ser feita porque a máquina de destino as recusou ativamente
2026-05-09 12:21:48,978 | ERROR | loader | Erro no upsert de noticia link=https://defence-industry-space.ec.europa.eu/eu-defence-industry/european-defence-fund-edf-official-webpage-european-commission_es
Traceback (most recent call last):
  File "D:\Computational_Physics\My Projects\edital\CORE\loader.py", line 844, in inserir_ou_atualizar_conteudo
    res = supabase.table(table_name).upsert(row, on_conflict="link").execute()
          ^^^^^^^^^^^^^^^^^^^^^^^^^^^^^^^^^^^^^^^^^^^^^^^^^^^^^^^^^^^^^^^^^^^^
  File "D:\Computational_Physics\My Projects\edital\CORE\.venv\Lib\site-packages\postgrest\_sync\request_builder.py", line 53, in execute
    raise APIError(dict(json_obj))
postgrest.exceptions.APIError: {'message': "Could not find the 'orgao' column of 'noticia' in the schema cache", 'code': 'PGRST204', 'hint': None, 'details': None}
2026-05-09 12:21:49,180 | ERROR | loader | Erro no upsert de noticia link=https://defence-industry-space.ec.europa.eu/eu-defence-industry/european-defence-fund-edf-official-webpage-european-commission_cs
Traceback (most recent call last):
  File "D:\Computational_Physics\My Projects\edital\CORE\loader.py", line 844, in inserir_ou_atualizar_conteudo
    res = supabase.table(table_name).upsert(row, on_conflict="link").execute()
          ^^^^^^^^^^^^^^^^^^^^^^^^^^^^^^^^^^^^^^^^^^^^^^^^^^^^^^^^^^^^^^^^^^^^
  File "D:\Computational_Physics\My Projects\edital\CORE\.venv\Lib\site-packages\postgrest\_sync\request_builder.py", line 53, in execute
    raise APIError(dict(json_obj))
postgrest.exceptions.APIError: {'message': "Could not find the 'orgao' column of 'noticia' in the schema cache", 'code': 'PGRST204', 'hint': None, 'details': None}
2026-05-09 12:21:49,360 | ERROR | loader | Erro no upsert de noticia link=https://defence-industry-space.ec.europa.eu/eu-defence-industry/european-defence-fund-edf-official-webpage-european-commission_da
Traceback (most recent call last):
  File "D:\Computational_Physics\My Projects\edital\CORE\loader.py", line 844, in inserir_ou_atualizar_conteudo
    res = supabase.table(table_name).upsert(row, on_conflict="link").execute()
          ^^^^^^^^^^^^^^^^^^^^^^^^^^^^^^^^^^^^^^^^^^^^^^^^^^^^^^^^^^^^^^^^^^^^
  File "D:\Computational_Physics\My Projects\edital\CORE\.venv\Lib\site-packages\postgrest\_sync\request_builder.py", line 53, in execute
    raise APIError(dict(json_obj))
postgrest.exceptions.APIError: {'message': "Could not find the 'orgao' column of 'noticia' in the schema cache", 'code': 'PGRST204', 'hint': None, 'details': None}
2026-05-09 12:21:49,558 | ERROR | loader | Erro no upsert de noticia link=https://defence-industry-space.ec.europa.eu/eu-defence-industry/european-defence-fund-edf-official-webpage-european-commission_de
Traceback (most recent call last):
  File "D:\Computational_Physics\My Projects\edital\CORE\loader.py", line 844, in inserir_ou_atualizar_conteudo
    res = supabase.table(table_name).upsert(row, on_conflict="link").execute()
          ^^^^^^^^^^^^^^^^^^^^^^^^^^^^^^^^^^^^^^^^^^^^^^^^^^^^^^^^^^^^^^^^^^^^
  File "D:\Computational_Physics\My Projects\edital\CORE\.venv\Lib\site-packages\postgrest\_sync\request_builder.py", line 53, in execute
    raise APIError(dict(json_obj))
postgrest.exceptions.APIError: {'message': "Could not find the 'orgao' column of 'noticia' in the schema cache", 'code': 'PGRST204', 'hint': None, 'details': None}
2026-05-09 12:21:49,738 | ERROR | loader | Erro no upsert de noticia link=https://defence-industry-space.ec.europa.eu/eu-defence-industry/european-defence-fund-edf-official-webpage-european-commission_et
Traceback (most recent call last):
  File "D:\Computational_Physics\My Projects\edital\CORE\loader.py", line 844, in inserir_ou_atualizar_conteudo
    res = supabase.table(table_name).upsert(row, on_conflict="link").execute()
          ^^^^^^^^^^^^^^^^^^^^^^^^^^^^^^^^^^^^^^^^^^^^^^^^^^^^^^^^^^^^^^^^^^^^
  File "D:\Computational_Physics\My Projects\edital\CORE\.venv\Lib\site-packages\postgrest\_sync\request_builder.py", line 53, in execute
    raise APIError(dict(json_obj))
postgrest.exceptions.APIError: {'message': "Could not find the 'orgao' column of 'noticia' in the schema cache", 'code': 'PGRST204', 'hint': None, 'details': None}
2026-05-09 12:21:49,913 | ERROR | loader | Erro no upsert de noticia link=https://defence-industry-space.ec.europa.eu/eu-defence-industry/european-defence-fund-edf-official-webpage-european-commission_fr
Traceback (most recent call last):
  File "D:\Computational_Physics\My Projects\edital\CORE\loader.py", line 844, in inserir_ou_atualizar_conteudo
    res = supabase.table(table_name).upsert(row, on_conflict="link").execute()
          ^^^^^^^^^^^^^^^^^^^^^^^^^^^^^^^^^^^^^^^^^^^^^^^^^^^^^^^^^^^^^^^^^^^^
  File "D:\Computational_Physics\My Projects\edital\CORE\.venv\Lib\site-packages\postgrest\_sync\request_builder.py", line 53, in execute
    raise APIError(dict(json_obj))
postgrest.exceptions.APIError: {'message': "Could not find the 'orgao' column of 'noticia' in the schema cache", 'code': 'PGRST204', 'hint': None, 'details': None}
2026-05-09 12:21:50,094 | ERROR | loader | Erro no upsert de noticia link=https://defence-industry-space.ec.europa.eu/eu-defence-industry/european-defence-fund-edf-official-webpage-european-commission_it
Traceback (most recent call last):
  File "D:\Computational_Physics\My Projects\edital\CORE\loader.py", line 844, in inserir_ou_atualizar_conteudo
    res = supabase.table(table_name).upsert(row, on_conflict="link").execute()
          ^^^^^^^^^^^^^^^^^^^^^^^^^^^^^^^^^^^^^^^^^^^^^^^^^^^^^^^^^^^^^^^^^^^^
  File "D:\Computational_Physics\My Projects\edital\CORE\.venv\Lib\site-packages\postgrest\_sync\request_builder.py", line 53, in execute
    raise APIError(dict(json_obj))
postgrest.exceptions.APIError: {'message': "Could not find the 'orgao' column of 'noticia' in the schema cache", 'code': 'PGRST204', 'hint': None, 'details': None}
2026-05-09 12:21:50,259 | ERROR | loader | Erro no upsert de noticia link=https://defence-industry-space.ec.europa.eu/eu-defence-industry/european-defence-fund-edf-official-webpage-european-commission_lv
Traceback (most recent call last):
  File "D:\Computational_Physics\My Projects\edital\CORE\loader.py", line 844, in inserir_ou_atualizar_conteudo
    res = supabase.table(table_name).upsert(row, on_conflict="link").execute()
          ^^^^^^^^^^^^^^^^^^^^^^^^^^^^^^^^^^^^^^^^^^^^^^^^^^^^^^^^^^^^^^^^^^^^
  File "D:\Computational_Physics\My Projects\edital\CORE\.venv\Lib\site-packages\postgrest\_sync\request_builder.py", line 53, in execute
    raise APIError(dict(json_obj))
postgrest.exceptions.APIError: {'message': "Could not find the 'orgao' column of 'noticia' in the schema cache", 'code': 'PGRST204', 'hint': None, 'details': None}
2026-05-09 12:21:50,439 | ERROR | loader | Erro no upsert de noticia link=https://defence-industry-space.ec.europa.eu/eu-defence-industry/european-defence-fund-edf-official-webpage-european-commission_lt
Traceback (most recent call last):
  File "D:\Computational_Physics\My Projects\edital\CORE\loader.py", line 844, in inserir_ou_atualizar_conteudo
    res = supabase.table(table_name).upsert(row, on_conflict="link").execute()
          ^^^^^^^^^^^^^^^^^^^^^^^^^^^^^^^^^^^^^^^^^^^^^^^^^^^^^^^^^^^^^^^^^^^^
  File "D:\Computational_Physics\My Projects\edital\CORE\.venv\Lib\site-packages\postgrest\_sync\request_builder.py", line 53, in execute
    raise APIError(dict(json_obj))
postgrest.exceptions.APIError: {'message': "Could not find the 'orgao' column of 'noticia' in the schema cache", 'code': 'PGRST204', 'hint': None, 'details': None}
2026-05-09 12:21:50,615 | ERROR | loader | Erro no upsert de noticia link=https://defence-industry-space.ec.europa.eu/eu-defence-industry/european-defence-fund-edf-official-webpage-european-commission_hu
Traceback (most recent call last):
  File "D:\Computational_Physics\My Projects\edital\CORE\loader.py", line 844, in inserir_ou_atualizar_conteudo
    res = supabase.table(table_name).upsert(row, on_conflict="link").execute()
          ^^^^^^^^^^^^^^^^^^^^^^^^^^^^^^^^^^^^^^^^^^^^^^^^^^^^^^^^^^^^^^^^^^^^
  File "D:\Computational_Physics\My Projects\edital\CORE\.venv\Lib\site-packages\postgrest\_sync\request_builder.py", line 53, in execute
    raise APIError(dict(json_obj))
postgrest.exceptions.APIError: {'message': "Could not find the 'orgao' column of 'noticia' in the schema cache", 'code': 'PGRST204', 'hint': None, 'details': None}
2026-05-09 12:21:50,807 | ERROR | loader | Erro no upsert de noticia link=https://defence-industry-space.ec.europa.eu/eu-defence-industry/european-defence-fund-edf-official-webpage-european-commission_mt
Traceback (most recent call last):
  File "D:\Computational_Physics\My Projects\edital\CORE\loader.py", line 844, in inserir_ou_atualizar_conteudo
    res = supabase.table(table_name).upsert(row, on_conflict="link").execute()
          ^^^^^^^^^^^^^^^^^^^^^^^^^^^^^^^^^^^^^^^^^^^^^^^^^^^^^^^^^^^^^^^^^^^^
  File "D:\Computational_Physics\My Projects\edital\CORE\.venv\Lib\site-packages\postgrest\_sync\request_builder.py", line 53, in execute
    raise APIError(dict(json_obj))
postgrest.exceptions.APIError: {'message': "Could not find the 'orgao' column of 'noticia' in the schema cache", 'code': 'PGRST204', 'hint': None, 'details': None}
2026-05-09 12:21:50,979 | ERROR | loader | Erro no upsert de noticia link=https://defence-industry-space.ec.europa.eu/eu-defence-industry/european-defence-fund-edf-official-webpage-european-commission_nl
Traceback (most recent call last):
  File "D:\Computational_Physics\My Projects\edital\CORE\loader.py", line 844, in inserir_ou_atualizar_conteudo
    res = supabase.table(table_name).upsert(row, on_conflict="link").execute()
          ^^^^^^^^^^^^^^^^^^^^^^^^^^^^^^^^^^^^^^^^^^^^^^^^^^^^^^^^^^^^^^^^^^^^
  File "D:\Computational_Physics\My Projects\edital\CORE\.venv\Lib\site-packages\postgrest\_sync\request_builder.py", line 53, in execute
    raise APIError(dict(json_obj))
postgrest.exceptions.APIError: {'message': "Could not find the 'orgao' column of 'noticia' in the schema cache", 'code': 'PGRST204', 'hint': None, 'details': None}
2026-05-09 12:21:51,160 | ERROR | loader | Erro no upsert de noticia link=https://defence-industry-space.ec.europa.eu/eu-defence-industry/european-defence-fund-edf-official-webpage-european-commission_pl
Traceback (most recent call last):
  File "D:\Computational_Physics\My Projects\edital\CORE\loader.py", line 844, in inserir_ou_atualizar_conteudo
    res = supabase.table(table_name).upsert(row, on_conflict="link").execute()
          ^^^^^^^^^^^^^^^^^^^^^^^^^^^^^^^^^^^^^^^^^^^^^^^^^^^^^^^^^^^^^^^^^^^^
  File "D:\Computational_Physics\My Projects\edital\CORE\.venv\Lib\site-packages\postgrest\_sync\request_builder.py", line 53, in execute
    raise APIError(dict(json_obj))
postgrest.exceptions.APIError: {'message': "Could not find the 'orgao' column of 'noticia' in the schema cache", 'code': 'PGRST204', 'hint': None, 'details': None}
2026-05-09 12:21:51,337 | ERROR | loader | Erro no upsert de noticia link=https://defence-industry-space.ec.europa.eu/eu-defence-industry/european-defence-fund-edf-official-webpage-european-commission_ro
Traceback (most recent call last):
  File "D:\Computational_Physics\My Projects\edital\CORE\loader.py", line 844, in inserir_ou_atualizar_conteudo
    res = supabase.table(table_name).upsert(row, on_conflict="link").execute()
          ^^^^^^^^^^^^^^^^^^^^^^^^^^^^^^^^^^^^^^^^^^^^^^^^^^^^^^^^^^^^^^^^^^^^
  File "D:\Computational_Physics\My Projects\edital\CORE\.venv\Lib\site-packages\postgrest\_sync\request_builder.py", line 53, in execute
    raise APIError(dict(json_obj))
postgrest.exceptions.APIError: {'message': "Could not find the 'orgao' column of 'noticia' in the schema cache", 'code': 'PGRST204', 'hint': None, 'details': None}
2026-05-09 12:21:51,507 | ERROR | loader | Erro no upsert de noticia link=https://defence-industry-space.ec.europa.eu/eu-defence-industry/european-defence-fund-edf-official-webpage-european-commission_sl
Traceback (most recent call last):
  File "D:\Computational_Physics\My Projects\edital\CORE\loader.py", line 844, in inserir_ou_atualizar_conteudo
    res = supabase.table(table_name).upsert(row, on_conflict="link").execute()
          ^^^^^^^^^^^^^^^^^^^^^^^^^^^^^^^^^^^^^^^^^^^^^^^^^^^^^^^^^^^^^^^^^^^^
  File "D:\Computational_Physics\My Projects\edital\CORE\.venv\Lib\site-packages\postgrest\_sync\request_builder.py", line 53, in execute
    raise APIError(dict(json_obj))
postgrest.exceptions.APIError: {'message': "Could not find the 'orgao' column of 'noticia' in the schema cache", 'code': 'PGRST204', 'hint': None, 'details': None}
2026-05-09 12:21:51,679 | ERROR | loader | Erro no upsert de noticia link=https://defence-industry-space.ec.europa.eu/newsroom_en
Traceback (most recent call last):
  File "D:\Computational_Physics\My Projects\edital\CORE\loader.py", line 844, in inserir_ou_atualizar_conteudo
    res = supabase.table(table_name).upsert(row, on_conflict="link").execute()
          ^^^^^^^^^^^^^^^^^^^^^^^^^^^^^^^^^^^^^^^^^^^^^^^^^^^^^^^^^^^^^^^^^^^^
  File "D:\Computational_Physics\My Projects\edital\CORE\.venv\Lib\site-packages\postgrest\_sync\request_builder.py", line 53, in execute
    raise APIError(dict(json_obj))
postgrest.exceptions.APIError: {'message': "Could not find the 'orgao' column of 'noticia' in the schema cache", 'code': 'PGRST204', 'hint': None, 'details': None}
2026-05-09 12:22:22,776 | ERROR | loader | Erro no upsert de noticia link=https://defence-industry-space.ec.europa.eu/newsroom/press-inquiries_en
Traceback (most recent call last):
  File "D:\Computational_Physics\My Projects\edital\CORE\loader.py", line 844, in inserir_ou_atualizar_conteudo
    res = supabase.table(table_name).upsert(row, on_conflict="link").execute()
          ^^^^^^^^^^^^^^^^^^^^^^^^^^^^^^^^^^^^^^^^^^^^^^^^^^^^^^^^^^^^^^^^^^^^
  File "D:\Computational_Physics\My Projects\edital\CORE\.venv\Lib\site-packages\postgrest\_sync\request_builder.py", line 53, in execute
    raise APIError(dict(json_obj))
postgrest.exceptions.APIError: {'message': "Could not find the 'orgao' column of 'noticia' in the schema cache", 'code': 'PGRST204', 'hint': None, 'details': None}
2026-05-09 12:22:38,409 | ERROR | loader | Erro no upsert de noticia link=https://defence-industry-space.ec.europa.eu/eu-space/copernicus-earth-observation_en
Traceback (most recent call last):
  File "D:\Computational_Physics\My Projects\edital\CORE\loader.py", line 844, in inserir_ou_atualizar_conteudo
    res = supabase.table(table_name).upsert(row, on_conflict="link").execute()
          ^^^^^^^^^^^^^^^^^^^^^^^^^^^^^^^^^^^^^^^^^^^^^^^^^^^^^^^^^^^^^^^^^^^^
  File "D:\Computational_Physics\My Projects\edital\CORE\.venv\Lib\site-packages\postgrest\_sync\request_builder.py", line 53, in execute
    raise APIError(dict(json_obj))
postgrest.exceptions.APIError: {'message': "Could not find the 'orgao' column of 'noticia' in the schema cache", 'code': 'PGRST204', 'hint': None, 'details': None}
2026-05-09 12:22:38,591 | ERROR | loader | Erro no upsert de noticia link=https://defence-industry-space.ec.europa.eu/eu-space/egnos-satellite-navigation_en
Traceback (most recent call last):
  File "D:\Computational_Physics\My Projects\edital\CORE\loader.py", line 844, in inserir_ou_atualizar_conteudo
    res = supabase.table(table_name).upsert(row, on_conflict="link").execute()
          ^^^^^^^^^^^^^^^^^^^^^^^^^^^^^^^^^^^^^^^^^^^^^^^^^^^^^^^^^^^^^^^^^^^^
  File "D:\Computational_Physics\My Projects\edital\CORE\.venv\Lib\site-packages\postgrest\_sync\request_builder.py", line 53, in execute
    raise APIError(dict(json_obj))
postgrest.exceptions.APIError: {'message': "Could not find the 'orgao' column of 'noticia' in the schema cache", 'code': 'PGRST204', 'hint': None, 'details': None}
2026-05-09 12:29:19,019 | INFO | transformer | Transformer: excluido pelo opportunity_gate (Pagina de login ou autenticacao): https://ideas.esa.int/core/servlet/hype/IMT?documentTableId=6134754942840537570&userAction=Browse&templateName=&documentId=b6ce0c6165cf7cc8a8c0ebdd09ca6813
2026-05-09 12:29:24,640 | INFO | transformer | Transformer: excluido pelo opportunity_gate (Pagina de login ou autenticacao): https://esastar-publication-ext.sso.esa.int
2026-05-09 12:29:59,382 | INFO | transformer | Transformer: excluido pelo opportunity_gate (Pagina de login ou autenticacao): https://esastar-publication-ext.sso.esa.int
2026-05-09 12:29:59,608 | INFO | transformer | Transformer: excluido pelo opportunity_gate (Pagina de login ou autenticacao): https://ideas.esa.int/core/servlet/hype/IMT?documentTableId=6134754942840537570&userAction=Browse&templateName=&documentId=b6ce0c6165cf7cc8a8c0ebdd09ca6813
2026-05-09 12:32:11,394 | INFO | transformer | Transformer: excluido pelo opportunity_gate (Pagina de login ou autenticacao): https://ideas.esa.int/core/servlet/hype/IMT?documentTableId=6134754942840537570&userAction=Browse&templateName=&documentId=b6ce0c6165cf7cc8a8c0ebdd09ca6813
2026-05-09 12:32:18,034 | INFO | transformer | Transformer: excluido pelo opportunity_gate (Pagina de login ou autenticacao): https://esastar-publication-ext.sso.esa.int
2026-05-09 12:33:12,510 | INFO | transformer | Transformer: excluido pelo opportunity_gate (Pagina de login ou autenticacao): https://esastar-publication-ext.sso.esa.int
2026-05-09 12:33:12,777 | INFO | transformer | Transformer: excluido pelo opportunity_gate (Pagina de login ou autenticacao): https://ideas.esa.int/core/servlet/hype/IMT?documentTableId=6134754942840537570&userAction=Browse&templateName=&documentId=b6ce0c6165cf7cc8a8c0ebdd09ca6813
2026-05-09 12:33:41,165 | WARNING | loader | Tabela opcional indisponível: edital_anexo ([WinError 10061] Nenhuma conexão pôde ser feita porque a máquina de destino as recusou ativamente)
2026-05-09 12:33:43,210 | WARNING | loader | Tabela opcional indisponível: edital_extra_campo ([WinError 10061] Nenhuma conexão pôde ser feita porque a máquina de destino as recusou ativamente)
2026-05-09 12:33:45,259 | WARNING | loader | Tabela opcional indisponível: noticia ([WinError 10061] Nenhuma conexão pôde ser feita porque a máquina de destino as recusou ativamente)
2026-05-09 12:33:47,304 | WARNING | loader | Tabela opcional indisponível: pesquisa ([WinError 10061] Nenhuma conexão pôde ser feita porque a máquina de destino as recusou ativamente)
2026-05-09 12:34:32,895 | WARNING | loader | Tabela opcional indisponível: edital_anexo ([WinError 10061] Nenhuma conexão pôde ser feita porque a máquina de destino as recusou ativamente)
2026-05-09 12:34:34,940 | WARNING | loader | Tabela opcional indisponível: edital_extra_campo ([WinError 10061] Nenhuma conexão pôde ser feita porque a máquina de destino as recusou ativamente)
2026-05-09 12:34:36,990 | WARNING | loader | Tabela opcional indisponível: noticia ([WinError 10061] Nenhuma conexão pôde ser feita porque a máquina de destino as recusou ativamente)
2026-05-09 12:34:39,038 | WARNING | loader | Tabela opcional indisponível: pesquisa ([WinError 10061] Nenhuma conexão pôde ser feita porque a máquina de destino as recusou ativamente)
2026-05-09 12:34:41,098 | WARNING | loader | Não foi possível buscar organização padrão: [WinError 10061] Nenhuma conexão pôde ser feita porque a máquina de destino as recusou ativamente
2026-05-09 12:34:43,143 | WARNING | loader | Não foi possível buscar organização padrão: [WinError 10061] Nenhuma conexão pôde ser feita porque a máquina de destino as recusou ativamente
2026-05-09 12:34:45,195 | WARNING | loader | Não foi possível buscar organização padrão: [WinError 10061] Nenhuma conexão pôde ser feita porque a máquina de destino as recusou ativamente
2026-05-09 12:34:47,239 | WARNING | loader | Não foi possível buscar organização padrão: [WinError 10061] Nenhuma conexão pôde ser feita porque a máquina de destino as recusou ativamente
2026-05-09 12:34:49,279 | WARNING | loader | Não foi possível buscar organização padrão: [WinError 10061] Nenhuma conexão pôde ser feita porque a máquina de destino as recusou ativamente
2026-05-09 12:34:51,326 | WARNING | loader | Não foi possível buscar organização padrão: [WinError 10061] Nenhuma conexão pôde ser feita porque a máquina de destino as recusou ativamente
2026-05-09 12:34:53,370 | WARNING | loader | Não foi possível buscar organização padrão: [WinError 10061] Nenhuma conexão pôde ser feita porque a máquina de destino as recusou ativamente
2026-05-09 12:34:55,422 | WARNING | loader | Não foi possível buscar organização padrão: [WinError 10061] Nenhuma conexão pôde ser feita porque a máquina de destino as recusou ativamente
2026-05-09 12:34:57,453 | WARNING | loader | Não foi possível buscar organização padrão: [WinError 10061] Nenhuma conexão pôde ser feita porque a máquina de destino as recusou ativamente
2026-05-09 12:34:59,485 | WARNING | loader | Não foi possível buscar organização padrão: [WinError 10061] Nenhuma conexão pôde ser feita porque a máquina de destino as recusou ativamente
2026-05-09 12:35:01,536 | WARNING | loader | Não foi possível buscar organização padrão: [WinError 10061] Nenhuma conexão pôde ser feita porque a máquina de destino as recusou ativamente
2026-05-09 12:35:03,591 | WARNING | loader | Não foi possível buscar organização padrão: [WinError 10061] Nenhuma conexão pôde ser feita porque a máquina de destino as recusou ativamente
2026-05-09 12:35:05,622 | WARNING | loader | Não foi possível buscar organização padrão: [WinError 10061] Nenhuma conexão pôde ser feita porque a máquina de destino as recusou ativamente
2026-05-09 12:35:07,655 | WARNING | loader | Não foi possível buscar organização padrão: [WinError 10061] Nenhuma conexão pôde ser feita porque a máquina de destino as recusou ativamente
2026-05-09 12:35:09,688 | WARNING | loader | Não foi possível buscar organização padrão: [WinError 10061] Nenhuma conexão pôde ser feita porque a máquina de destino as recusou ativamente
2026-05-09 12:35:11,737 | WARNING | loader | Não foi possível buscar organização padrão: [WinError 10061] Nenhuma conexão pôde ser feita porque a máquina de destino as recusou ativamente
2026-05-09 12:35:13,800 | WARNING | loader | Não foi possível buscar organização padrão: [WinError 10061] Nenhuma conexão pôde ser feita porque a máquina de destino as recusou ativamente
2026-05-09 12:35:15,847 | WARNING | loader | Não foi possível buscar organização padrão: [WinError 10061] Nenhuma conexão pôde ser feita porque a máquina de destino as recusou ativamente
2026-05-09 12:35:17,895 | WARNING | loader | Não foi possível buscar organização padrão: [WinError 10061] Nenhuma conexão pôde ser feita porque a máquina de destino as recusou ativamente
2026-05-09 12:35:19,943 | WARNING | loader | Não foi possível buscar organização padrão: [WinError 10061] Nenhuma conexão pôde ser feita porque a máquina de destino as recusou ativamente
2026-05-09 12:35:21,990 | WARNING | loader | Não foi possível buscar organização padrão: [WinError 10061] Nenhuma conexão pôde ser feita porque a máquina de destino as recusou ativamente
2026-05-09 12:35:24,041 | WARNING | loader | Não foi possível buscar organização padrão: [WinError 10061] Nenhuma conexão pôde ser feita porque a máquina de destino as recusou ativamente
2026-05-09 12:35:26,090 | WARNING | loader | Não foi possível buscar organização padrão: [WinError 10061] Nenhuma conexão pôde ser feita porque a máquina de destino as recusou ativamente
2026-05-09 12:35:28,137 | WARNING | loader | Não foi possível buscar organização padrão: [WinError 10061] Nenhuma conexão pôde ser feita porque a máquina de destino as recusou ativamente
2026-05-09 12:35:30,184 | WARNING | loader | Não foi possível buscar organização padrão: [WinError 10061] Nenhuma conexão pôde ser feita porque a máquina de destino as recusou ativamente
2026-05-09 12:35:32,231 | WARNING | loader | Não foi possível buscar organização padrão: [WinError 10061] Nenhuma conexão pôde ser feita porque a máquina de destino as recusou ativamente
2026-05-09 12:35:34,278 | WARNING | loader | Não foi possível buscar organização padrão: [WinError 10061] Nenhuma conexão pôde ser feita porque a máquina de destino as recusou ativamente
2026-05-09 12:35:36,312 | WARNING | loader | Não foi possível buscar organização padrão: [WinError 10061] Nenhuma conexão pôde ser feita porque a máquina de destino as recusou ativamente
2026-05-09 12:35:38,356 | WARNING | loader | Não foi possível buscar organização padrão: [WinError 10061] Nenhuma conexão pôde ser feita porque a máquina de destino as recusou ativamente
2026-05-09 12:35:40,409 | WARNING | loader | Não foi possível buscar organização padrão: [WinError 10061] Nenhuma conexão pôde ser feita porque a máquina de destino as recusou ativamente
2026-05-09 12:35:42,443 | WARNING | loader | Não foi possível buscar organização padrão: [WinError 10061] Nenhuma conexão pôde ser feita porque a máquina de destino as recusou ativamente
2026-05-09 12:35:44,487 | WARNING | loader | Não foi possível buscar organização padrão: [WinError 10061] Nenhuma conexão pôde ser feita porque a máquina de destino as recusou ativamente
2026-05-09 12:35:46,535 | WARNING | loader | Não foi possível buscar organização padrão: [WinError 10061] Nenhuma conexão pôde ser feita porque a máquina de destino as recusou ativamente
2026-05-09 12:35:48,597 | WARNING | loader | Não foi possível buscar organização padrão: [WinError 10061] Nenhuma conexão pôde ser feita porque a máquina de destino as recusou ativamente
2026-05-09 12:35:50,646 | WARNING | loader | Não foi possível buscar organização padrão: [WinError 10061] Nenhuma conexão pôde ser feita porque a máquina de destino as recusou ativamente
2026-05-09 12:35:52,692 | WARNING | loader | Não foi possível buscar organização padrão: [WinError 10061] Nenhuma conexão pôde ser feita porque a máquina de destino as recusou ativamente
2026-05-09 12:35:54,757 | WARNING | loader | Não foi possível buscar organização padrão: [WinError 10061] Nenhuma conexão pôde ser feita porque a máquina de destino as recusou ativamente
2026-05-09 12:35:56,826 | WARNING | loader | Não foi possível buscar organização padrão: [WinError 10061] Nenhuma conexão pôde ser feita porque a máquina de destino as recusou ativamente
2026-05-09 12:35:58,863 | WARNING | loader | Não foi possível buscar organização padrão: [WinError 10061] Nenhuma conexão pôde ser feita porque a máquina de destino as recusou ativamente
2026-05-09 12:36:00,903 | WARNING | loader | Não foi possível buscar organização padrão: [WinError 10061] Nenhuma conexão pôde ser feita porque a máquina de destino as recusou ativamente
2026-05-09 12:36:02,942 | WARNING | loader | Não foi possível buscar organização padrão: [WinError 10061] Nenhuma conexão pôde ser feita porque a máquina de destino as recusou ativamente
2026-05-09 12:36:04,998 | WARNING | loader | Não foi possível buscar organização padrão: [WinError 10061] Nenhuma conexão pôde ser feita porque a máquina de destino as recusou ativamente
2026-05-09 12:36:07,045 | WARNING | loader | Não foi possível buscar organização padrão: [WinError 10061] Nenhuma conexão pôde ser feita porque a máquina de destino as recusou ativamente
2026-05-10 00:14:23,558 | INFO | loader | Tabela opcional disponível: edital_anexo
2026-05-10 00:14:24,021 | INFO | loader | Tabela opcional disponível: edital_extra_campo
2026-05-10 00:14:24,228 | INFO | loader | Tabela opcional disponível: noticia
2026-05-10 00:14:24,429 | INFO | loader | Tabela opcional disponível: pesquisa
2026-05-10 00:14:24,656 | INFO | loader | Usando organização ID: 11
2026-05-10 00:22:11,950 | INFO | loader | Tabela opcional disponível: edital_anexo
2026-05-10 00:22:12,177 | INFO | loader | Tabela opcional disponível: edital_extra_campo
2026-05-10 00:22:12,650 | INFO | loader | Tabela opcional disponível: noticia
2026-05-10 00:22:12,851 | INFO | loader | Tabela opcional disponível: pesquisa
2026-05-10 00:22:13,202 | INFO | loader | Usando organização ID: 11
2026-05-10 00:22:31,486 | INFO | loader | Tabela opcional disponível: edital_anexo
2026-05-10 00:22:31,748 | INFO | loader | Tabela opcional disponível: edital_extra_campo
2026-05-10 00:22:31,956 | INFO | loader | Tabela opcional disponível: noticia
2026-05-10 00:22:32,159 | INFO | loader | Tabela opcional disponível: pesquisa
2026-05-10 00:22:32,417 | INFO | loader | Usando organização ID: 11
2026-05-10 00:26:44,837 | INFO | loader | Tabela opcional disponível: edital_anexo
2026-05-10 00:26:45,035 | INFO | loader | Tabela opcional disponível: edital_extra_campo
2026-05-10 00:26:45,223 | INFO | loader | Tabela opcional disponível: noticia
2026-05-10 00:26:45,429 | INFO | loader | Tabela opcional disponível: pesquisa
2026-05-10 00:26:45,761 | INFO | loader | Usando organização ID: 11
2026-05-10 01:03:45,605 | INFO | transformer | Transformer: excluido pelo opportunity_gate (Relevancia limite: poucos sinais de oportunidade): https://www.sbir.gov/community/gafc
2026-05-10 01:03:45,605 | INFO | transformer | Transformer: excluido pelo opportunity_gate (Pontuacao abaixo do minimo (oportunidade nao evidenciada)): https://www.sbir.gov/topics/1012279
2026-05-10 01:03:45,605 | INFO | transformer | Transformer: excluido pelo opportunity_gate (Pontuacao abaixo do minimo (oportunidade nao evidenciada)): https://www.sbir.gov/topics/1012281
2026-05-10 01:03:45,605 | INFO | transformer | Transformer: excluido pelo opportunity_gate (Pontuacao abaixo do minimo (oportunidade nao evidenciada)): https://www.sbir.gov/topics/1012286
2026-05-10 01:03:45,605 | INFO | transformer | Transformer: excluido pelo opportunity_gate (Pontuacao abaixo do minimo (oportunidade nao evidenciada)): https://www.sbir.gov/topics/1012233
2026-05-10 01:03:45,605 | INFO | transformer | Transformer: excluido pelo opportunity_gate (Pontuacao abaixo do minimo (oportunidade nao evidenciada)): https://www.sbir.gov/topics/1012236
2026-05-10 01:03:45,605 | INFO | transformer | Transformer: excluido pelo opportunity_gate (Pontuacao abaixo do minimo (oportunidade nao evidenciada)): https://www.sbir.gov/topics/1012237
2026-05-10 01:03:55,177 | INFO | transformer | Transformer: excluido pelo opportunity_gate (Relevancia limite: poucos sinais de oportunidade): https://www.sbir.gov/community/gafc
2026-05-10 01:03:55,182 | INFO | transformer | Transformer: excluido pelo opportunity_gate (Pontuacao abaixo do minimo (oportunidade nao evidenciada)): https://www.sbir.gov/topics/1012279
2026-05-10 01:03:55,183 | INFO | transformer | Transformer: excluido pelo opportunity_gate (Pontuacao abaixo do minimo (oportunidade nao evidenciada)): https://www.sbir.gov/topics/1012281
2026-05-10 01:03:55,184 | INFO | transformer | Transformer: excluido pelo opportunity_gate (Pontuacao abaixo do minimo (oportunidade nao evidenciada)): https://www.sbir.gov/topics/1012286
2026-05-10 01:03:55,184 | INFO | transformer | Transformer: excluido pelo opportunity_gate (Pontuacao abaixo do minimo (oportunidade nao evidenciada)): https://www.sbir.gov/topics/1012233
2026-05-10 01:03:55,184 | INFO | transformer | Transformer: excluido pelo opportunity_gate (Pontuacao abaixo do minimo (oportunidade nao evidenciada)): https://www.sbir.gov/topics/1012236
2026-05-10 01:03:55,184 | INFO | transformer | Transformer: excluido pelo opportunity_gate (Pontuacao abaixo do minimo (oportunidade nao evidenciada)): https://www.sbir.gov/topics/1012237
2026-05-10 01:06:22,855 | INFO | transformer | Transformer: excluido pelo opportunity_gate (Pontuacao abaixo do minimo (oportunidade nao evidenciada)): https://www.sbir.gov/topics/1012257
2026-05-10 01:06:22,856 | INFO | transformer | Transformer: excluido pelo opportunity_gate (Pontuacao abaixo do minimo (oportunidade nao evidenciada)): https://www.sbir.gov/topics/1012248
2026-05-10 01:06:22,859 | INFO | transformer | Transformer: excluido pelo opportunity_gate (Pontuacao abaixo do minimo (oportunidade nao evidenciada)): https://www.sbir.gov/topics/1012246
2026-05-10 01:06:22,860 | INFO | transformer | Transformer: excluido pelo opportunity_gate (Pontuacao abaixo do minimo (oportunidade nao evidenciada)): https://www.sbir.gov/topics/1012232
2026-05-10 01:06:22,861 | INFO | transformer | Transformer: excluido pelo opportunity_gate (Pontuacao abaixo do minimo (oportunidade nao evidenciada)): https://www.sbir.gov/topics/1012228
2026-05-10 01:06:22,862 | INFO | transformer | Transformer: excluido pelo opportunity_gate (Pontuacao abaixo do minimo (oportunidade nao evidenciada)): https://www.sbir.gov/topics/1012279
2026-05-10 01:07:23,689 | INFO | transformer | Transformer: excluido pelo opportunity_gate (Pontuacao abaixo do minimo (oportunidade nao evidenciada)): https://www.sbir.gov/topics/1012257
2026-05-10 01:07:23,691 | INFO | transformer | Transformer: excluido pelo opportunity_gate (Pontuacao abaixo do minimo (oportunidade nao evidenciada)): https://www.sbir.gov/topics/1012248
2026-05-10 01:07:23,693 | INFO | transformer | Transformer: excluido pelo opportunity_gate (Pontuacao abaixo do minimo (oportunidade nao evidenciada)): https://www.sbir.gov/topics/1012246
2026-05-10 01:07:23,694 | INFO | transformer | Transformer: excluido pelo opportunity_gate (Pontuacao abaixo do minimo (oportunidade nao evidenciada)): https://www.sbir.gov/topics/1012232
2026-05-10 01:07:23,696 | INFO | transformer | Transformer: excluido pelo opportunity_gate (Pontuacao abaixo do minimo (oportunidade nao evidenciada)): https://www.sbir.gov/topics/1012228
2026-05-10 01:07:23,697 | INFO | transformer | Transformer: excluido pelo opportunity_gate (Pontuacao abaixo do minimo (oportunidade nao evidenciada)): https://www.sbir.gov/topics/1012279
2026-05-10 01:08:30,862 | INFO | transformer | Transformer: excluido pelo opportunity_gate (Pontuacao abaixo do minimo (oportunidade nao evidenciada)): https://www.sbir.gov/topics/1012257
2026-05-10 01:08:30,864 | INFO | transformer | Transformer: excluido pelo opportunity_gate (Pontuacao abaixo do minimo (oportunidade nao evidenciada)): https://www.sbir.gov/topics/1012248
2026-05-10 01:08:30,866 | INFO | transformer | Transformer: excluido pelo opportunity_gate (Pontuacao abaixo do minimo (oportunidade nao evidenciada)): https://www.sbir.gov/topics/1012246
2026-05-10 01:08:30,867 | INFO | transformer | Transformer: excluido pelo opportunity_gate (Pontuacao abaixo do minimo (oportunidade nao evidenciada)): https://www.sbir.gov/topics/1012232
2026-05-10 01:08:30,868 | INFO | transformer | Transformer: excluido pelo opportunity_gate (Pontuacao abaixo do minimo (oportunidade nao evidenciada)): https://www.sbir.gov/topics/1012228
2026-05-10 01:08:30,869 | INFO | transformer | Transformer: excluido pelo opportunity_gate (Pontuacao abaixo do minimo (oportunidade nao evidenciada)): https://www.sbir.gov/topics/1012279
2026-05-10 01:13:41,573 | INFO | transformer | Transformer: excluido pelo opportunity_gate (Pontuacao abaixo do minimo (oportunidade nao evidenciada)): https://www.sbir.gov/topics/1012257
2026-05-10 01:13:41,573 | INFO | transformer | Transformer: excluido pelo opportunity_gate (Pontuacao abaixo do minimo (oportunidade nao evidenciada)): https://www.sbir.gov/topics/1012248
2026-05-10 01:13:41,573 | INFO | transformer | Transformer: excluido pelo opportunity_gate (Pontuacao abaixo do minimo (oportunidade nao evidenciada)): https://www.sbir.gov/topics/1012246
2026-05-10 01:13:41,577 | INFO | transformer | Transformer: excluido pelo opportunity_gate (Pontuacao abaixo do minimo (oportunidade nao evidenciada)): https://www.sbir.gov/topics/1012232
2026-05-10 01:13:41,578 | INFO | transformer | Transformer: excluido pelo opportunity_gate (Pontuacao abaixo do minimo (oportunidade nao evidenciada)): https://www.sbir.gov/topics/1012228
2026-05-10 01:13:41,578 | INFO | transformer | Transformer: excluido pelo opportunity_gate (Pontuacao abaixo do minimo (oportunidade nao evidenciada)): https://www.sbir.gov/topics/1012279
2026-05-10 01:42:54,722 | INFO | loader | Tabela opcional disponível: edital_anexo
2026-05-10 01:42:54,932 | INFO | loader | Tabela opcional disponível: edital_extra_campo
2026-05-10 01:42:55,128 | INFO | loader | Tabela opcional disponível: noticia
2026-05-10 01:42:55,312 | INFO | loader | Tabela opcional disponível: pesquisa
2026-05-10 01:42:55,607 | INFO | loader | Usando organização ID: 11
2026-05-10 01:54:38,929 | INFO | loader | Tabela opcional disponível: edital_anexo
2026-05-10 01:54:39,109 | INFO | loader | Tabela opcional disponível: edital_extra_campo
2026-05-10 01:54:39,285 | INFO | loader | Tabela opcional disponível: noticia
2026-05-10 01:54:39,465 | INFO | loader | Tabela opcional disponível: pesquisa
2026-05-10 01:54:39,668 | INFO | loader | Usando organização ID: 11
2026-05-10 02:37:14,382 | INFO | loader | Tabela opcional disponível: edital_anexo
2026-05-10 02:37:14,581 | INFO | loader | Tabela opcional disponível: edital_extra_campo
2026-05-10 02:37:14,790 | INFO | loader | Tabela opcional disponível: noticia
2026-05-10 02:37:14,979 | INFO | loader | Tabela opcional disponível: pesquisa
2026-05-10 02:37:15,305 | INFO | loader | Usando organização ID: 11
2026-05-10 02:43:53,277 | INFO | loader | Tabela opcional disponível: edital_anexo
2026-05-10 02:43:53,469 | INFO | loader | Tabela opcional disponível: edital_extra_campo
2026-05-10 02:43:53,659 | INFO | loader | Tabela opcional disponível: noticia
2026-05-10 02:43:53,845 | INFO | loader | Tabela opcional disponível: pesquisa
2026-05-10 02:43:54,055 | INFO | loader | Usando organização ID: 11
2026-05-10 03:16:55,620 | INFO | loader | Tabela opcional disponível: edital_anexo
2026-05-10 03:16:55,811 | INFO | loader | Tabela opcional disponível: edital_extra_campo
2026-05-10 03:16:56,022 | INFO | loader | Tabela opcional disponível: noticia
2026-05-10 03:16:56,208 | INFO | loader | Tabela opcional disponível: pesquisa
2026-05-10 03:16:56,410 | INFO | loader | Usando organização ID: 11
2026-05-10 03:26:20,798 | INFO | loader | Tabela opcional disponível: edital_anexo
2026-05-10 03:26:20,989 | INFO | loader | Tabela opcional disponível: edital_extra_campo
2026-05-10 03:26:21,178 | INFO | loader | Tabela opcional disponível: noticia
2026-05-10 03:26:21,370 | INFO | loader | Tabela opcional disponível: pesquisa
2026-05-10 03:26:21,571 | INFO | loader | Usando organização ID: 11
2026-05-10 03:55:29,954 | WARNING | transformer | PDF não baixado ou vazio: https://www.nuclep.gov.br/index.php/sites/default/files/2024-10/codigo-de-conduta-e-integridade.pdf
2026-05-10 03:55:50,281 | INFO | loader | Tabela opcional disponível: edital_anexo
2026-05-10 03:55:50,487 | INFO | loader | Tabela opcional disponível: edital_extra_campo
2026-05-10 03:55:50,686 | INFO | loader | Tabela opcional disponível: noticia
2026-05-10 03:55:50,885 | INFO | loader | Tabela opcional disponível: pesquisa
2026-05-10 03:55:51,084 | INFO | loader | Usando organização ID: 11
2026-05-10 04:00:48,983 | INFO | loader | Tabela opcional disponível: edital_anexo
2026-05-10 04:00:49,160 | INFO | loader | Tabela opcional disponível: edital_extra_campo
2026-05-10 04:00:49,381 | INFO | loader | Tabela opcional disponível: noticia
2026-05-10 04:00:49,550 | INFO | loader | Tabela opcional disponível: pesquisa
2026-05-10 04:00:49,740 | INFO | loader | Usando organização ID: 11
2026-05-10 04:28:10,060 | INFO | loader | Tabela opcional disponível: edital_anexo
2026-05-10 04:28:10,572 | INFO | loader | Tabela opcional disponível: edital_extra_campo
2026-05-10 04:28:10,775 | INFO | loader | Tabela opcional disponível: noticia
2026-05-10 04:28:10,983 | INFO | loader | Tabela opcional disponível: pesquisa
2026-05-10 04:28:11,194 | INFO | loader | Usando organização ID: 11
2026-05-10 04:29:14,880 | INFO | loader | Tabela opcional disponível: edital_anexo
2026-05-10 04:29:15,045 | INFO | loader | Tabela opcional disponível: edital_extra_campo
2026-05-10 04:29:15,291 | INFO | loader | Tabela opcional disponível: noticia
2026-05-10 04:29:15,597 | INFO | loader | Tabela opcional disponível: pesquisa
2026-05-10 04:29:15,802 | INFO | loader | Usando organização ID: 11
2026-05-10 04:32:08,451 | INFO | loader | Tabela opcional disponível: edital_anexo
2026-05-10 04:32:08,654 | INFO | loader | Tabela opcional disponível: edital_extra_campo
2026-05-10 04:32:08,864 | INFO | loader | Tabela opcional disponível: noticia
2026-05-10 04:32:09,080 | INFO | loader | Tabela opcional disponível: pesquisa
2026-05-10 04:32:09,343 | INFO | loader | Usando organização ID: 11
2026-05-10 04:44:00,651 | INFO | loader | Tabela opcional disponível: edital_anexo
2026-05-10 04:44:00,862 | INFO | loader | Tabela opcional disponível: edital_extra_campo
2026-05-10 04:44:01,169 | INFO | loader | Tabela opcional disponível: noticia
2026-05-10 04:44:01,378 | INFO | loader | Tabela opcional disponível: pesquisa
2026-05-10 04:44:01,878 | INFO | loader | Usando organização ID: 11
2026-05-10 05:26:18,938 | INFO | transformer | Transformer: excluido pelo opportunity_gate (Pontuacao abaixo do minimo (oportunidade nao evidenciada)): https://www.gd.com/our-businesses/aerospace
2026-05-10 05:26:27,907 | INFO | transformer | Transformer: excluido pelo opportunity_gate (Relevancia limite: poucos sinais de oportunidade): https://www.gdls.com/wp-content/uploads/2025/12/Eng-SCM-MANUALSCM046-rev11.pdf
2026-05-10 05:26:27,907 | INFO | transformer | Transformer: excluido pelo opportunity_gate (Pontuacao abaixo do minimo (oportunidade nao evidenciada)): https://app.gdls.com/supplieronboarding/index.jsp
2026-05-10 05:26:27,908 | INFO | transformer | Transformer: excluido pelo opportunity_gate (Pontuacao abaixo do minimo (oportunidade nao evidenciada)): https://www.gdls.com/cdn-cgi/l/email-protection
2026-05-10 05:27:22,500 | INFO | transformer | Transformer: excluido pelo opportunity_gate (Relevancia limite: poucos sinais de oportunidade): https://www.lockheedmartin.com/en-us/capabilities/space.html
2026-05-10 05:32:27,508 | INFO | loader | Tabela opcional disponível: edital_anexo
2026-05-10 05:32:27,711 | INFO | loader | Tabela opcional disponível: edital_extra_campo
2026-05-10 05:32:27,952 | INFO | loader | Tabela opcional disponível: noticia
2026-05-10 05:32:28,234 | INFO | loader | Tabela opcional disponível: pesquisa
2026-05-10 05:32:28,429 | INFO | loader | Usando organização ID: 11
2026-05-10 05:39:50,738 | INFO | transformer | Transformer: excluido pelo opportunity_gate (Pontuacao abaixo do minimo (oportunidade nao evidenciada)): https://www.gd.com/our-businesses/aerospace
2026-05-10 05:39:58,767 | INFO | transformer | Transformer: excluido pelo opportunity_gate (Relevancia limite: poucos sinais de oportunidade): https://www.gdls.com/wp-content/uploads/2025/12/Eng-SCM-MANUALSCM046-rev11.pdf
2026-05-10 05:39:58,768 | INFO | transformer | Transformer: excluido pelo opportunity_gate (Pontuacao abaixo do minimo (oportunidade nao evidenciada)): https://app.gdls.com/supplieronboarding/index.jsp
2026-05-10 05:39:58,768 | INFO | transformer | Transformer: excluido pelo opportunity_gate (Pontuacao abaixo do minimo (oportunidade nao evidenciada)): https://www.gdls.com/cdn-cgi/l/email-protection
2026-05-10 05:40:52,469 | INFO | transformer | Transformer: excluido pelo opportunity_gate (Relevancia limite: poucos sinais de oportunidade): https://www.lockheedmartin.com/en-us/capabilities/space.html
2026-05-10 05:45:32,723 | INFO | loader | Tabela opcional disponível: edital_anexo
2026-05-10 05:45:32,923 | INFO | loader | Tabela opcional disponível: edital_extra_campo
2026-05-10 05:45:33,137 | INFO | loader | Tabela opcional disponível: noticia
2026-05-10 05:45:33,349 | INFO | loader | Tabela opcional disponível: pesquisa
2026-05-10 05:45:33,540 | INFO | loader | Usando organização ID: 11
2026-05-10 06:06:08,885 | INFO | transformer | Transformer: excluido pelo opportunity_gate (Relevancia limite: poucos sinais de oportunidade): https://www.gdls.com/wp-content/uploads/2025/12/Eng-SCM-MANUALSCM046-rev11.pdf
2026-05-10 06:09:47,952 | INFO | transformer | Transformer: excluido pelo opportunity_gate (Pontuacao abaixo do minimo (oportunidade nao evidenciada)): https://www.lockheedmartin.com/en-us/suppliers/news/features/2026/mbe-playbook.html
2026-05-10 06:10:05,079 | INFO | transformer | Transformer: excluido pelo opportunity_gate (Pontuacao abaixo do minimo (oportunidade nao evidenciada)): https://www.lockheedmartin.com/en-us/suppliers/news/features/2026/csco-message.html
2026-05-10 06:11:44,264 | INFO | loader | Tabela opcional disponível: edital_anexo
2026-05-10 06:11:44,465 | INFO | loader | Tabela opcional disponível: edital_extra_campo
2026-05-10 06:11:44,678 | INFO | loader | Tabela opcional disponível: noticia
2026-05-10 06:11:44,886 | INFO | loader | Tabela opcional disponível: pesquisa
2026-05-10 06:11:45,090 | INFO | loader | Usando organização ID: 11
2026-05-10 18:43:06,094 | INFO | loader | Tabela opcional disponível: edital_anexo
2026-05-10 18:43:06,307 | INFO | loader | Tabela opcional disponível: edital_extra_campo
2026-05-10 18:43:06,551 | INFO | loader | Tabela opcional disponível: noticia
2026-05-10 18:43:06,790 | INFO | loader | Tabela opcional disponível: pesquisa
2026-05-10 18:43:07,093 | INFO | loader | Usando organização ID: 11
2026-05-10 19:07:28,915 | INFO | transformer | Transformer: excluido pelo opportunity_gate (Relevancia limite: poucos sinais de oportunidade): https://www.gdls.com/wp-content/uploads/2025/12/Eng-SCM-MANUALSCM046-rev11.pdf
2026-05-10 19:11:17,910 | INFO | transformer | Transformer: excluido pelo opportunity_gate (Pontuacao abaixo do minimo (oportunidade nao evidenciada)): https://www.lockheedmartin.com/en-us/suppliers/news/features/2026/mbe-playbook.html
2026-05-10 19:11:37,595 | INFO | transformer | Transformer: excluido pelo opportunity_gate (Pontuacao abaixo do minimo (oportunidade nao evidenciada)): https://www.lockheedmartin.com/en-us/suppliers/news/features/2026/csco-message.html
2026-05-10 19:13:15,038 | INFO | loader | Tabela opcional disponível: edital_anexo
2026-05-10 19:13:15,220 | INFO | loader | Tabela opcional disponível: edital_extra_campo
2026-05-10 19:13:15,787 | INFO | loader | Tabela opcional disponível: noticia
2026-05-10 19:13:15,993 | INFO | loader | Tabela opcional disponível: pesquisa
2026-05-10 19:13:16,248 | WARNING | loader | Não foi possível buscar organização padrão: {'message': "Could not find the table 'public.organizacao' in the schema cache", 'code': 'PGRST205', 'hint': "Perhaps you meant the table 'public.carga_execucao'", 'details': None}
2026-05-10 19:13:16,418 | WARNING | loader | Não foi possível buscar organização padrão: {'message': "Could not find the table 'public.organizacao' in the schema cache", 'code': 'PGRST205', 'hint': "Perhaps you meant the table 'public.carga_execucao'", 'details': None}
2026-05-10 19:13:16,603 | WARNING | loader | Não foi possível buscar organização padrão: {'message': "Could not find the table 'public.organizacao' in the schema cache", 'code': 'PGRST205', 'hint': "Perhaps you meant the table 'public.carga_execucao'", 'details': None}
2026-05-10 19:13:16,806 | WARNING | loader | Não foi possível buscar organização padrão: {'message': "Could not find the table 'public.organizacao' in the schema cache", 'code': 'PGRST205', 'hint': "Perhaps you meant the table 'public.carga_execucao'", 'details': None}
2026-05-10 19:13:16,976 | WARNING | loader | Não foi possível buscar organização padrão: {'message': "Could not find the table 'public.organizacao' in the schema cache", 'code': 'PGRST205', 'hint': "Perhaps you meant the table 'public.carga_execucao'", 'details': None}
2026-05-10 19:13:17,222 | WARNING | loader | Não foi possível buscar organização padrão: {'message': "Could not find the table 'public.organizacao' in the schema cache", 'code': 'PGRST205', 'hint': "Perhaps you meant the table 'public.carga_execucao'", 'details': None}
2026-05-10 19:13:17,426 | WARNING | loader | Não foi possível buscar organização padrão: {'message': "Could not find the table 'public.organizacao' in the schema cache", 'code': 'PGRST205', 'hint': "Perhaps you meant the table 'public.carga_execucao'", 'details': None}
2026-05-10 19:13:17,632 | WARNING | loader | Não foi possível buscar organização padrão: {'message': "Could not find the table 'public.organizacao' in the schema cache", 'code': 'PGRST205', 'hint': "Perhaps you meant the table 'public.carga_execucao'", 'details': None}
2026-05-10 19:13:17,806 | WARNING | loader | Não foi possível buscar organização padrão: {'message': "Could not find the table 'public.organizacao' in the schema cache", 'code': 'PGRST205', 'hint': "Perhaps you meant the table 'public.carga_execucao'", 'details': None}
2026-05-10 19:13:18,038 | WARNING | loader | Não foi possível buscar organização padrão: {'message': "Could not find the table 'public.organizacao' in the schema cache", 'code': 'PGRST205', 'hint': "Perhaps you meant the table 'public.carga_execucao'", 'details': None}
2026-05-10 19:13:18,348 | WARNING | loader | Não foi possível buscar organização padrão: {'message': "Could not find the table 'public.organizacao' in the schema cache", 'code': 'PGRST205', 'hint': "Perhaps you meant the table 'public.carga_execucao'", 'details': None}
2026-05-10 19:13:18,607 | WARNING | loader | Não foi possível buscar organização padrão: {'message': "Could not find the table 'public.organizacao' in the schema cache", 'code': 'PGRST205', 'hint': "Perhaps you meant the table 'public.carga_execucao'", 'details': None}
2026-05-10 19:13:18,862 | WARNING | loader | Não foi possível buscar organização padrão: {'message': "Could not find the table 'public.organizacao' in the schema cache", 'code': 'PGRST205', 'hint': "Perhaps you meant the table 'public.carga_execucao'", 'details': None}
2026-05-10 19:13:19,063 | WARNING | loader | Não foi possível buscar organização padrão: {'message': "Could not find the table 'public.organizacao' in the schema cache", 'code': 'PGRST205', 'hint': "Perhaps you meant the table 'public.carga_execucao'", 'details': None}
2026-05-10 19:13:19,269 | WARNING | loader | Não foi possível buscar organização padrão: {'message': "Could not find the table 'public.organizacao' in the schema cache", 'code': 'PGRST205', 'hint': "Perhaps you meant the table 'public.carga_execucao'", 'details': None}
2026-05-10 19:13:19,459 | WARNING | loader | Não foi possível buscar organização padrão: {'message': "Could not find the table 'public.organizacao' in the schema cache", 'code': 'PGRST205', 'hint': "Perhaps you meant the table 'public.carga_execucao'", 'details': None}
2026-05-10 19:13:19,679 | WARNING | loader | Não foi possível buscar organização padrão: {'message': "Could not find the table 'public.organizacao' in the schema cache", 'code': 'PGRST205', 'hint': "Perhaps you meant the table 'public.carga_execucao'", 'details': None}
2026-05-10 19:13:19,857 | WARNING | loader | Não foi possível buscar organização padrão: {'message': "Could not find the table 'public.organizacao' in the schema cache", 'code': 'PGRST205', 'hint': "Perhaps you meant the table 'public.carga_execucao'", 'details': None}
